<?xml version="1.0"?>
<data version="3.0" time="2024-06-30 09:15:57" type="post" filename="b000000012.xml">
  <open_time>0000-00-00</open_time>
  <close_time>0000-00-00</close_time>
  <lang_name>Big5</lang_name>
  <board_id>1001162649</board_id>
  <node>000000012</node>
  <site>1000110001</site>
  <pt>2022-10-14 17:48:01</pt>
  <poster>11027147</poster>
  <realname>&#x90B1;&#x5CFB;&#x5F65;  </realname>
  <email>jim97503@gmail.com</email>
  <homepage>  </homepage>
  <subject>120. &#x8209;&#x4F8B;&#x8AAA;&#x660E;&#x4F7F;&#x7528;&#x96D9;&#x5411;&#x93C8;&#x7D50;&#x4E32;&#x5217;doubly linked list&#x7684;&#x60C5;&#x5883;&#x3002; </subject>
  <content>&lt;p&gt;&#x7576;&#x8655;&#x7406;&#x4E00;&#x7FA4;&#x8CC7;&#x6599;&#x9700;&#x8981;&#x8655;&#x7406;&#x5B8C;&#x6700;&#x5F8C;&#x4E00;&#x500B;&#x5F8C;&#x53C8;&#x8981;&#x8DD1;&#x5230;&#x7B2C;&#x4E00;&#x500B;&#x505A;&#x8655;&#x7406;&#x6642;&#xFF0C;&#x6216;&#x662F;&#x7B2C;&#x4E00;&#x500B;&#x8CC7;&#x6599;&#x8655;&#x7406;&#x5B8C;&#x5C31;&#x8981;&#x8DD1;&#x5230;&#x6700;&#x5F8C;&#x4E00;&#x500B;&#x8CC7;&#x6599;&#x53BB;&#x505A;&#x8655;&#x7406;&#xFF0C;&#x9019;&#x7A2E;&#x60C5;&#x6CC1;&#x53EF;&#x4EE5;&#x4F7F;&#x7528;&#x96D9;&#x5411;&#x93C8;&#x7D50;&#x4E32;&#x5217;&#x4F86;&#x505A;&#xFF0C;&#x628A;&#x8CC7;&#x6599;&#x9023;&#x7D50;&#x6210;&#x4E00;&#x500B;&#x74B0;&#x3002;&lt;/p&gt;&#xD;
&#xD;
&lt;p&gt;&#x8209;&#x4F8B;&#x4F86;&#x8AAA;&#xFF0C;&#x5982;&#x679C;&#x8981;&#x7BA1;&#x7406;&#x6469;&#x5929;&#x8F2A;&#x6BCF;&#x4E00;&#x7BC0;&#x8ECA;&#x5EC2;&#x7684;&#x4E58;&#x5BA2;&#x6578;&#x91CF;&#x4E0A;&#x9650;&#xFF0C;&#x662F;&#x5426;&#x8981;&#x958B;&#x95DC;&#x9580;&#xFF0C;&#x6216;&#x662F;&#x8981;&#x505C;&#x7528;(delete)&#x9019;&#x7BC0;&#x8ECA;&#x5EC2;&#x53CA;&#x91CD;&#x555F;(insert)&#x9019;&#x7BC0;&#x8ECA;&#x5EC2;&#x7B49;&#x7B49;&#x3002;&#x5C31;&#x53EF;&#x4EE5;&#x4F7F;&#x7528;&#x96D9;&#x5411;&#x93C8;&#x7D50;&#x4E32;&#x5217;&#x4F86;&#x505A;&#xFF0C;&#x56E0;&#x70BA;&#x6BCF;&#x4E00;&#x7BC0;&#x8ECA;&#x5EC2;&#x90FD;&#x662F;&#x9023;&#x7D50;&#x8457;&#x4E0A;&#x4E00;&#x7BC0;&#x8ECA;&#x5EC2;&#x4E5F;&#x9023;&#x7D50;&#x8457;&#x4E0B;&#x4E00;&#x7BC0;&#x8ECA;&#x5EC2;&#xFF0C;&#x5982;&#x6B64;&#x4E00;&#x4F86;&#x96D9;&#x5411;&#x93C8;&#x7D50;&#x4E32;&#x5217;&#x6703;&#x6BD4;&#x55AE;&#x5411;&#x93C8;&#x7D50;&#x4E32;&#x5217;&#x66F4;&#x9069;&#x5408;&#x9019;&#x6A23;&#x7684;&#x8CC7;&#x6599;&#x8655;&#x7406;&#x60C5;&#x5883;&#x3002;&lt;/p&gt; </content>
  <attach></attach>
  <rcount></rcount>
  <rank></rank>
  <hit>49</hit>
  <lang>1</lang>
</data>
