<?xml version="1.0"?>
<data version="3.0" time="2024-06-30 09:15:57" type="post" filename="b000000003.xml">
  <open_time>0000-00-00</open_time>
  <close_time>0000-00-00</close_time>
  <lang_name>Big5</lang_name>
  <board_id>1001162649</board_id>
  <node>000000003</node>
  <site>1000110001</site>
  <pt>2022-10-07 22:40:21</pt>
  <poster>11027129</poster>
  <realname>&#x5289;&#x5B97;&#x5D34;  </realname>
  <email>wilson41587@gmail.com</email>
  <homepage>  </homepage>
  <subject>116. &#x5C07;&#x5F8C;&#x5E8F;&#x5F0F;postfix&#x8F49;&#x524D;&#x5E8F;&#x5F0F;prefix&#xFF0C;&#x4E26;&#x8A73;&#x8FF0;&#x6B65;&#x9A5F;&#x3002;* a b + c * d e + f * + w z + * </subject>
  <content>&lt;p&gt;&#x5F8C;&#x5E8F;&#x8868;&#x793A;&#x6CD5;:&amp;lt;&#x904B;&#x7B97;&#x5143;&amp;gt;&amp;lt;&#x904B;&#x7B97;&#x5143;&amp;gt;&amp;lt;&#x904B;&#x7B97;&#x5B50;&amp;gt;&lt;/p&gt;&#xD;
&#xD;
&lt;p&gt;&#x524D;&#x5E8F;&#x8868;&#x793A;&#x6CD5;:&amp;lt;&#x904B;&#x7B97;&#x5B50;&amp;gt;&amp;lt;&#x904B;&#x7B97;&#x5143;&amp;gt;&amp;lt;&#x904B;&#x7B97;&#x5143;&amp;gt;&lt;/p&gt;&#xD;
&#xD;
&lt;p&gt;&#x5F8C;&#x5E8F;&#x8F49;&#x524D;&#x5E8F;:&lt;/p&gt;&#xD;
&#xD;
&lt;p&gt;&lt;img alt="&#x958B;&#x555F;&#x76F8;&#x7247;" src="https://scontent.ftpe11-2.fna.fbcdn.net/v/t1.15752-9/310084410_471057511647108_7426877758651200359_n.jpg?stp=dst-jpg_p206x206&amp;amp;_nc_cat=103&amp;amp;ccb=1-7&amp;amp;_nc_sid=aee45a&amp;amp;_nc_ohc=2c0fQy1jZ5EAX_Bi2Z9&amp;amp;_nc_ht=scontent.ftpe11-2.fna&amp;amp;oh=03_AVJM_xvlc7sBN_Bgpzg_ml2zPNq7ACiKa0NPUAT0AZQ0Mg&amp;amp;oe=6363F78C" /&gt;&lt;/p&gt; </content>
  <attach></attach>
  <rcount></rcount>
  <rank></rank>
  <hit>48</hit>
  <lang>1</lang>
</data>
