<?xml version="1.0"?>
<data version="3.0" time="2024-06-30 09:15:57" type="post" filename="b000000009000000004.xml">
  <open_time>0000-00-00</open_time>
  <close_time>0000-00-00</close_time>
  <lang_name>Big5</lang_name>
  <board_id>1001162649</board_id>
  <node>000000009000000004</node>
  <site>1000110001</site>
  <pt>2022-10-12 21:44:07</pt>
  <poster>11027159</poster>
  <realname>&#x912D;&#x6B23;&#x55AC;  </realname>
  <email>chiau091@gmail.com</email>
  <homepage>  </homepage>
  <subject>Re: 120. &#x8209;&#x4F8B;&#x8AAA;&#x660E;&#x4F7F;&#x7528;&#x96D9;&#x5411;&#x93C8;&#x7D50;&#x4E32;&#x5217;doubly linked list&#x7684;&#x60C5;&#x5883;  </subject>
  <content>&lt;p&gt;&#x8209;&#x4F8B;&#x5F97;&#x5F88;&#x597D;&lt;/p&gt; </content>
  <attach></attach>
  <rcount></rcount>
  <rank></rank>
  <hit>1</hit>
  <lang>1</lang>
</data>
