<?xml version="1.0"?>
<data version="3.0" time="2024-06-30 09:15:57" type="post" filename="b000000013000000002.xml">
  <open_time>0000-00-00</open_time>
  <close_time>0000-00-00</close_time>
  <lang_name>Big5</lang_name>
  <board_id>1001162649</board_id>
  <node>000000013000000002</node>
  <site>1000110001</site>
  <pt>2022-10-16 22:43:04</pt>
  <poster>11027145</poster>
  <realname>&#x9EC3;&#x88D5;&#x7FD4;  </realname>
  <email>shsp10008@gmail.com</email>
  <homepage>  </homepage>
  <subject>Re: 116. &#x5C07;&#x5F8C;&#x5E8F;&#x5F0F;postfix&#x8F49;&#x524D;&#x5E8F;&#x5F0F;prefix&#xFF0C;&#x4E26;&#x8A73;&#x8FF0;&#x6B65;&#x9A5F;&#x3002;  </subject>
  <content>&lt;p&gt;&#x8B9A;&#x5594;~ &#x8AAA;&#x7684;&#x5F88;&#x68D2;&lt;/p&gt; </content>
  <attach></attach>
  <rcount></rcount>
  <rank></rank>
  <hit>1</hit>
  <lang>1</lang>
</data>
