<?xml version="1.0"?>
<data version="3.0" time="2024-06-30 09:15:57" type="post" filename="b000000002.xml">
  <open_time>0000-00-00</open_time>
  <close_time>0000-00-00</close_time>
  <lang_name>Big5</lang_name>
  <board_id>1001162649</board_id>
  <node>000000002</node>
  <site>1000110001</site>
  <pt>2022-10-07 17:21:55</pt>
  <poster>11027119</poster>
  <realname>&#x79E6;&#x5609;&#x6607;  </realname>
  <email>c20021219@gmail.com</email>
  <homepage>  </homepage>
  <subject>119. &#x5BEB;C++&#x7A0B;&#x5F0F;&#x78BC;&#x8AAA;&#x660E;&#x522A;&#x9664;&#x93C8;&#x7D50;&#x4E32;&#x5217;linked list&#x7B2C;3&#x500B;&#x7BC0;&#x9EDE;&#x3002; </subject>
  <content>&lt;p&gt;&#x5EFA;&#x7ACB;&#x4E00;&#x500B;linked list&#x8207;&#x4E09;&#x500B;&#x7BC0;&#x9EDE;&#xFF0C;&#x4E26;&#x7528;num&#x4F86;&#x8868;&#x793A;&#x90A3;&#x500B;&#x7BC0;&#x9EDE;&#x70BA;&#x7B2C;&#x5E7E;&#x500B;&#x7BC0;&#x9EDE;&lt;/p&gt;&#xD;
&#xD;
&lt;p&gt;&#x904B;&#x7528;delete&#x522A;&#x9664;&#x7BC0;&#x9EDE;&lt;/p&gt;&#xD;
&#xD;
&lt;p&gt;&lt;img alt="" src="/user/1/1/11027119/images/%E8%9E%A2%E5%B9%95%E6%93%B7%E5%8F%96%E7%95%AB%E9%9D%A2%202022-10-07%20171809.png" style="height:1020px; width:1480px" /&gt;&lt;/p&gt; </content>
  <attach></attach>
  <rcount></rcount>
  <rank></rank>
  <hit>60</hit>
  <lang>1</lang>
</data>
