<?xml version="1.0"?>
<data version="3.0" time="2024-06-30 09:15:57" type="post" filename="b000000011.xml">
  <open_time>0000-00-00</open_time>
  <close_time>0000-00-00</close_time>
  <lang_name>Big5</lang_name>
  <board_id>1001162649</board_id>
  <node>000000011</node>
  <site>1000110001</site>
  <pt>2022-10-14 00:42:04</pt>
  <poster>11027149</poster>
  <realname>&#x6E38;&#x5A55;&#x6B46;  </realname>
  <email>xin090918@gmail.com</email>
  <homepage> </homepage>
  <subject>118. &#x4EE4;ptrX&#x6307;&#x5411;&#x93C8;&#x7D50;&#x4E32;&#x5217;&#x7684;&#x7BC0;&#x9EDE;&#xFF0C;&#x6BD4;&#x8F03;ptrX = ptrX-&amp;gt;next&#x548C;ptrX-&amp;gt;next = ptrX&#x7684;&#x5DEE;&#x7570;&#x3002; </subject>
  <content>&lt;p&gt;ptrX=prtX-&amp;gt;next;&lt;/p&gt;&#xD;
&#xD;
&lt;p&gt;&#x76EE;&#x524D;&#x6307;&#x6A19;(ptrX)&#x6307;&#x5411;&#x76EE;&#x524D;&#x7684;&#x4E0B;&#x4E00;&#x7B46;&#x8CC7;&#x6599;&#x3002;&lt;/p&gt;&#xD;
&#xD;
&lt;p&gt;ptrX-&amp;gt;next=ptrX;&lt;/p&gt;&#xD;
&#xD;
&lt;p&gt;&#x6307;&#x6A19;&#x6307;&#x5411;&#x81EA;&#x5DF1;&#xFF0C;&#x5982;&#x679C;&#x6307;&#x6A19;&#x6703;&#x4E00;&#x76F4;&#x6307;&#x5411;&#x81EA;&#x5DF1;&#xFF0C;&#x53EF;&#x80FD;&#x6703;&#x8B93;&#x93C8;&#x7D50;&#x932F;&#x8AA4;&#xFF0C;&#x8DD1;&#x8FF4;&#x5708;&#x6642;&#x53EF;&#x80FD;&#x6703;&#x9047;&#x5230;&#x7121;&#x7AAE;&#x8FF4;&#x5708;&#x3002;&lt;/p&gt;</content>
  <attach></attach>
  <rcount></rcount>
  <rank></rank>
  <hit>33</hit>
  <lang>1</lang>
</data>
