<?xml version="1.0"?>
<data version="3.0" time="2024-06-30 09:15:57" type="post" filename="b000000010.xml">
  <open_time>0000-00-00</open_time>
  <close_time>0000-00-00</close_time>
  <lang_name>Big5</lang_name>
  <board_id>1001162649</board_id>
  <node>000000010</node>
  <site>1000110001</site>
  <pt>2022-10-12 21:49:16</pt>
  <poster>11027159</poster>
  <realname>&#x912D;&#x6B23;&#x55AC;  </realname>
  <email>chiau091@gmail.com</email>
  <homepage>  </homepage>
  <subject>118. &#x4EE4;ptrX&#x6307;&#x5411;&#x93C8;&#x7D50;&#x4E32;&#x5217;&#x7684;&#x7BC0;&#x9EDE;&#xFF0C;&#x6BD4;&#x8F03;ptrX = ptrX-&amp;gt;next&#x548C;ptrX-&amp;gt;next = ptrX&#x7684;&#x5DEE;&#x7570;&#x3002; </subject>
  <content>&lt;p&gt;ptrX = ptrX-&amp;gt;next&lt;/p&gt;&#xD;
&#xD;
&lt;p&gt;&#x5C07;ptrX &#x6307;&#x5411; ptrX -&amp;gt; next ; &#x4E5F;&#x5C31;&#x662F;&#x5C07;&#x6307;&#x6A19;&#x6307;&#x5411;&#x4E0B;&#x4E00;&#x500B;&#x4F4D;&#x7F6E;&#x53BB;&lt;/p&gt;&#xD;
&#xD;
&lt;p&gt;ptrX-&amp;gt;next = ptrX&lt;/p&gt;&#xD;
&#xD;
&lt;p&gt;&#x5C07;ptrX -&amp;gt; next &#x6307;&#x5411; ptrX ; &#x6307;&#x6A19;&#x539F;&#x672C;&#x8981;&#x6307;&#x5230;&#x4E0B;&#x4E00;&#x500B;&#x4F4D;&#x7F6E;(NULL&#x6216;&#x662F;&#x4E0B;&#x4E00;&#x500B;ptr)&#x7684;&#x6307;&#x6A19;&#x6307;&#x5230;&#x4E86;&#x81EA;&#x5DF1;&#x8EAB;&#x4E0A;&#xFF0C;&#x5C31;&#x6703;&#x8B93;&#x93C8;&#x7D50;&#x65B7;&#x88C2;&#xFF0C;&#x6703;&#x7522;&#x751F;&#x4E0D;&#x77E5;&#x540D;&#x7684;bug&lt;/p&gt; </content>
  <attach></attach>
  <rcount></rcount>
  <rank></rank>
  <hit>28</hit>
  <lang>1</lang>
</data>
