<?xml version="1.0"?>
<data version="3.0" time="2024-06-30 09:15:57" type="post" filename="b000000007000000002.xml">
  <open_time>0000-00-00</open_time>
  <close_time>0000-00-00</close_time>
  <lang_name>Big5</lang_name>
  <board_id>1001162649</board_id>
  <node>000000007000000002</node>
  <site>1000110001</site>
  <pt>2022-10-11 23:06:58</pt>
  <poster>11027111</poster>
  <realname>&#x984F;&#x9091;&#x5C91;  </realname>
  <email>22692amy@gmail.com</email>
  <homepage>  </homepage>
  <subject>Re: 117. &#x5BEB;C++&#x7A0B;&#x5F0F;&#x78BC;&#x8AAA;&#x660E;&#x50B3;&#x5740;&#x547C;&#x53EB;call by address&#x3002;  </subject>
  <content>&lt;p&gt;&#x518D;&#x8DDF;&#x4E4B;&#x524D;&#x7684;call_by_value&#x505A;&#x5C0D;&#x6BD4;&#x5C31;&#x66F4;&#x6E05;&#x695A;&#x5B83;&#x5011;&#x5404;&#x81EA;&#x7684;&#x4F5C;&#x7528;&#x6027;&#x4E86; &#x8B9A;&#x5594;!&lt;/p&gt; </content>
  <attach></attach>
  <rcount></rcount>
  <rank></rank>
  <hit>1</hit>
  <lang>1</lang>
</data>
