<?xml version="1.0"?>
<data version="3.0" time="2024-06-30 09:15:57" type="post" filename="b000000019.xml">
  <open_time>0000-00-00</open_time>
  <close_time>0000-00-00</close_time>
  <lang_name>Big5</lang_name>
  <board_id>1001162649</board_id>
  <node>000000019</node>
  <site>1000110001</site>
  <pt>2022-10-18 19:41:10</pt>
  <poster>11027110</poster>
  <realname>&#x912D;&#x53C8;&#x92A8;  </realname>
  <email>andy20030602@gmail.com</email>
  <homepage>  </homepage>
  <subject>118. &#x4EE4;ptrX&#x6307;&#x5411;&#x93C8;&#x7D50;&#x4E32;&#x5217;&#x7684;&#x7BC0;&#x9EDE;&#xFF0C;&#x6BD4;&#x8F03;ptrX = ptrX-&amp;gt;next&#x548C;ptrX-&amp;gt;next = ptrX&#x7684;&#x5DEE;&#x7570;&#x3002; </subject>
  <content>&lt;p&gt;ptrX = ptrX-&amp;gt;next&#x662F;&#x6307;&#x8B93;ptrX&#x6307;&#x5411;next&#x6307;&#x5411;&#x7684;&#x8CC7;&#x6599;&#x3002;&lt;/p&gt;&#xD;
&#xD;
&lt;p&gt;ptrX-&amp;gt;next = ptrX&#x662F;&#x6307;&#x5C07;ptrX&#x6307;&#x5411;&#x81EA;&#x5DF1;&#xFF0C;&#x9019;&#x7A2E;&#x5BEB;&#x6CD5;&#x53EF;&#x80FD;&#x6703;&#x5C0E;&#x81F4;&#x7A0B;&#x5F0F;&#x932F;&#x8AA4;&#x3002;&lt;/p&gt; </content>
  <attach></attach>
  <rcount></rcount>
  <rank></rank>
  <hit>16</hit>
  <lang>1</lang>
</data>
