<?xml version="1.0"?>
<data version="3.0" time="2024-06-30 09:15:57" type="post" filename="b000000005000000001.xml">
  <open_time>0000-00-00</open_time>
  <close_time>0000-00-00</close_time>
  <lang_name>Big5</lang_name>
  <board_id>1001162649</board_id>
  <node>000000005000000001</node>
  <site>1000110001</site>
  <pt>2022-10-09 22:42:35</pt>
  <poster>11813</poster>
  <realname>&#x5433;&#x5B9C;&#x9D3B;  </realname>
  <email>yhwu@cycu.edu.tw</email>
  <homepage>https://www.researchgate.net/profile/Yi-Hung-Wu-2  </homepage>
  <subject>Re: 117. &#x5BEB;C++&#x7A0B;&#x5F0F;&#x78BC;&#x8AAA;&#x660E;&#x50B3;&#x5740;&#x547C;&#x53EB;call by address&#x3002;  </subject>
  <content>&lt;p&gt;&lt;span style="color:#b22222"&gt;&#x5C1A;&#x53EF;&#xFF0C;&#x82E5;&#x5C07;&#x51FD;&#x5F0F;&#x5167;&#x7684;num&#x503C;&#x4E5F;&#x5370;&#x51FA;&#x6703;&#x66F4;&#x6E05;&#x695A;&#x5B8C;&#x6574;&#x3002;&lt;/span&gt;&lt;/p&gt;&#xD;
&#xD;
&lt;p&gt;&lt;span style="color:#0000cd"&gt;&lt;strong&gt;&#x5728;&#x57F7;&#x884C;&#x7A0B;&#x5F0F;&#x4E4B;&#x524D;&#xFF0C;&#x4E0D;&#x59A8;&#x5148;&#x601D;&#x8003;&#x51FD;&#x5F0F;&#x5167;&#x7684;num&#x503C;&#x61C9;&#x8A72;&#x70BA;&#x4F55;&#xFF1F;&lt;/strong&gt;&lt;/span&gt;&lt;/p&gt; </content>
  <attach></attach>
  <rcount></rcount>
  <rank></rank>
  <hit>1</hit>
  <lang>1</lang>
</data>
