<?xml version="1.0"?>
<data version="3.0" time="2024-06-30 09:15:57" type="post" filename="b000000012000000002.xml">
  <open_time>0000-00-00</open_time>
  <close_time>0000-00-00</close_time>
  <lang_name>Big5</lang_name>
  <board_id>1001162649</board_id>
  <node>000000012000000002</node>
  <site>1000110001</site>
  <pt>2022-10-21 13:22:06</pt>
  <poster>11813</poster>
  <realname>&#x5433;&#x5B9C;&#x9D3B;  </realname>
  <email>yhwu@cycu.edu.tw</email>
  <homepage>https://www.researchgate.net/profile/Yi-Hung-Wu-2  </homepage>
  <subject>Re: 120. &#x8209;&#x4F8B;&#x8AAA;&#x660E;&#x4F7F;&#x7528;&#x96D9;&#x5411;&#x93C8;&#x7D50;&#x4E32;&#x5217;doubly linked list&#x7684;&#x60C5;&#x5883;&#x3002;  </subject>
  <content>&lt;p&gt;&lt;span style="color:#b22222"&gt;&amp;quot;&#x7B2C;&#x4E00;&#x500B;&#x8CC7;&#x6599;&#x8655;&#x7406;&#x5B8C;&#x5C31;&#x8981;&#x8DD1;&#x5230;&#x6700;&#x5F8C;&#x4E00;&#x500B;&#x8CC7;&#x6599;&amp;quot;&lt;/span&gt;&lt;/p&gt;&#xD;
&#xD;
&lt;p&gt;&lt;span style="color:#b22222"&gt;&#x53EA;&#x7528;doubly linked list&#x9084;&#x4E0D;&#x5920;&#xFF0C;&#x53EF;&#x80FD;&#x9084;&#x8981;&#x518D;&#x52A0;&#x4E0A;&#x74B0;&#x72C0;circular list&#x624D;&#x6BD4;&#x8F03;&#x6709;&#x6548;&#x7387;&#x3002;&lt;/span&gt;&lt;/p&gt; </content>
  <attach></attach>
  <rcount></rcount>
  <rank></rank>
  <hit>1</hit>
  <lang>1</lang>
</data>
