<?xml version="1.0"?>
<data version="3.0" time="2024-06-30 09:15:57" type="post" filename="b000000007.xml">
  <open_time>0000-00-00</open_time>
  <close_time>0000-00-00</close_time>
  <lang_name>Big5</lang_name>
  <board_id>1001162649</board_id>
  <node>000000007</node>
  <site>1000110001</site>
  <pt>2022-10-11 22:36:12</pt>
  <poster>11027109</poster>
  <realname>&#x5433;&#x6600;&#x851A;  </realname>
  <email>wing222430@gmail.com</email>
  <homepage> </homepage>
  <subject>117. &#x5BEB;C++&#x7A0B;&#x5F0F;&#x78BC;&#x8AAA;&#x660E;&#x50B3;&#x5740;&#x547C;&#x53EB;call by address&#x3002; </subject>
  <content>&lt;p&gt;&#x4EE5;&#x4E0B;&#x9664;&#x4E86;call by address &#x4E4B;&#x5916;&#x9084;&#x6709;call by reference &#xFF0C;&#x4F9B;&#x5927;&#x5BB6;&#x53C3;&#x8003;&#x3002;&lt;/p&gt;&#xD;
&#xD;
&lt;p&gt;&#x4E0A;&#x6B21;&#x554F;&#x7B54;&#x7684;call by value &#x662F; &#x4E3B;&#x526F;&#x7A0B;&#x5F0F;&#x7684;&#x8B8A;&#x6578;&#x8A18;&#x61B6;&#x9AD4;&#x4F4D;&#x7F6E;&#x4E0D;&#x540C;&#xFF0C;&#x4E14;&#x547C;&#x53EB;function&#x5F8C;&#x4E0D;&#x5F71;&#x97FF;&#x539F;&#x503C;&#x3002;&lt;/p&gt;&#xD;
&#xD;
&lt;p&gt;call by address&amp;nbsp;&#x662F;&#x547C;&#x53EB;function&#x4EE5;&#x5F8C;&#x4E3B;&#x7A0B;&#x5F0F;&#x7684;&#x503C;&#x6703;&#x88AB;&#x6539;&#x8B8A;&#xFF0C;&#x4F46;function&#x4E2D;&#x8B8A;&#x6578;&#x7684;&#x8A18;&#x61B6;&#x9AD4;&#x4F4D;&#x7F6E;&#x4ECD;&#x4E0D;&#x540C;&#x3002;&amp;nbsp;&lt;/p&gt;&#xD;
&#xD;
&lt;p&gt;call by reference &#x662F;&#x547C;&#x53EB;function&#x4EE5;&#x5F8C;&#x4E3B;&#x7A0B;&#x5F0F;&#x7684;&#x503C;&#x6703;&#x88AB;&#x6539;&#x8B8A;&#xFF0C;&#x4E14;&amp;nbsp;&#x8A18;&#x61B6;&#x9AD4;&#x4F4D;&#x7F6E;&#x76F8;&#x540C;&#x3002;&lt;/p&gt;&#xD;
&#xD;
&lt;p&gt;&lt;img alt="" src="/user/1/1/11027109/images/2022-10-11%20%2811%29.png" style="height:821px; width:1011px" /&gt;&lt;img alt="" src="/user/1/1/11027109/images/2022-10-11%20%2812%29.png" /&gt;&lt;/p&gt;</content>
  <attach></attach>
  <rcount></rcount>
  <rank></rank>
  <hit>46</hit>
  <lang>1</lang>
</data>
