<?xml version="1.0"?>
<data version="3.0" time="2024-06-30 09:15:57" type="post" filename="b000000017.xml">
  <open_time>0000-00-00</open_time>
  <close_time>0000-00-00</close_time>
  <lang_name>Big5</lang_name>
  <board_id>1001162649</board_id>
  <node>000000017</node>
  <site>1000110001</site>
  <pt>2022-10-18 02:41:02</pt>
  <poster>11027101</poster>
  <realname>&#x674E;&#x5EAD;&#x59A4;  </realname>
  <email>timi920714@gmail.com</email>
  <homepage>  </homepage>
  <subject>118. &#x4EE4;ptrX&#x6307;&#x5411;&#x93C8;&#x7D50;&#x4E32;&#x5217;&#x7684;&#x7BC0;&#x9EDE;&#xFF0C;&#x6BD4;&#x8F03;ptrX = ptrX-&amp;gt;next&#x548C;ptrX-&amp;gt;next = ptrX&#x7684;&#x5DEE;&#x7570;&#x3002; </subject>
  <content>&lt;p&gt;1.ptrX = ptrX-&amp;gt;next&lt;/p&gt;&#xD;
&#xD;
&lt;p&gt;ptrX &#x6703;&#x6307;&#x5411;ptrX &#x7684;&#x4E0B;&#x4E00;&#x7B46;&#x8CC7;&#x6599; &#xFF0C;ptrX &#x6703;&#x6307;&#x5411;&amp;nbsp;ptrX-&amp;gt;next &#x6240;&#x6307;&#x5411;&#x7684;&#x4F4D;&#x7F6E;&#x3002;&lt;/p&gt;&#xD;
&#xD;
&lt;p&gt;2.ptrX-&amp;gt;next = ptrX&lt;/p&gt;&#xD;
&#xD;
&lt;p&gt;ptrX-&amp;gt;next &#x6703;&#x6307;&#x5411; ptrX &#x6240;&#x6307;&#x5411;&#x7684;&#x4F4D;&#x7F6E;&#xFF0C;ptrX &#x6240;&#x6307;&#x5411;&#x7684;&#x4F4D;&#x7F6E;&#x6703;&#x8907;&#x88FD;&#x7D66;&amp;nbsp;ptrX-&amp;gt;next&lt;/p&gt;&#xD;
&#xD;
&lt;p&gt;&lt;img alt="" src="/user/1/1/11027101/images/ds%E9%99%90%E6%99%82%E6%90%B6%E7%AD%94118jpg" style="height:1009px; width:1000px" /&gt;&lt;/p&gt; </content>
  <attach></attach>
  <rcount></rcount>
  <rank></rank>
  <hit>29</hit>
  <lang>1</lang>
</data>
