<?xml version="1.0"?>
<data version="3.0" time="2024-06-30 09:15:57" type="post" filename="b000000008.xml">
  <open_time>0000-00-00</open_time>
  <close_time>0000-00-00</close_time>
  <lang_name>Big5</lang_name>
  <board_id>1001162649</board_id>
  <node>000000008</node>
  <site>1000110001</site>
  <pt>2022-10-12 01:59:42</pt>
  <poster>11027142</poster>
  <realname>&#x6797;&#x8559;&#x90C1;  </realname>
  <email>tiffanylin0914@gmail.com</email>
  <homepage>  </homepage>
  <subject>118. &#x4EE4;ptrX&#x6307;&#x5411;&#x93C8;&#x7D50;&#x4E32;&#x5217;&#x7684;&#x7BC0;&#x9EDE;&#xFF0C;&#x6BD4;&#x8F03;ptrX = ptrX-&amp;gt;next&#x548C;ptrX-&amp;gt;next = ptrX&#x7684;&#x5DEE;&#x7570;&#x3002; </subject>
  <content>&lt;p&gt;ptrX=prtX-&amp;gt;next&lt;/p&gt;&#xD;
&#xD;
&lt;p&gt;&#x662F;&#x6307;&#x5411;&#x76EE;&#x524D;&#x6307;&#x6A19;&#xFF08;ptrX&#xFF09;&#x7684;&#x4E0B;&#x4E00;&#x500B;&#x6307;&#x6A19;&#xFF0C;&#x4E5F;&#x53EF;&#x4EE5;&#x8AAA;&#x662F;ptrX&#x9019;&#x9805;&#x8CC7;&#x6599;&#x7684;&#x4E0B;&#x4E00;&#x7B46;&#x8CC7;&#x6599;&#x3002;&lt;/p&gt;&#xD;
&#xD;
&lt;p&gt;ptrX-&amp;gt;next=ptrX&amp;nbsp;&lt;/p&gt;&#xD;
&#xD;
&lt;p&gt;&#x662F;&#x6307;&#x5411;&#x81EA;&#x5DF1;&#xFF0C;&#x6240;&#x4EE5;&#x5982;&#x679C;&#x4E00;&#x76F4;&#x6307;&#x5230;&#x81EA;&#x5DF1;&#x7684;&#x8A71;&#xFF0C;&#x518D;&#x8DD1;&#x8FF4;&#x5708;&#x7684;&#x6642;&#x5019;&#x6709;&#x53EF;&#x80FD;&#x6703;&#x56E0;&#x70BA;&#x627E;&#x4E0D;&#x5230;NULL&#xFF08;&#x6216;&#x6700;&#x5F8C;&#x4E00;&#x7B46;&#x8CC7;&#x6599;&#xFF09;&#x800C;&#x8DD1;&#x7121;&#x7AAE;&#x8FF4;&#x5708;&#x3002;&lt;/p&gt; </content>
  <attach></attach>
  <rcount></rcount>
  <rank></rank>
  <hit>37</hit>
  <lang>1</lang>
</data>
