<?xml version="1.0"?>
<data version="3.0" time="2024-06-30 09:15:57" type="post" filename="b000000008000000003.xml">
  <open_time>0000-00-00</open_time>
  <close_time>0000-00-00</close_time>
  <lang_name>Big5</lang_name>
  <board_id>1001162649</board_id>
  <node>000000008000000003</node>
  <site>1000110001</site>
  <pt>2022-10-12 17:52:39</pt>
  <poster>11027122</poster>
  <realname>&#x9673;&#x67CF;&#x5B87;  </realname>
  <email>99588albert@gmail.com</email>
  <homepage>  </homepage>
  <subject>Re: 118. &#x4EE4;ptrX&#x6307;&#x5411;&#x93C8;&#x7D50;&#x4E32;&#x5217;&#x7684;&#x7BC0;&#x9EDE;&#xFF0C;&#x6BD4;&#x8F03;ptrX = ptrX-&amp;gt;next&#x548C;ptrX-&amp;gt;next = ptrX&#x7684;&#x5DEE;&#x7570;&#x3002;  </subject>
  <content>&lt;p&gt;&#x8D85;&#x8B9A;&#xFF0C;&#x4E94;&#x661F;&#x597D;&#x8A55; &#x2605;&#x2605;&#x2605;&#x2605;&#x2605;&lt;/p&gt; </content>
  <attach></attach>
  <rcount></rcount>
  <rank></rank>
  <hit>1</hit>
  <lang>1</lang>
</data>
