<?xml version="1.0"?>
<data version="3.0" time="2024-06-30 09:15:57" type="post" filename="b000000006.xml">
  <open_time>0000-00-00</open_time>
  <close_time>0000-00-00</close_time>
  <lang_name>Big5</lang_name>
  <board_id>1001162649</board_id>
  <node>000000006</node>
  <site>1000110001</site>
  <pt>2022-10-11 14:14:43</pt>
  <poster>11027131</poster>
  <realname>&#x674E;&#x8679;&#x6600;  </realname>
  <email>lhy1x37@gmail.com</email>
  <homepage> </homepage>
  <subject>116. &#x5C07;&#x5F8C;&#x5E8F;&#x5F0F;postfix&#x8F49;&#x524D;&#x5E8F;&#x5F0F;prefix&#xFF0C;&#x4E26;&#x8A73;&#x8FF0;&#x6B65;&#x9A5F;&#x3002;* a b + c * d e + f * + w z + * </subject>
  <content>&lt;p&gt;&#x5F8C;&#x5E8F;&#x8F49;&#x524D;&#x5E8F;&#x5C31;&#x662F;&#x628A;&#x683C;&#x5F0F;&#x5F9E;&#x300C;&#x904B;&#x7B97;&#x5143;&#x3001;&#x904B;&#x7B97;&#x5143;&#x3001;&#x904B;&#x7B97;&#x5B50;&#x300D;&#x8F49;&#x6210;&#x300C;&#x904B;&#x7B97;&#x5B50;&#x3001;&#x904B;&#x7B97;&#x5143;&#x3001;&#x904B;&#x7B97;&#x5143;&#x300D;&lt;/p&gt;&#xD;
&#xD;
&lt;p&gt;&#x5148;&#x5C07;&#x5F8C;&#x5E8F;&#x300C;&#x904B;&#x7B97;&#x5143;&#x3001;&#x904B;&#x7B97;&#x5143;&#x3001;&#x904B;&#x7B97;&#x5B50;&#x300D;&#x8F49;&#x6210;&#x4E2D;&#x5E8F;&#x300C;&#x904B;&#x7B97;&#x5143;&#x3001;&#x904B;&#x7B97;&#x5B50;&#x3001;&#x904B;&#x7B97;&#x5143;&#x300D;&lt;br /&gt;&#xD;
a b + c * d e + f * + w z + *&lt;br /&gt;&#xD;
(a b +) c * (d e +) f * + (w z +) *&lt;br /&gt;&#xD;
(a + b) c * (d + e) f * + (w + z) *&lt;br /&gt;&#xD;
[(a + b) c *] [(d + e) f *] + (w + z) *&lt;br /&gt;&#xD;
[(a + b) * c] [(d + e) * f] + (w + z) *&lt;br /&gt;&#xD;
{[(a + b) * c] [(d + e) * f] +} (w + z) *&lt;br /&gt;&#xD;
{[(a + b) * c] + [(d + e) * f]} (w + z) *&lt;br /&gt;&#xD;
{[(a + b) * c] + [(d + e) * f]} * (w + z)&lt;/p&gt;&#xD;
&#xD;
&lt;p&gt;&#x518D;&#x5C07;&#x4E2D;&#x5E8F;&#x300C;&#x904B;&#x7B97;&#x5143;&#x3001;&#x904B;&#x7B97;&#x5B50;&#x3001;&#x904B;&#x7B97;&#x5143;&#x300D;&#x8F49;&#x6210;&#x524D;&#x5E8F;&#x300C;&#x904B;&#x7B97;&#x5B50;&#x3001;&#x904B;&#x7B97;&#x5143;&#x3001;&#x904B;&#x7B97;&#x5143;&#x300D;&lt;br /&gt;&#xD;
{[(a + b) * c] + [(d + e) * f]} * (w + z)&lt;br /&gt;&#xD;
* {[(a + b) * c] + [(d + e) * f]} (w + z)&lt;br /&gt;&#xD;
* + [(a + b) * c] [(d + e) * f] (w + z)&lt;br /&gt;&#xD;
* + * (a + b) c * (d + e) f (w + z)&lt;br /&gt;&#xD;
* + * + a b c * + d e f + w z&lt;/p&gt;</content>
  <attach></attach>
  <rcount></rcount>
  <rank></rank>
  <hit>39</hit>
  <lang>1</lang>
</data>
