<?xml version="1.0"?>
<data version="3.0" time="2024-06-30 09:15:57" type="post" filename="b000000018.xml">
  <open_time>0000-00-00</open_time>
  <close_time>0000-00-00</close_time>
  <lang_name>Big5</lang_name>
  <board_id>1001162649</board_id>
  <node>000000018</node>
  <site>1000110001</site>
  <pt>2022-10-18 16:27:07</pt>
  <poster>11027102</poster>
  <realname>&#x4EC7;&#x701A;&#x6176;  </realname>
  <email>tim1357929@gmail.com</email>
  <homepage> </homepage>
  <subject>118. &#x4EE4;ptrX&#x6307;&#x5411;&#x93C8;&#x7D50;&#x4E32;&#x5217;&#x7684;&#x7BC0;&#x9EDE;&#xFF0C;&#x6BD4;&#x8F03;ptrX = ptrX-&amp;gt;next&#x548C;ptrX-&amp;gt;next = ptrX&#x7684;&#x5DEE;&#x7570;&#x3002; </subject>
  <content>&lt;p&gt;&amp;nbsp;ptrX = ptrX-&amp;gt;next &#x662F;&#x6307;&#x5C07;&#x7576;&#x524D;&#x7684;&#x7BC0;&#x9EDE;&#x6307;&#x5411;&#x7576;&#x524D;&#x7BC0;&#x9EDE;&#x4E4B;&#x5F8C;&#x7684;&#x4E0B;&#x4E00;&#x500B;&#x7BC0;&#x9EDE;&#x3002;&lt;/p&gt;&#xD;
&#xD;
&lt;p&gt;&amp;nbsp;&#x800C;&amp;nbsp;ptrx -&amp;gt; next = ptrX &#x662F;&#x6307;&#x6307;&#x56DE;&#x539F;&#x672C;&#x7684;&#x7BC0;&#x9EDE;&#xFF0C;&#x9019;&#x5F88;&#x6709;&#x53EF;&#x80FD;&#x6703;&#x9020;&#x6210;&#x7121;&#x7AAE;&#x8FF4;&#x5708;&#x3002;&lt;/p&gt;</content>
  <attach></attach>
  <rcount></rcount>
  <rank></rank>
  <hit>21</hit>
  <lang>1</lang>
</data>
