<?xml version="1.0"?>
<data version="3.0" time="2024-06-30 09:11:24" type="post" filename="b000000009.xml">
  <open_time>0000-00-00</open_time>
  <close_time>0000-00-00</close_time>
  <lang_name>Big5</lang_name>
  <board_id>1001296419</board_id>
  <node>000000009</node>
  <site>1000110001</site>
  <pt>2023-10-10 08:18:08</pt>
  <poster>11127126</poster>
  <realname>&#x9EC3;&#x67CF;&#x5BE7;  </realname>
  <email>kevinqwer666@gmail.com</email>
  <homepage> </homepage>
  <subject>111 </subject>
  <content>&lt;p&gt;&#x984C;&#x76EE;: 111.&#x5BEB;&#x51FA;C++&#x7A0B;&#x5F0F;&#x78BC;&#x8AAA;&#x660E;&#x50B3;&#x503C;&#x547C;&#x53EB;call by value&lt;/p&gt;&#xD;
&#xD;
&lt;p&gt;&#x7A0B;&#x5F0F;&#x78BC;:&lt;/p&gt;&#xD;
&#xD;
&lt;p&gt;#include &amp;lt;iostream&amp;gt;&lt;br /&gt;&#xD;
using namespace std;&lt;/p&gt;&#xD;
&#xD;
&lt;p&gt;// &#x5B9A;&#x7FA9;&#x4E00;&#x500B;&#x51FD;&#x6578;&#xFF0C;&#x63A5;&#x53D7;&#x4E00;&#x500B;&#x6574;&#x6578;&#x53C3;&#x6578;&#xFF08;&#x4F7F;&#x7528;&#x50B3;&#x503C;&#x547C;&#x53EB;&#xFF09;&lt;br /&gt;&#xD;
void modifyValue(int x) {&lt;br /&gt;&#xD;
&amp;nbsp; &amp;nbsp; x = x +&amp;nbsp;3; // &#x5728;&#x51FD;&#x6578;&#x5167;&#x90E8;&#x4FEE;&#x6539;&#x5F62;&#x5F0F;&#x53C3;&#x6578;&#x7684;&#x503C;&lt;br /&gt;&#xD;
&amp;nbsp; &amp;nbsp; cout &amp;lt;&amp;lt; &amp;quot;modifyValue&#x4FEE;&#x6539;&#x5F8C;&#x7684;&#x503C;: &amp;quot; &amp;lt;&amp;lt; x &amp;lt;&amp;lt; endl;&lt;br /&gt;&#xD;
}&lt;/p&gt;&#xD;
&#xD;
&lt;p&gt;int main() {&lt;br /&gt;&#xD;
&amp;nbsp; &amp;nbsp; int num = 1; //num&#x7684;&#x521D;&#x59CB;&#x503C;&#x70BA;1&lt;/p&gt;&#xD;
&#xD;
&lt;p&gt;&amp;nbsp; &amp;nbsp; cout &amp;lt;&amp;lt; &amp;quot;&#x539F;&#x59CB;&#x503C;: &amp;quot; &amp;lt;&amp;lt; num &amp;lt;&amp;lt; endl;&lt;br /&gt;&#xD;
&amp;nbsp; &amp;nbsp;&amp;nbsp;&lt;br /&gt;&#xD;
&amp;nbsp; &amp;nbsp; // &#x547C;&#x53EB;modifyValue&#x51FD;&#x6578;&#xFF0C;&#x50B3;&#x905E;num&#x7684;&#x503C;&lt;br /&gt;&#xD;
&amp;nbsp; &amp;nbsp; modifyValue(num);&lt;/p&gt;&#xD;
&#xD;
&lt;p&gt;&amp;nbsp; &amp;nbsp; cout &amp;lt;&amp;lt; &amp;quot;&#x547C;&#x53EB;modifyValue&#x5F8C;&#x7684;&#x503C;: &amp;quot; &amp;lt;&amp;lt; num &amp;lt;&amp;lt; endl;&lt;br /&gt;&#xD;
&amp;nbsp; &amp;nbsp;&amp;nbsp;&lt;br /&gt;&#xD;
&amp;nbsp; &amp;nbsp; return 0;&lt;br /&gt;&#xD;
}&lt;/p&gt;&#xD;
&#xD;
&lt;p&gt;&#x7576;&#x6211;&#x5011;&#x547C;&#x53EB;modifyValue(num)&#x6642;&#xFF0C;&#x6211;&#x5011;&#x5BE6;&#x969B;&#x4E0A;&#x5C07;num&#x7684;&#x503C;&#xFF08;&#x5373;1&#xFF09;&#x50B3;&#x905E;&#x7D66;&#x4E86;modifyValue&#x51FD;&#x6578;&#x3002;&#x5728;modifyValue&#x51FD;&#x6578;&#x5167;&#x90E8;&#xFF0C;&#x6211;&#x5011;&#x5C07;&#x5F62;&#x5F0F;&#x53C3;&#x6578;x&#x7684;&#x503C;&#xFF08;&#x5373;1&#xFF09;&#x52A0;3&#xFF0C;&#x4F46;&#x9019;&#x500B;&#x66F4;&#x6539;&#x50C5;&#x5F71;&#x97FF;&#x51FD;&#x6578;&#x5167;&#x90E8;&#x7684;x&#xFF0C;&#x4E0D;&#x6703;&#x5F71;&#x97FF;main&#x51FD;&#x6578;&#x4E2D;&#x7684;num&#x3002;&#x56E0;&#x6B64;&#xFF0C;&#x5118;&#x7BA1;&#x5728;&#x51FD;&#x6578;&#x5167;&#x90E8;&#x4FEE;&#x6539;&#x4E86;x&#xFF0C;&#x4F46;num&#x7684;&#x503C;&#x4ECD;&#x7136;&#x4FDD;&#x6301;&#x4E0D;&#x8B8A;&#xFF0C;&#x6700;&#x7D42;&#x8F38;&#x51FA;&#x70BA;&#xFF1A;&lt;/p&gt;&#xD;
&#xD;
&lt;p&gt;&#x539F;&#x59CB;&#x503C;: 1&lt;br /&gt;&#xD;
modifyValue&#x4FEE;&#x6539;&#x5F8C;&#x7684;&#x503C;: 4&lt;br /&gt;&#xD;
&#x547C;&#x53EB;modifyValue&#x5F8C;&#x7684;&#x503C;: 1&lt;/p&gt;</content>
  <attach></attach>
  <rcount></rcount>
  <rank></rank>
  <hit>27</hit>
  <lang>1</lang>
</data>
