<?xml version="1.0"?>
<data version="3.0" time="2024-06-30 09:11:24" type="post" filename="b000000003.xml">
  <open_time>0000-00-00</open_time>
  <close_time>0000-00-00</close_time>
  <lang_name>Big5</lang_name>
  <board_id>1001296419</board_id>
  <node>000000003</node>
  <site>1000110001</site>
  <pt>2023-10-03 16:33:25</pt>
  <poster>11127140</poster>
  <realname>&#x59DC;&#x7FA9;&#x65B0;  </realname>
  <email>jabeeschool@gmail.com</email>
  <homepage>  </homepage>
  <subject>112 </subject>
  <content>&lt;p&gt;&lt;span style="font-size:18px"&gt;&#x5BEB;&#x51FA;C++&#x7A0B;&#x5F0F;&#x78BC;&#x8AAA;&#x660E;&#x5169;&#x500B;&#x985E;&#x5225;&#x9593;&#x7684;&#x7E7C;&#x627F;inheritance&#x3002;&lt;/span&gt;&lt;/p&gt;&#xD;
&#xD;
&lt;p&gt;&#x53EF;&#x4EE5;&#x5728;&#x65B0;&#x5EFA;&#x7684; class &#x4E2D;&#x53BB;&#x7E7C;&#x627F;&#x5DF2;&#x7D93;&#x5EFA;&#x7ACB;&#x597D;&#x7684; class &#xFF0C;&#x4E26;&#x8ABF;&#x7528;&#x5DF2;&#x7D93;&#x5EFA;&#x7ACB;&#x597D;&#x7684; method&#x3002;&lt;br /&gt;&#xD;
&#x53EF;&#x4EE5;&#x8ABF;&#x7528;&#x4EE5;&#x4E0B;&#x5169;&#x7A2E;&#x5F62;&#x5F0F;&#x7684; method&lt;/p&gt;&#xD;
&#xD;
&lt;ul&gt;&#xD;
	&lt;li&gt;public&lt;/li&gt;&#xD;
	&lt;li&gt;protected&lt;/li&gt;&#xD;
&lt;/ul&gt;&#xD;
&#xD;
&lt;p&gt;&#x82E5;&#x4E0D;&#x60F3;&#x8B93;&#x5916;&#x9762;&#x53EF;&#x4EE5;&#x76F4;&#x63A5;&#x8ABF;&#x7528;&#x7684;&#x8A71;&#x5247;&#x4F7F;&#x7528; protected&amp;nbsp;&#x53BB;&#x4FDD;&#x8B77;&#x3002;&#x82E5;&#x662F;&amp;nbsp;private &#x5247;&#x4E0D;&#x80FD;&#x5728;&#x7E7C;&#x627F;&#x5F8C;&#x8ABF;&#x7528;&#x3002;&lt;br /&gt;&#xD;
&lt;br /&gt;&#xD;
&#x4EE5;&#x4E0B;&#x70BA;&#x793A;&#x7BC4;&#x7A0B;&#x5F0F;&#x78BC;&lt;/p&gt;&#xD;
&#xD;
&lt;p&gt;&lt;img alt="" src="/user/1/1/11127140/images/Screen%20Shot%202023-10-03%20at%204.31.54%20PM.png" style="height:382px; width:300px" /&gt;&lt;/p&gt; </content>
  <attach></attach>
  <rcount></rcount>
  <rank></rank>
  <hit>29</hit>
  <lang>1</lang>
</data>
