<?xml version="1.0"?>
<data version="3.0" time="2024-06-30 09:11:24" type="post" filename="b000000002000000001.xml">
  <open_time>0000-00-00</open_time>
  <close_time>0000-00-00</close_time>
  <lang_name>Big5</lang_name>
  <board_id>1001296419</board_id>
  <node>000000002000000001</node>
  <site>1000110001</site>
  <pt>2023-10-10 12:13:07</pt>
  <poster>11277028</poster>
  <realname>&#x6C5F;&#x6668;&#x9298;  </realname>
  <email>gugugu1127@gmail.com</email>
  <homepage>  </homepage>
  <subject>Re: 115  </subject>
  <content>&lt;p&gt;&#x4F5C;&#x6CD5;&#x5B8C;&#x6574;&#x4E14;&#x8AAA;&#x660E;&#x5341;&#x5206;&#x8A73;&#x7D30;&lt;/p&gt; </content>
  <attach></attach>
  <rcount></rcount>
  <rank></rank>
  <hit>1</hit>
  <lang>1</lang>
</data>
