<?xml version="1.0"?>
<data version="3.0" time="2024-06-30 09:11:24" type="post" filename="b000000010.xml">
  <open_time>0000-00-00</open_time>
  <close_time>0000-00-00</close_time>
  <lang_name>Big5</lang_name>
  <board_id>1001296419</board_id>
  <node>000000010</node>
  <site>1000110001</site>
  <pt>2023-10-10 21:25:42</pt>
  <poster>11127133</poster>
  <realname>&#x9673;&#x4E59;&#x83C1;  </realname>
  <email>fiona99107@gmail.com</email>
  <homepage>  </homepage>
  <subject>111 </subject>
  <content>&lt;p&gt;111. &lt;span style="font-family:&#x65B0;&#x7D30;&#x660E;&#x9AD4;,serif"&gt;&#x5BEB;&#x51FA;&lt;/span&gt;C++&lt;span style="font-family:&#x65B0;&#x7D30;&#x660E;&#x9AD4;,serif"&gt;&#x7A0B;&#x5F0F;&#x78BC;&#x8AAA;&#x660E;&#x50B3;&#x503C;&#x547C;&#x53EB;&lt;/span&gt;call by value&lt;span style="font-family:&#x65B0;&#x7D30;&#x660E;&#x9AD4;,serif"&gt;&#x3002;&lt;/span&gt;&lt;/p&gt;&#xD;
&#xD;
&lt;p&gt;#include &amp;lt;iostream&amp;gt;&lt;/p&gt;&#xD;
&#xD;
&lt;p&gt;#include &amp;lt;stdio.h&amp;gt;&lt;/p&gt;&#xD;
&#xD;
&lt;p&gt;using namespace std;&lt;/p&gt;&#xD;
&#xD;
&lt;p&gt;int add2(int a, int b) {&lt;/p&gt;&#xD;
&#xD;
&lt;p&gt;&amp;nbsp;&amp;nbsp;&amp;nbsp; a = a + b;&lt;/p&gt;&#xD;
&#xD;
&lt;p&gt;&amp;nbsp;&amp;nbsp;&amp;nbsp; return a ;&lt;/p&gt;&#xD;
&#xD;
&lt;p&gt;}&lt;/p&gt;&#xD;
&#xD;
&lt;p&gt;void add1(int &amp;amp; a, int b) {&lt;/p&gt;&#xD;
&#xD;
&lt;p&gt;&amp;nbsp;&amp;nbsp;&amp;nbsp; a = a + b;&lt;/p&gt;&#xD;
&#xD;
&lt;p&gt;}&lt;/p&gt;&#xD;
&#xD;
&lt;p&gt;void add(int a, int b) {&lt;/p&gt;&#xD;
&#xD;
&lt;p&gt;&amp;nbsp;&amp;nbsp;&amp;nbsp; a = a + b;&lt;/p&gt;&#xD;
&#xD;
&lt;p&gt;}&lt;/p&gt;&#xD;
&#xD;
&lt;p&gt;int main() {&lt;/p&gt;&#xD;
&#xD;
&lt;p&gt;&amp;nbsp;&amp;nbsp;&amp;nbsp; int a = 1;&lt;/p&gt;&#xD;
&#xD;
&lt;p&gt;&amp;nbsp;&amp;nbsp;&amp;nbsp; int b = 2;&lt;/p&gt;&#xD;
&#xD;
&lt;p&gt;&amp;nbsp;&amp;nbsp;&amp;nbsp; add( a, b) ;&lt;/p&gt;&#xD;
&#xD;
&lt;p&gt;&amp;nbsp;&amp;nbsp;&amp;nbsp; printf(&amp;quot;%d\n&amp;quot;, a) ; // a=1 (a&lt;span style="font-family:&#x65B0;&#x7D30;&#x660E;&#x9AD4;,serif"&gt;&#x6C92;&#x8B8A;&lt;/span&gt;)&lt;/p&gt;&#xD;
&#xD;
&lt;p&gt;&amp;nbsp;&amp;nbsp;&amp;nbsp; add1( a, b) ;&lt;/p&gt;&#xD;
&#xD;
&lt;p&gt;&amp;nbsp;&amp;nbsp;&amp;nbsp; printf(&amp;quot;%d\n&amp;quot;, a); // a = 1+2 = 3 (a&lt;span style="font-family:&#x65B0;&#x7D30;&#x660E;&#x9AD4;,serif"&gt;&#x8B8A;&#x4E86;&lt;/span&gt;)&lt;/p&gt;&#xD;
&#xD;
&lt;p&gt;&amp;nbsp;&amp;nbsp;&amp;nbsp; printf(&amp;quot;%d&amp;quot;, add2( a, b)); a = 3+2 = 5 (a&lt;span style="font-family:&#x65B0;&#x7D30;&#x660E;&#x9AD4;,serif"&gt;&#x8B8A;&#x4E86;&lt;/span&gt;)&lt;/p&gt;&#xD;
&#xD;
&lt;p&gt;&amp;nbsp;&amp;nbsp;&amp;nbsp; return 0;&lt;/p&gt;&#xD;
&#xD;
&lt;p&gt;}&lt;/p&gt;&#xD;
&#xD;
&lt;p&gt;&lt;span style="font-family:&#x65B0;&#x7D30;&#x660E;&#x9AD4;,serif"&gt;&amp;nbsp; &amp;nbsp; &amp;nbsp; &amp;nbsp; &amp;nbsp; &amp;nbsp; &amp;nbsp; &amp;nbsp; &#x6700;&#x7D42;&lt;/span&gt;a&lt;span style="font-family:&#x65B0;&#x7D30;&#x660E;&#x9AD4;,serif"&gt;&#x5370;&#x51FA;&lt;/span&gt;1&lt;span style="font-family:&#x65B0;&#x7D30;&#x660E;&#x9AD4;,serif"&gt;&#x7684;&#x539F;&#x56E0;&#x662F;&#x6B64;&#x70BA;&lt;/span&gt;call by value&lt;span style="font-family:&#x65B0;&#x7D30;&#x660E;&#x9AD4;,serif"&gt;&#x7684;&#x7A0B;&#x5F0F;&#x78BC;&#xFF0C;&#x7A0B;&#x5F0F;&#x78BC;&#x53EA;&#x662F;&#x5728;&lt;/span&gt;add function &lt;span style="font-family:&#x65B0;&#x7D30;&#x660E;&#x9AD4;,serif"&gt;&#x4E2D;&#x628A;&lt;/span&gt;a&lt;span style="font-family:&#x65B0;&#x7D30;&#x660E;&#x9AD4;,serif"&gt;&#x548C;&lt;/span&gt;b&lt;span style="font-family:&#x65B0;&#x7D30;&#x660E;&#x9AD4;,serif"&gt;&#x7684;&#x503C;&#x62FF;&#x53BB;&#x505A;&#x904B;&#x7B97;&#xFF0C;&#x5728;&lt;/span&gt;main function&lt;span style="font-family:&#x65B0;&#x7D30;&#x660E;&#x9AD4;,serif"&gt;&#x4E2D;&#x4E26;&#x4E0D;&#x6703;&#x6539;&#x8B8A;&lt;/span&gt;a&lt;span style="font-family:&#x65B0;&#x7D30;&#x660E;&#x9AD4;,serif"&gt;&#x7684;&#x503C;&#xFF0C;&#x82E5;&#x60F3;&#x628A;&lt;/span&gt;a&lt;span style="font-family:&#x65B0;&#x7D30;&#x660E;&#x9AD4;,serif"&gt;&#x503C;&#x6539;&#x8B8A;&#xFF0C;&#x65B9;&#x6CD5;&#x6709;&lt;/span&gt;1.(add1 function)&lt;span style="font-family:&#x65B0;&#x7D30;&#x660E;&#x9AD4;,serif"&gt;&#x5728;&lt;/span&gt;int a&lt;span style="font-family:&#x65B0;&#x7D30;&#x660E;&#x9AD4;,serif"&gt;&#x4E2D;&#x9593;&#x52A0;&#x5165;&lt;/span&gt;&amp;amp;&lt;span style="font-family:&#x65B0;&#x7D30;&#x660E;&#x9AD4;,serif"&gt;&#x7B26;&#x865F;&lt;/span&gt; 2.(add2 function)&lt;span style="font-family:&#x65B0;&#x7D30;&#x660E;&#x9AD4;,serif"&gt;&#x628A;&lt;/span&gt;void&lt;span style="font-family:&#x65B0;&#x7D30;&#x660E;&#x9AD4;,serif"&gt;&#x6539;&#x70BA;&lt;/span&gt;int&lt;span style="font-family:&#x65B0;&#x7D30;&#x660E;&#x9AD4;,serif"&gt;&#xFF0C;&lt;/span&gt;return a&lt;span style="font-family:&#x65B0;&#x7D30;&#x660E;&#x9AD4;,serif"&gt;&#xFF0C;&#x4E26;&#x5370;&#x51FA;&lt;/span&gt;add(a, b)&lt;span style="font-family:&#x65B0;&#x7D30;&#x660E;&#x9AD4;,serif"&gt;&#x3002;&lt;/span&gt;&lt;/p&gt; </content>
  <attach></attach>
  <rcount></rcount>
  <rank></rank>
  <hit>21</hit>
  <lang>1</lang>
</data>
