<?xml version="1.0"?>
<data version="3.0" time="2024-06-30 08:54:28" type="post" filename="b000000019.xml">
  <open_time>0000-00-00</open_time>
  <close_time>0000-00-00</close_time>
  <lang_name>Big5</lang_name>
  <board_id>1001296417</board_id>
  <node>000000019</node>
  <site>1000110001</site>
  <pt>2023-09-23 23:46:14</pt>
  <poster>11127122</poster>
  <realname>&#x80E1;&#x6C9B;&#x980E;  </realname>
  <email>123456789paige26@gmail.com</email>
  <homepage> </homepage>
  <subject>103 </subject>
  <content>&lt;p&gt;&lt;strong&gt;&lt;span style="font-size:12.0000pt"&gt;&lt;span style="font-family:SimSun"&gt;&lt;span style="font-family:SimSun"&gt;&#x984C;&#x76EE;&lt;/span&gt;:&lt;/span&gt;&lt;/span&gt;&amp;nbsp;&lt;span style="font-size:12.0000pt"&gt;&lt;span style="font-family:SimSun"&gt;&lt;span style="font-family:SimSun"&gt;&#x7C21;&#x4ECB;&lt;/span&gt;Acker&#x51FD;&#x6578;&#xFF0C;&#x4E26;&#x5217;&#x51FA;Acker(2,3)&#x7684;&#x6C42;&#x89E3;&#x904E;&#x7A0B;&lt;/span&gt;&lt;/span&gt;&lt;/strong&gt;&lt;/p&gt;&#xD;
&#xD;
&lt;p&gt;&lt;strong&gt;&lt;strong&gt;&lt;span style="font-size:10.0000pt"&gt;&lt;span style="color:#333333"&gt;&lt;span style="font-family:&#x5FAE;&#x8EDF;&#x6B63;&#x9ED1;&#x9AD4;"&gt;&lt;span style="font-family:&#x5FAE;&#x8EDF;&#x6B63;&#x9ED1;&#x9AD4;"&gt;&#x4E00;&#x3001;Acker&#x51FD;&#x6578;&#x7C21;&#x4ECB;&lt;/span&gt; &lt;span style="font-family:&#x5FAE;&#x8EDF;&#x6B63;&#x9ED1;&#x9AD4;"&gt;-- &lt;/span&gt;&lt;/span&gt;&lt;/span&gt;&lt;/span&gt;&lt;/strong&gt;&lt;/strong&gt;&lt;/p&gt;&#xD;
&#xD;
&lt;p&gt;&lt;span style="font-size:9px"&gt;&lt;span style="color:#333333"&gt;&lt;span style="font-family:&#x5FAE;&#x8EDF;&#x6B63;&#x9ED1;&#x9AD4;"&gt;&lt;span style="font-family:&#x5FAE;&#x8EDF;&#x6B63;&#x9ED1;&#x9AD4;"&gt;&#x51FD;&#x6578;&#x6027;&#x8CEA;:&lt;/span&gt;&lt;/span&gt;&lt;/span&gt;&lt;/span&gt;&lt;/p&gt;&#xD;
&#xD;
&lt;p&gt;&lt;span style="font-size:8.0000pt"&gt;&lt;span style="color:#333333"&gt;&lt;span style="font-family:&#x5FAE;&#x8EDF;&#x6B63;&#x9ED1;&#x9AD4;"&gt;Acker&#x51FD;&#x6578;&lt;span style="font-family:&#x5FAE;&#x8EDF;&#x6B63;&#x9ED1;&#x9AD4;"&gt;&#x662F;&#x4E00;&#x500B;&#x975E;&#x539F;&#x59CB;&#x905E;&#x8FF4;&#x7684;&#x51FD;&#x6578;&#xFF0C;&#x56E0;&#x70BA;&#x5B83;&#x7121;&#x6CD5;&#x6B78;&#x985E;&#x65BC;&#x503C;&#x90FD;&#x76F8;&#x540C;&#x7684;&#x5E38;&#x6578;&#x51FD;&#x6578;&#x3001;s(n) = n+1&#x7684;&#x5F8C;&#x7E7C;&#x51FD;&#x6578;&#x548C;&#x63A5;&#x53D7;n&#x500B;&#x53C3;&#x6578;&#x5F8C;&#x56DE;&#x50B3;&#x4E4B;&#x4E2D;&#x7B2C;i&#x500B;&#x53C3;&#x6578;&#x7684;&#x6295;&#x5F71;&#x51FD;&#x6578;&#xFF0C;&#x4E5F;&#x4E0D;&#x5C6C;&#x65BC;&#x66F4;&#x8907;&#x96DC;&#xFF0C;&#x7531;&#x539F;&#x59CB;&#x905E;&#x8FF4;&#x51FD;&#x6578;&#x516C;&#x7406;&#x8907;&#x5408;&#x61C9;&#x7528;&#x800C;&#x5F97;&#x7684;&#x51FD;&#x6578;&#x3002;&lt;/span&gt;&lt;/span&gt;&lt;/span&gt;&lt;/span&gt;&lt;/p&gt;&#xD;
&#xD;
&lt;p&gt;&lt;span style="font-size:9px"&gt;&lt;span style="color:#333333"&gt;&lt;span style="font-family:&#x5FAE;&#x8EDF;&#x6B63;&#x9ED1;&#x9AD4;"&gt;&lt;span style="font-family:&#x5FAE;&#x8EDF;&#x6B63;&#x9ED1;&#x9AD4;"&gt;&#x51FD;&#x6578;&#x904B;&#x4F5C;&#x7C21;&#x4ECB;&lt;/span&gt;&lt;span style="font-family:&#x5FAE;&#x8EDF;&#x6B63;&#x9ED1;&#x9AD4;"&gt;:&lt;/span&gt;&lt;/span&gt;&lt;/span&gt;&lt;/span&gt;&lt;/p&gt;&#xD;
&#xD;
&lt;p&gt;&lt;span style="font-size:8.0000pt"&gt;&lt;span style="color:#333333"&gt;&lt;span style="font-family:&#x5FAE;&#x8EDF;&#x6B63;&#x9ED1;&#x9AD4;"&gt;Acker&#x51FD;&#x6578;&lt;/span&gt;&lt;/span&gt;&lt;/span&gt;&lt;span style="font-size:8.0000pt"&gt;&lt;span style="color:#333333"&gt;&lt;span style="font-family:&#x5FAE;&#x8EDF;&#x6B63;&#x9ED1;&#x9AD4;"&gt;&lt;span style="font-family:&#x5FAE;&#x8EDF;&#x6B63;&#x9ED1;&#x9AD4;"&gt;&#x9700;&#x8981;&#x5169;&#x500B;&#x81EA;&#x7136;&#x6578;&#x4F5C;&#x70BA;&#x8D77;&#x59CB;&#x7684;&#x53C3;&#x6578;&#xFF0C;&#x8F38;&#x5165;&#x4E4B;&#x5F8C;&#xFF0C;&#x6839;&#x64DA;&#x53C3;&#x6578;&#x60C5;&#x6CC1;&#x7684;&#x4E0D;&#x540C;&#xFF0C;&#x9032;&#x884C;&#x4E09;&#x7A2E;&#x8655;&#x7F6E;&#xFF0C;&#x6700;&#x7D42;&#x8F38;&#x51FA;&#x4E00;&#x500B;&#x81EA;&#x7136;&#x6578;&#x3002;&lt;/span&gt;&lt;/span&gt;&lt;/span&gt;&lt;/span&gt;&lt;/p&gt;&#xD;
&#xD;
&lt;p&gt;&lt;span style="font-size:9px"&gt;&lt;span style="color:#333333"&gt;&lt;span style="font-family:&#x5FAE;&#x8EDF;&#x6B63;&#x9ED1;&#x9AD4;"&gt;&lt;span style="font-family:&#x5FAE;&#x8EDF;&#x6B63;&#x9ED1;&#x9AD4;"&gt;&#x7279;&#x8272;:&lt;/span&gt;&lt;/span&gt;&lt;/span&gt;&lt;/span&gt;&lt;/p&gt;&#xD;
&#xD;
&lt;p&gt;&lt;span style="font-size:8.0000pt"&gt;&lt;span style="color:#333333"&gt;&lt;span style="font-family:&#x5FAE;&#x8EDF;&#x6B63;&#x9ED1;&#x9AD4;"&gt;&lt;span style="font-family:&#x5FAE;&#x8EDF;&#x6B63;&#x9ED1;&#x9AD4;"&gt;&#x9664;&#x6B64;&#x4E4B;&#x5916;&#xFF0C;&#x5B83;&#x7684;&#x8F38;&#x51FA;&#x503C;&#x6210;&#x9577;&#x901F;&#x5EA6;&#x5F88;&#x9AD8;&#xFF0C;&#x9019;&#x662F;&#x56E0;&#x70BA;&#x8A2D;&#x67D0;&lt;/span&gt;&lt;/span&gt;&lt;/span&gt;&lt;/span&gt;&lt;span style="font-size:8.0000pt"&gt;&lt;span style="color:#333333"&gt;&lt;span style="font-family:&#x5FAE;&#x8EDF;&#x6B63;&#x9ED1;&#x9AD4;"&gt;&lt;span style="font-family:&#x5FAE;&#x8EDF;&#x6B63;&#x9ED1;&#x9AD4;"&gt;Acker&#x51FD;&#x6578; = A(m,n)&#xFF0C;&lt;/span&gt;&lt;/span&gt;&lt;/span&gt;&lt;/span&gt;&lt;span style="font-size:8.0000pt"&gt;&lt;span style="color:#333333"&gt;&lt;span style="font-family:&#x5FAE;&#x8EDF;&#x6B63;&#x9ED1;&#x9AD4;"&gt;&lt;span style="font-family:&#x5FAE;&#x8EDF;&#x6B63;&#x9ED1;&#x9AD4;"&gt;&#x7576;&lt;/span&gt;&lt;/span&gt;&lt;/span&gt;&lt;/span&gt;&lt;span style="font-size:8.0000pt"&gt;&lt;span style="color:#333333"&gt;&lt;span style="font-family:&#x5FAE;&#x8EDF;&#x6B63;&#x9ED1;&#x9AD4;"&gt;&lt;span style="font-family:&#x5FAE;&#x8EDF;&#x6B63;&#x9ED1;&#x9AD4;"&gt;m&amp;gt;0&#x4E14;n&amp;gt;0&#x6642;&#xFF0C;&#x6703;&#x9054;&#x6210;return A(m-1,A(m,n-1))&#xFF0C;&#x51FD;&#x6578;&#x4E4B;&#x4E2D;&#x9084;&#x6709;&#x51FD;&#x6578;&#xFF0C;&#x9020;&#x6210;&#x51FD;&#x6578;&#x5C55;&#x958B;&#x7E41;&#x591A;&#x3002;&lt;/span&gt;&lt;/span&gt;&lt;/span&gt;&lt;/span&gt;&lt;/p&gt;&#xD;
&#xD;
&lt;p&gt;&lt;span style="font-size:8.0000pt"&gt;&lt;span style="color:#333333"&gt;&lt;span style="font-family:&#x5FAE;&#x8EDF;&#x6B63;&#x9ED1;&#x9AD4;"&gt;&lt;span style="font-family:&#x5FAE;&#x8EDF;&#x6B63;&#x9ED1;&#x9AD4;"&gt;&#x56E0;&#x70BA;&lt;/span&gt;&lt;span style="font-family:&#x5FAE;&#x8EDF;&#x6B63;&#x9ED1;&#x9AD4;"&gt;base case&#x70BA;&#x7576;m=0&#x6642;&#xFF0C;return n+1&#x3002;&#x53C3;&#x6578;&#x503C;&#x9054;&#x6210;base case&#x5F8C;&#xFF0C;&#x51FD;&#x6578;return n+1&#x7684;&#x503C;&#xFF0C;&#x800C;&#x6B64;&#x6642;&#x82E5;return &#x503C;&#x7684;&#x4F4D;&#x7F6E;&#x662F;&#x53E6;&#x4E00;&#x500B;A&#x51FD;&#x6578;&#x7684;n&#x7684;&#x4F4D;&#x7F6E;&#xFF0C;&#x4E14;m &#x4E0D;&#x7B49;&#x65BC; 0&#xFF0C;&#x5247;&#x525B;&#x7372;&#x5F97;&#x5B8C;&#x6574;&#x53C3;&#x6578;&#x7684;&#x51FD;&#x6578;&#x53C8;&#x5F97;&#x5C55;&#x958B;&#xFF0C;&#x7531;&#x6B64;&#x53EF;&#x898B;&#x5C55;&#x958B;&#x51FD;&#x6578;&#x6578;&#x91CF;&#x4E4B;&#x5927;&#x3002;&lt;/span&gt;&lt;/span&gt;&lt;/span&gt;&lt;/span&gt;&lt;/p&gt;&#xD;
&#xD;
&lt;p&gt;&lt;span style="font-size:8.0000pt"&gt;&lt;span style="color:#333333"&gt;&lt;span style="font-family:&#x5FAE;&#x8EDF;&#x6B63;&#x9ED1;&#x9AD4;"&gt;&lt;span style="font-family:&#x5FAE;&#x8EDF;&#x6B63;&#x9ED1;&#x9AD4;"&gt;&#x81F3;&#x65BC;&lt;/span&gt;&lt;/span&gt;&lt;/span&gt;&lt;/span&gt;&lt;span style="font-size:8.0000pt"&gt;&lt;span style="color:#333333"&gt;&lt;span style="font-family:&#x5FAE;&#x8EDF;&#x6B63;&#x9ED1;&#x9AD4;"&gt;&lt;span style="font-family:&#x5FAE;&#x8EDF;&#x6B63;&#x9ED1;&#x9AD4;"&gt;&#x8F38;&#x51FA;&#x503C;&#x6210;&#x9577;&#x901F;&#x5EA6;&#x9AD8;&#x7684;&#x72C0;&#x6CC1;&#xFF0C;&#x662F;&#x7531;&#x65BC;&lt;/span&gt;&lt;/span&gt;&lt;/span&gt;&lt;/span&gt;&lt;span style="font-size:8.0000pt"&gt;&lt;span style="color:#333333"&gt;&lt;span style="font-family:&#x5FAE;&#x8EDF;&#x6B63;&#x9ED1;&#x9AD4;"&gt;&lt;span style="font-family:&#x5FAE;&#x8EDF;&#x6B63;&#x9ED1;&#x9AD4;"&gt;m&#x7684;&#x905E;&#x6E1B;&#x53C8;&#x6BD4;n&#x4F86;&#x7684;&#x5BB9;&#x6613;&#xFF0C;&#x4E26;&#x4E14;&#x53EA;&#x80FD;&#x905E;&#x6E1B;&#x4E0D;&#x80FD;&#x589E;&#x52A0;&#x3002;&#x53CD;&#x89C0;n&#xFF0C;base case &#x9054;&#x6210;&#x5F8C;&#x53CD;&#x800C;&#x6703;&#x4F7F;n + 1 &#xFF0C;&#x51FD;&#x6578;&#x5C55;&#x958B;&#x4E86;&#x5C31;&#x5F97;&#x9054;&#x6210;base case&#x5F8C;return&#xFF0C;&#x9019;&#x4E5F;&#x5C31;&#x4EE3;&#x8868; n &#x6703;&#x96A8;&#x8457;&#x773E;&#x591A;&#x51FD;&#x5F0F;&#x7684;&#x6536;&#x56DE;&#x4E0D;&#x65B7;+1&#xFF0C;&#x6700;&#x7D42;&#x5C0E;&#x81F4;&lt;/span&gt;&lt;/span&gt;&lt;/span&gt;&lt;/span&gt;&lt;span style="font-size:8.0000pt"&gt;&lt;span style="color:#333333"&gt;&lt;span style="font-family:&#x5FAE;&#x8EDF;&#x6B63;&#x9ED1;&#x9AD4;"&gt;&lt;span style="font-family:&#x5FAE;&#x8EDF;&#x6B63;&#x9ED1;&#x9AD4;"&gt;&#x8F38;&#x51FA;&#x503C;&#x9817;&#x9AD8;&#x3002;&lt;/span&gt;&lt;/span&gt;&lt;/span&gt;&lt;/span&gt;&lt;/p&gt;&#xD;
&#xD;
&lt;p&gt;&lt;strong&gt;&lt;strong&gt;&lt;span style="font-size:10.0000pt"&gt;&lt;span style="color:#333333"&gt;&lt;span style="font-family:&#x5FAE;&#x8EDF;&#x6B63;&#x9ED1;&#x9AD4;"&gt;&#x4E8C;&#x3001;Acker(2,3)&lt;/span&gt;&lt;/span&gt;&lt;/span&gt;&lt;/strong&gt;&lt;/strong&gt;&lt;strong&gt;&lt;strong&gt;&lt;span style="font-size:10.0000pt"&gt;&lt;span style="color:#333333"&gt;&lt;span style="font-family:&#x5FAE;&#x8EDF;&#x6B63;&#x9ED1;&#x9AD4;"&gt;&lt;span style="font-family:&#x5FAE;&#x8EDF;&#x6B63;&#x9ED1;&#x9AD4;"&gt;&#x89E3;&lt;/span&gt;&lt;/span&gt;&lt;/span&gt;&lt;/span&gt;&lt;/strong&gt;&lt;/strong&gt;&lt;strong&gt;&lt;strong&gt;&lt;span style="font-size:10.0000pt"&gt;&lt;span style="color:#333333"&gt;&lt;span style="font-family:&#x5FAE;&#x8EDF;&#x6B63;&#x9ED1;&#x9AD4;"&gt;&amp;nbsp;&lt;span style="font-family:&#x5FAE;&#x8EDF;&#x6B63;&#x9ED1;&#x9AD4;"&gt;-- &lt;/span&gt;&lt;/span&gt;&lt;/span&gt;&lt;/span&gt;&lt;/strong&gt;&lt;/strong&gt;&lt;/p&gt;&#xD;
&#xD;
&lt;p&gt;&lt;strong&gt;&lt;span style="font-size:9.0000pt"&gt;&lt;span style="color:#333333"&gt;&lt;span style="font-family:&#x5FAE;&#x8EDF;&#x6B63;&#x9ED1;&#x9AD4;"&gt;*&#x70BA;&#x4E86;&#x65B9;&#x4FBF;&#xFF0C;&#x6211;&#x5C07;Acker&#x4E00;&#x8A5E;&#x5316;&#x7C21;&#x6210;A&lt;/span&gt;&lt;/span&gt;&lt;/span&gt;&lt;/strong&gt;&lt;/p&gt;&#xD;
&#xD;
&lt;p&gt;&lt;span style="font-size:8.0000pt"&gt;&lt;span style="color:#c71c31"&gt;&lt;span style="font-family:&#x5FAE;&#x8EDF;&#x6B63;&#x9ED1;&#x9AD4;"&gt;A(2,3)&lt;/span&gt;&lt;/span&gt;&lt;/span&gt;&lt;span style="font-size:8.0000pt"&gt;&lt;span style="color:#c71c31"&gt;&lt;span style="font-family:&#x5FAE;&#x8EDF;&#x6B63;&#x9ED1;&#x9AD4;"&gt;&amp;nbsp;&amp;nbsp;&lt;span style="font-family:&#x5FAE;&#x8EDF;&#x6B63;&#x9ED1;&#x9AD4;"&gt;-&amp;gt;&lt;/span&gt;&lt;/span&gt;&lt;/span&gt;&lt;/span&gt;&lt;span style="font-size:8.0000pt"&gt;&lt;span style="color:#238f86"&gt;&lt;span style="font-family:&#x5FAE;&#x8EDF;&#x6B63;&#x9ED1;&#x9AD4;"&gt;&amp;nbsp;&lt;span style="font-family:&#x5FAE;&#x8EDF;&#x6B63;&#x9ED1;&#x9AD4;"&gt;A(1,A(2,2) )&lt;/span&gt;&lt;/span&gt;&lt;/span&gt;&lt;/span&gt;&lt;/p&gt;&#xD;
&#xD;
&lt;p&gt;&lt;span style="font-size:8.0000pt"&gt;&lt;span style="color:#c71c31"&gt;&lt;span style="font-family:&#x5FAE;&#x8EDF;&#x6B63;&#x9ED1;&#x9AD4;"&gt;&lt;span style="font-family:&#x5FAE;&#x8EDF;&#x6B63;&#x9ED1;&#x9AD4;"&gt;&#x8655;&#x7406;&lt;/span&gt;&lt;span style="font-family:&#x5FAE;&#x8EDF;&#x6B63;&#x9ED1;&#x9AD4;"&gt;A(2,2) -&amp;gt;&lt;/span&gt;&lt;/span&gt;&lt;/span&gt;&lt;/span&gt;&lt;span style="font-size:8.0000pt"&gt;&lt;span style="color:#b58b01"&gt;&lt;span style="font-family:&#x5FAE;&#x8EDF;&#x6B63;&#x9ED1;&#x9AD4;"&gt;&amp;nbsp;&lt;span style="font-family:&#x5FAE;&#x8EDF;&#x6B63;&#x9ED1;&#x9AD4;"&gt;A(1,A(2,1) )&lt;/span&gt;&lt;/span&gt;&lt;/span&gt;&lt;/span&gt;&lt;/p&gt;&#xD;
&#xD;
&lt;p&gt;&lt;span style="font-size:8.0000pt"&gt;&lt;span style="color:#c71c31"&gt;&lt;span style="font-family:&#x5FAE;&#x8EDF;&#x6B63;&#x9ED1;&#x9AD4;"&gt;&lt;span style="font-family:&#x5FAE;&#x8EDF;&#x6B63;&#x9ED1;&#x9AD4;"&gt;&#x8655;&#x7406;&lt;/span&gt;&lt;span style="font-family:&#x5FAE;&#x8EDF;&#x6B63;&#x9ED1;&#x9AD4;"&gt;A(2,1) -&amp;gt;&lt;/span&gt;&lt;/span&gt;&lt;/span&gt;&lt;/span&gt;&lt;span style="font-size:8.0000pt"&gt;&lt;span style="color:#578d31"&gt;&lt;span style="font-family:&#x5FAE;&#x8EDF;&#x6B63;&#x9ED1;&#x9AD4;"&gt;&amp;nbsp;&lt;span style="font-family:&#x5FAE;&#x8EDF;&#x6B63;&#x9ED1;&#x9AD4;"&gt;A(1,A(2,0) )&lt;/span&gt;&lt;/span&gt;&lt;/span&gt;&lt;/span&gt;&lt;/p&gt;&#xD;
&#xD;
&lt;p&gt;&lt;span style="font-size:8.0000pt"&gt;&lt;span style="color:#c71c31"&gt;&lt;span style="font-family:&#x5FAE;&#x8EDF;&#x6B63;&#x9ED1;&#x9AD4;"&gt;&lt;span style="font-family:&#x5FAE;&#x8EDF;&#x6B63;&#x9ED1;&#x9AD4;"&gt;&#x8655;&#x7406;&lt;/span&gt;&lt;span style="font-family:&#x5FAE;&#x8EDF;&#x6B63;&#x9ED1;&#x9AD4;"&gt;A(2,0) -&amp;gt; A(1,1) -&amp;gt;&lt;/span&gt;&lt;/span&gt;&lt;/span&gt;&lt;/span&gt;&lt;span style="font-size:8.0000pt"&gt;&lt;span style="color:#2d54a0"&gt;&lt;span style="font-family:&#x5FAE;&#x8EDF;&#x6B63;&#x9ED1;&#x9AD4;"&gt;&amp;nbsp;&lt;span style="font-family:&#x5FAE;&#x8EDF;&#x6B63;&#x9ED1;&#x9AD4;"&gt;A(0,A(1,0) )&lt;/span&gt;&lt;/span&gt;&lt;/span&gt;&lt;/span&gt;&lt;/p&gt;&#xD;
&#xD;
&lt;p&gt;&lt;span style="font-size:8.0000pt"&gt;&lt;span style="color:#2d54a0"&gt;&lt;span style="font-family:&#x5FAE;&#x8EDF;&#x6B63;&#x9ED1;&#x9AD4;"&gt;&lt;span style="font-family:&#x5FAE;&#x8EDF;&#x6B63;&#x9ED1;&#x9AD4;"&gt;&#x8655;&#x7406;&lt;/span&gt;&lt;span style="font-family:&#x5FAE;&#x8EDF;&#x6B63;&#x9ED1;&#x9AD4;"&gt;A(1,0) -&amp;gt;A(0,1) -&amp;gt; 1 + 1 = 2&lt;/span&gt;&lt;/span&gt;&lt;/span&gt;&lt;/span&gt;&lt;/p&gt;&#xD;
&#xD;
&lt;p&gt;&lt;span style="font-size:8.0000pt"&gt;&lt;span style="color:#2d54a0"&gt;&lt;span style="font-family:&#x5FAE;&#x8EDF;&#x6B63;&#x9ED1;&#x9AD4;"&gt;&lt;span style="font-family:&#x5FAE;&#x8EDF;&#x6B63;&#x9ED1;&#x9AD4;"&gt;&#x5C07;&lt;/span&gt; &lt;span style="font-family:&#x5FAE;&#x8EDF;&#x6B63;&#x9ED1;&#x9AD4;"&gt;2 &#x56DE;&#x50B3;&#x7D66; A(0,A(1,0) )&#x4E2D;&#x7684;A(1,0)&#xFF0C;&#x5F97;&#x5230;A(0,2) &lt;/span&gt;&lt;/span&gt;&lt;/span&gt;&lt;/span&gt;&lt;/p&gt;&#xD;
&#xD;
&lt;p&gt;&lt;span style="font-size:8.0000pt"&gt;&lt;span style="color:#2d54a0"&gt;&lt;span style="font-family:&#x5FAE;&#x8EDF;&#x6B63;&#x9ED1;&#x9AD4;"&gt;&lt;span style="font-family:&#x5FAE;&#x8EDF;&#x6B63;&#x9ED1;&#x9AD4;"&gt;&#x8655;&#x7406;&lt;/span&gt;&lt;span style="font-family:&#x5FAE;&#x8EDF;&#x6B63;&#x9ED1;&#x9AD4;"&gt;A(0,2) -&amp;gt; 2 + 1 = 3&lt;/span&gt;&lt;/span&gt;&lt;/span&gt;&lt;/span&gt;&lt;/p&gt;&#xD;
&#xD;
&lt;p&gt;&lt;span style="font-size:8.0000pt"&gt;&lt;span style="color:#2d54a0"&gt;&lt;span style="font-family:&#x5FAE;&#x8EDF;&#x6B63;&#x9ED1;&#x9AD4;"&gt;&lt;span style="font-family:&#x5FAE;&#x8EDF;&#x6B63;&#x9ED1;&#x9AD4;"&gt;&#x5C07;&lt;/span&gt; &lt;span style="font-family:&#x5FAE;&#x8EDF;&#x6B63;&#x9ED1;&#x9AD4;"&gt;3 &#x56DE;&#x50B3;&#x7D66; A(0,2&lt;/span&gt;&lt;/span&gt;&lt;/span&gt;&lt;/span&gt;&lt;span style="font-size:8.0000pt"&gt;&lt;span style="color:#238f86"&gt;&lt;span style="font-family:&#x5FAE;&#x8EDF;&#x6B63;&#x9ED1;&#x9AD4;"&gt;&lt;span style="font-family:&#x5FAE;&#x8EDF;&#x6B63;&#x9ED1;&#x9AD4;"&gt;)&lt;/span&gt;&lt;/span&gt;&lt;/span&gt;&lt;/span&gt;&lt;span style="font-size:8.0000pt"&gt;&lt;span style="color:#c71c31"&gt;&lt;span style="font-family:&#x5FAE;&#x8EDF;&#x6B63;&#x9ED1;&#x9AD4;"&gt;&lt;span style="font-family:&#x5FAE;&#x8EDF;&#x6B63;&#x9ED1;&#x9AD4;"&gt;&#xFF0C;&#x518D;&#x56DE;&#x50B3;&#x7D66;&lt;/span&gt; &lt;span style="font-family:&#x5FAE;&#x8EDF;&#x6B63;&#x9ED1;&#x9AD4;"&gt;A(1,1),&#x518D;&#x56DE;&#x50B3;&#x7D66;&lt;/span&gt;&lt;/span&gt;&lt;/span&gt;&lt;/span&gt;&lt;span style="font-size:8.0000pt"&gt;&lt;span style="color:#578d31"&gt;&lt;span style="font-family:&#x5FAE;&#x8EDF;&#x6B63;&#x9ED1;&#x9AD4;"&gt;&lt;span style="font-family:&#x5FAE;&#x8EDF;&#x6B63;&#x9ED1;&#x9AD4;"&gt;A(1,A(2,0) )&lt;/span&gt;&lt;/span&gt;&lt;/span&gt;&lt;/span&gt;&lt;span style="font-size:8.0000pt"&gt;&lt;span style="color:#c71c31"&gt;&lt;span style="font-family:&#x5FAE;&#x8EDF;&#x6B63;&#x9ED1;&#x9AD4;"&gt;&lt;span style="font-family:&#x5FAE;&#x8EDF;&#x6B63;&#x9ED1;&#x9AD4;"&gt;&#x4E2D;&#x7684;&lt;/span&gt;&lt;/span&gt;&lt;/span&gt;&lt;/span&gt;&lt;span style="font-size:8.0000pt"&gt;&lt;span style="color:#578d31"&gt;&lt;span style="font-family:&#x5FAE;&#x8EDF;&#x6B63;&#x9ED1;&#x9AD4;"&gt;&lt;span style="font-family:&#x5FAE;&#x8EDF;&#x6B63;&#x9ED1;&#x9AD4;"&gt;A(2,0)&lt;/span&gt;&lt;/span&gt;&lt;/span&gt;&lt;/span&gt;&lt;span style="font-size:8.0000pt"&gt;&lt;span style="color:#c71c31"&gt;&lt;span style="font-family:&#x5FAE;&#x8EDF;&#x6B63;&#x9ED1;&#x9AD4;"&gt;&lt;span style="font-family:&#x5FAE;&#x8EDF;&#x6B63;&#x9ED1;&#x9AD4;"&gt;&#xFF0C;&#x5F97;&#x5230;&lt;/span&gt;&lt;/span&gt;&lt;/span&gt;&lt;/span&gt;&lt;span style="font-size:8.0000pt"&gt;&lt;span style="color:#578d31"&gt;&lt;span style="font-family:&#x5FAE;&#x8EDF;&#x6B63;&#x9ED1;&#x9AD4;"&gt;&lt;span style="font-family:&#x5FAE;&#x8EDF;&#x6B63;&#x9ED1;&#x9AD4;"&gt;A(1,3)&lt;/span&gt;&lt;/span&gt;&lt;/span&gt;&lt;/span&gt;&lt;/p&gt;&#xD;
&#xD;
&lt;p&gt;&lt;span style="font-size:8.0000pt"&gt;&lt;span style="color:#578d31"&gt;&lt;span style="font-family:&#x5FAE;&#x8EDF;&#x6B63;&#x9ED1;&#x9AD4;"&gt;&lt;span style="font-family:&#x5FAE;&#x8EDF;&#x6B63;&#x9ED1;&#x9AD4;"&gt;&#x8655;&#x7406;&lt;/span&gt;&lt;span style="font-family:&#x5FAE;&#x8EDF;&#x6B63;&#x9ED1;&#x9AD4;"&gt;A(1,3) -&amp;gt;A(0,A(1,2) )&lt;/span&gt;&lt;/span&gt;&lt;/span&gt;&lt;/span&gt;&lt;/p&gt;&#xD;
&#xD;
&lt;p&gt;&lt;span style="font-size:8.0000pt"&gt;&lt;span style="color:#578d31"&gt;&lt;span style="font-family:&#x5FAE;&#x8EDF;&#x6B63;&#x9ED1;&#x9AD4;"&gt;&lt;span style="font-family:&#x5FAE;&#x8EDF;&#x6B63;&#x9ED1;&#x9AD4;"&gt;&#x8655;&#x7406;&lt;/span&gt;&lt;span style="font-family:&#x5FAE;&#x8EDF;&#x6B63;&#x9ED1;&#x9AD4;"&gt;A(1,2) -&amp;gt; A(0,A(1,1) )&lt;/span&gt;&lt;/span&gt;&lt;/span&gt;&lt;/span&gt;&lt;/p&gt;&#xD;
&#xD;
&lt;p&gt;&lt;span style="font-size:8.0000pt"&gt;&lt;span style="color:#578d31"&gt;&lt;span style="font-family:&#x5FAE;&#x8EDF;&#x6B63;&#x9ED1;&#x9AD4;"&gt;&lt;span style="font-family:&#x5FAE;&#x8EDF;&#x6B63;&#x9ED1;&#x9AD4;"&gt;&#x8655;&#x7406;&lt;/span&gt;&lt;span style="font-family:&#x5FAE;&#x8EDF;&#x6B63;&#x9ED1;&#x9AD4;"&gt;A(1,1) -&amp;gt; A(0,A(1,0) )&lt;/span&gt;&lt;/span&gt;&lt;/span&gt;&lt;/span&gt;&lt;/p&gt;&#xD;
&#xD;
&lt;p&gt;&lt;span style="font-size:8.0000pt"&gt;&lt;span style="color:#578d31"&gt;&lt;span style="font-family:&#x5FAE;&#x8EDF;&#x6B63;&#x9ED1;&#x9AD4;"&gt;&lt;span style="font-family:&#x5FAE;&#x8EDF;&#x6B63;&#x9ED1;&#x9AD4;"&gt;&#x8655;&#x7406;&lt;/span&gt;&lt;span style="font-family:&#x5FAE;&#x8EDF;&#x6B63;&#x9ED1;&#x9AD4;"&gt;A(1,0) -&amp;gt; A(0,1) -&amp;gt; 1+1 = 2&lt;/span&gt;&lt;/span&gt;&lt;/span&gt;&lt;/span&gt;&lt;/p&gt;&#xD;
&#xD;
&lt;p&gt;&lt;span style="font-size:8.0000pt"&gt;&lt;span style="color:#578d31"&gt;&lt;span style="font-family:&#x5FAE;&#x8EDF;&#x6B63;&#x9ED1;&#x9AD4;"&gt;&lt;span style="font-family:&#x5FAE;&#x8EDF;&#x6B63;&#x9ED1;&#x9AD4;"&gt;&#x5C07;&lt;/span&gt; &lt;span style="font-family:&#x5FAE;&#x8EDF;&#x6B63;&#x9ED1;&#x9AD4;"&gt;2 &#x56DE;&#x50B3;&#x7D66; A(0,1)&#xFF0C;&#x518D;&#x56DE;&#x50B3;&#x7D66;A(0,A(1,0) )&#x4E2D;&#x7684;A(1,0)&#xFF0C;&#x5F97;&#x5230;A(0,2) &lt;/span&gt;&lt;/span&gt;&lt;/span&gt;&lt;/span&gt;&lt;/p&gt;&#xD;
&#xD;
&lt;p&gt;&lt;span style="font-size:8.0000pt"&gt;&lt;span style="color:#578d31"&gt;&lt;span style="font-family:&#x5FAE;&#x8EDF;&#x6B63;&#x9ED1;&#x9AD4;"&gt;&lt;span style="font-family:&#x5FAE;&#x8EDF;&#x6B63;&#x9ED1;&#x9AD4;"&gt;&#x8655;&#x7406;&lt;/span&gt;&lt;span style="font-family:&#x5FAE;&#x8EDF;&#x6B63;&#x9ED1;&#x9AD4;"&gt;A(0,2) -&amp;gt; 1 + 2 = 3&lt;/span&gt;&lt;/span&gt;&lt;/span&gt;&lt;/span&gt;&lt;/p&gt;&#xD;
&#xD;
&lt;p&gt;&lt;span style="font-size:8.0000pt"&gt;&lt;span style="color:#578d31"&gt;&lt;span style="font-family:&#x5FAE;&#x8EDF;&#x6B63;&#x9ED1;&#x9AD4;"&gt;&lt;span style="font-family:&#x5FAE;&#x8EDF;&#x6B63;&#x9ED1;&#x9AD4;"&gt;&#x5C07;&lt;/span&gt; &lt;span style="font-family:&#x5FAE;&#x8EDF;&#x6B63;&#x9ED1;&#x9AD4;"&gt;3&#x56DE;&#x50B3;&#x7D66;A(0,A(1,1) ) &#x4E2D;&#x7684;A(1,1)&#xFF0C;&#x5F97;&#x5230;A(0,3) &lt;/span&gt;&lt;/span&gt;&lt;/span&gt;&lt;/span&gt;&lt;/p&gt;&#xD;
&#xD;
&lt;p&gt;&lt;span style="font-size:8.0000pt"&gt;&lt;span style="color:#578d31"&gt;&lt;span style="font-family:&#x5FAE;&#x8EDF;&#x6B63;&#x9ED1;&#x9AD4;"&gt;&lt;span style="font-family:&#x5FAE;&#x8EDF;&#x6B63;&#x9ED1;&#x9AD4;"&gt;&#x8655;&#x7406;&lt;/span&gt;&lt;span style="font-family:&#x5FAE;&#x8EDF;&#x6B63;&#x9ED1;&#x9AD4;"&gt;A(0,3) -&amp;gt; 1 + 3 = 4&lt;/span&gt;&lt;/span&gt;&lt;/span&gt;&lt;/span&gt;&lt;/p&gt;&#xD;
&#xD;
&lt;p&gt;&lt;span style="font-size:8.0000pt"&gt;&lt;span style="color:#578d31"&gt;&lt;span style="font-family:&#x5FAE;&#x8EDF;&#x6B63;&#x9ED1;&#x9AD4;"&gt;&lt;span style="font-family:&#x5FAE;&#x8EDF;&#x6B63;&#x9ED1;&#x9AD4;"&gt;&#x5C07;&lt;/span&gt; &lt;span style="font-family:&#x5FAE;&#x8EDF;&#x6B63;&#x9ED1;&#x9AD4;"&gt;4 &#x56DE;&#x50B3;&#x7D66;A(0,A(1,2) ) &#x4E2D;&#x7684;A(1,2)&#xFF0C;&#x5F97;&#x5230;A(0,4) &lt;/span&gt;&lt;/span&gt;&lt;/span&gt;&lt;/span&gt;&lt;/p&gt;&#xD;
&#xD;
&lt;p&gt;&lt;span style="font-size:8.0000pt"&gt;&lt;span style="color:#578d31"&gt;&lt;span style="font-family:&#x5FAE;&#x8EDF;&#x6B63;&#x9ED1;&#x9AD4;"&gt;&lt;span style="font-family:&#x5FAE;&#x8EDF;&#x6B63;&#x9ED1;&#x9AD4;"&gt;&#x8655;&#x7406;&lt;/span&gt;&lt;span style="font-family:&#x5FAE;&#x8EDF;&#x6B63;&#x9ED1;&#x9AD4;"&gt;A(0,4) -&amp;gt; 1 + 4 = 5&lt;/span&gt;&lt;/span&gt;&lt;/span&gt;&lt;/span&gt;&lt;/p&gt;&#xD;
&#xD;
&lt;p&gt;&lt;span style="font-size:8.0000pt"&gt;&lt;span style="color:#578d31"&gt;&lt;span style="font-family:&#x5FAE;&#x8EDF;&#x6B63;&#x9ED1;&#x9AD4;"&gt;&lt;span style="font-family:&#x5FAE;&#x8EDF;&#x6B63;&#x9ED1;&#x9AD4;"&gt;&#x5C07;&lt;/span&gt;&lt;span style="font-family:&#x5FAE;&#x8EDF;&#x6B63;&#x9ED1;&#x9AD4;"&gt;5&#x56DE;&#x50B3;&#x7D66;A(1,3)&lt;/span&gt;&lt;/span&gt;&lt;/span&gt;&lt;/span&gt;&lt;span style="font-size:8.0000pt"&gt;&lt;span style="color:#c71c31"&gt;&lt;span style="font-family:&#x5FAE;&#x8EDF;&#x6B63;&#x9ED1;&#x9AD4;"&gt;&lt;span style="font-family:&#x5FAE;&#x8EDF;&#x6B63;&#x9ED1;&#x9AD4;"&gt;&#xFF0C;&#x518D;&#x56DE;&#x50B3;&#x7D66;&lt;/span&gt;&lt;/span&gt;&lt;/span&gt;&lt;/span&gt;&lt;span style="font-size:8.0000pt"&gt;&lt;span style="color:#b58b01"&gt;&lt;span style="font-family:&#x5FAE;&#x8EDF;&#x6B63;&#x9ED1;&#x9AD4;"&gt;&amp;nbsp;&lt;span style="font-family:&#x5FAE;&#x8EDF;&#x6B63;&#x9ED1;&#x9AD4;"&gt;A(1,A(2,1) )&lt;/span&gt;&lt;/span&gt;&lt;/span&gt;&lt;/span&gt;&lt;span style="font-size:8.0000pt"&gt;&lt;span style="color:#c71c31"&gt;&lt;span style="font-family:&#x5FAE;&#x8EDF;&#x6B63;&#x9ED1;&#x9AD4;"&gt;&lt;span style="font-family:&#x5FAE;&#x8EDF;&#x6B63;&#x9ED1;&#x9AD4;"&gt;&#x4E2D;&#x7684;&lt;/span&gt;&lt;/span&gt;&lt;/span&gt;&lt;/span&gt;&lt;span style="font-size:8.0000pt"&gt;&lt;span style="color:#b58b01"&gt;&lt;span style="font-family:&#x5FAE;&#x8EDF;&#x6B63;&#x9ED1;&#x9AD4;"&gt;&lt;span style="font-family:&#x5FAE;&#x8EDF;&#x6B63;&#x9ED1;&#x9AD4;"&gt;A(2,1)&lt;/span&gt;&lt;/span&gt;&lt;/span&gt;&lt;/span&gt;&lt;span style="font-size:8.0000pt"&gt;&lt;span style="color:#c71c31"&gt;&lt;span style="font-family:&#x5FAE;&#x8EDF;&#x6B63;&#x9ED1;&#x9AD4;"&gt;&amp;nbsp;&lt;span style="font-family:&#x5FAE;&#x8EDF;&#x6B63;&#x9ED1;&#x9AD4;"&gt;&#xFF0C;&#x5F97;&#x5230;&lt;/span&gt;&lt;/span&gt;&lt;/span&gt;&lt;/span&gt;&lt;span style="font-size:8.0000pt"&gt;&lt;span style="color:#b58b01"&gt;&lt;span style="font-family:&#x5FAE;&#x8EDF;&#x6B63;&#x9ED1;&#x9AD4;"&gt;&lt;span style="font-family:&#x5FAE;&#x8EDF;&#x6B63;&#x9ED1;&#x9AD4;"&gt;A(1,5)&lt;/span&gt;&lt;/span&gt;&lt;/span&gt;&lt;/span&gt;&lt;/p&gt;&#xD;
&#xD;
&lt;p&gt;&lt;span style="font-size:8.0000pt"&gt;&lt;span style="color:#b58b01"&gt;&lt;span style="font-family:&#x5FAE;&#x8EDF;&#x6B63;&#x9ED1;&#x9AD4;"&gt;&lt;span style="font-family:&#x5FAE;&#x8EDF;&#x6B63;&#x9ED1;&#x9AD4;"&gt;&#x8655;&#x7406;&lt;/span&gt;&lt;span style="font-family:&#x5FAE;&#x8EDF;&#x6B63;&#x9ED1;&#x9AD4;"&gt;A(1,5) -&amp;gt;A(0,A(1,4) )&lt;/span&gt;&lt;/span&gt;&lt;/span&gt;&lt;/span&gt;&lt;/p&gt;&#xD;
&#xD;
&lt;p&gt;&lt;span style="font-size:8.0000pt"&gt;&lt;span style="color:#b58b01"&gt;&lt;span style="font-family:&#x5FAE;&#x8EDF;&#x6B63;&#x9ED1;&#x9AD4;"&gt;&lt;span style="font-family:&#x5FAE;&#x8EDF;&#x6B63;&#x9ED1;&#x9AD4;"&gt;&#x8655;&#x7406;&lt;/span&gt;&lt;span style="font-family:&#x5FAE;&#x8EDF;&#x6B63;&#x9ED1;&#x9AD4;"&gt;A(1,4) -&amp;gt; A(0,A(1,3) )&lt;/span&gt;&lt;/span&gt;&lt;/span&gt;&lt;/span&gt;&lt;/p&gt;&#xD;
&#xD;
&lt;p&gt;&lt;span style="font-size:8.0000pt"&gt;&lt;span style="color:#b58b01"&gt;&lt;span style="font-family:&#x5FAE;&#x8EDF;&#x6B63;&#x9ED1;&#x9AD4;"&gt;&lt;span style="font-family:&#x5FAE;&#x8EDF;&#x6B63;&#x9ED1;&#x9AD4;"&gt;&#x8655;&#x7406;&lt;/span&gt;&lt;span style="font-family:&#x5FAE;&#x8EDF;&#x6B63;&#x9ED1;&#x9AD4;"&gt;A(1,3) -&amp;gt; A(0,A(1,2) )&lt;/span&gt;&lt;/span&gt;&lt;/span&gt;&lt;/span&gt;&lt;/p&gt;&#xD;
&#xD;
&lt;p&gt;&lt;span style="font-size:8.0000pt"&gt;&lt;span style="color:#b58b01"&gt;&lt;span style="font-family:&#x5FAE;&#x8EDF;&#x6B63;&#x9ED1;&#x9AD4;"&gt;&lt;span style="font-family:&#x5FAE;&#x8EDF;&#x6B63;&#x9ED1;&#x9AD4;"&gt;&#x8655;&#x7406;&lt;/span&gt;&lt;span style="font-family:&#x5FAE;&#x8EDF;&#x6B63;&#x9ED1;&#x9AD4;"&gt;A(1,2) -&amp;gt; A(0,A(1,1) )&lt;/span&gt;&lt;/span&gt;&lt;/span&gt;&lt;/span&gt;&lt;/p&gt;&#xD;
&#xD;
&lt;p&gt;&lt;span style="font-size:8.0000pt"&gt;&lt;span style="color:#b58b01"&gt;&lt;span style="font-family:&#x5FAE;&#x8EDF;&#x6B63;&#x9ED1;&#x9AD4;"&gt;&lt;span style="font-family:&#x5FAE;&#x8EDF;&#x6B63;&#x9ED1;&#x9AD4;"&gt;&#x8655;&#x7406;&lt;/span&gt;&lt;span style="font-family:&#x5FAE;&#x8EDF;&#x6B63;&#x9ED1;&#x9AD4;"&gt;A(1,1) -&amp;gt; A(0,A(1,0) )&lt;/span&gt;&lt;/span&gt;&lt;/span&gt;&lt;/span&gt;&lt;/p&gt;&#xD;
&#xD;
&lt;p&gt;&lt;span style="font-size:8.0000pt"&gt;&lt;span style="color:#b58b01"&gt;&lt;span style="font-family:&#x5FAE;&#x8EDF;&#x6B63;&#x9ED1;&#x9AD4;"&gt;&lt;span style="font-family:&#x5FAE;&#x8EDF;&#x6B63;&#x9ED1;&#x9AD4;"&gt;&#x8655;&#x7406;&lt;/span&gt;&lt;span style="font-family:&#x5FAE;&#x8EDF;&#x6B63;&#x9ED1;&#x9AD4;"&gt;A(1,0) -&amp;gt; A(0,1) -&amp;gt; 1+1 = 2&lt;/span&gt;&lt;/span&gt;&lt;/span&gt;&lt;/span&gt;&lt;/p&gt;&#xD;
&#xD;
&lt;p&gt;&lt;span style="font-size:8.0000pt"&gt;&lt;span style="color:#b58b01"&gt;&lt;span style="font-family:&#x5FAE;&#x8EDF;&#x6B63;&#x9ED1;&#x9AD4;"&gt;&lt;span style="font-family:&#x5FAE;&#x8EDF;&#x6B63;&#x9ED1;&#x9AD4;"&gt;&#x5C07;&lt;/span&gt; &lt;span style="font-family:&#x5FAE;&#x8EDF;&#x6B63;&#x9ED1;&#x9AD4;"&gt;2 &#x56DE;&#x50B3;&#x7D66; A(0,1)&#xFF0C;&#x518D;&#x56DE;&#x50B3;&#x7D66;A(0,A(1,0) )&#x4E2D;&#x7684;A(1,0)&#xFF0C;&#x5F97;&#x5230;A(0,2) &lt;/span&gt;&lt;/span&gt;&lt;/span&gt;&lt;/span&gt;&lt;/p&gt;&#xD;
&#xD;
&lt;p&gt;&lt;span style="font-size:8.0000pt"&gt;&lt;span style="color:#b58b01"&gt;&lt;span style="font-family:&#x5FAE;&#x8EDF;&#x6B63;&#x9ED1;&#x9AD4;"&gt;&lt;span style="font-family:&#x5FAE;&#x8EDF;&#x6B63;&#x9ED1;&#x9AD4;"&gt;&#x8655;&#x7406;&lt;/span&gt;&lt;span style="font-family:&#x5FAE;&#x8EDF;&#x6B63;&#x9ED1;&#x9AD4;"&gt;A(0,2) -&amp;gt; 1 + 2 = 3&lt;/span&gt;&lt;/span&gt;&lt;/span&gt;&lt;/span&gt;&lt;/p&gt;&#xD;
&#xD;
&lt;p&gt;&lt;span style="font-size:8.0000pt"&gt;&lt;span style="color:#b58b01"&gt;&lt;span style="font-family:&#x5FAE;&#x8EDF;&#x6B63;&#x9ED1;&#x9AD4;"&gt;&lt;span style="font-family:&#x5FAE;&#x8EDF;&#x6B63;&#x9ED1;&#x9AD4;"&gt;&#x5C07;&lt;/span&gt; &lt;span style="font-family:&#x5FAE;&#x8EDF;&#x6B63;&#x9ED1;&#x9AD4;"&gt;3 &#x56DE;&#x50B3;&#x7D66;A(0,A(1,1) ) &#x4E2D;&#x7684;A(1,1)&#xFF0C;&#x5F97;&#x5230;A(0,3) &lt;/span&gt;&lt;/span&gt;&lt;/span&gt;&lt;/span&gt;&lt;/p&gt;&#xD;
&#xD;
&lt;p&gt;&lt;span style="font-size:8.0000pt"&gt;&lt;span style="color:#b58b01"&gt;&lt;span style="font-family:&#x5FAE;&#x8EDF;&#x6B63;&#x9ED1;&#x9AD4;"&gt;&lt;span style="font-family:&#x5FAE;&#x8EDF;&#x6B63;&#x9ED1;&#x9AD4;"&gt;&#x8655;&#x7406;&lt;/span&gt;&lt;span style="font-family:&#x5FAE;&#x8EDF;&#x6B63;&#x9ED1;&#x9AD4;"&gt;A(0,3) -&amp;gt; 1 + 3 = 4&lt;/span&gt;&lt;/span&gt;&lt;/span&gt;&lt;/span&gt;&lt;/p&gt;&#xD;
&#xD;
&lt;p&gt;&lt;span style="font-size:8.0000pt"&gt;&lt;span style="color:#b58b01"&gt;&lt;span style="font-family:&#x5FAE;&#x8EDF;&#x6B63;&#x9ED1;&#x9AD4;"&gt;&lt;span style="font-family:&#x5FAE;&#x8EDF;&#x6B63;&#x9ED1;&#x9AD4;"&gt;&#x5C07;&lt;/span&gt; &lt;span style="font-family:&#x5FAE;&#x8EDF;&#x6B63;&#x9ED1;&#x9AD4;"&gt;4 &#x56DE;&#x50B3;&#x7D66;A(0,A(1,2) ) &#x4E2D;&#x7684;A(1,2)&#xFF0C;&#x5F97;&#x5230;A(0,4) &lt;/span&gt;&lt;/span&gt;&lt;/span&gt;&lt;/span&gt;&lt;/p&gt;&#xD;
&#xD;
&lt;p&gt;&lt;span style="font-size:8.0000pt"&gt;&lt;span style="color:#b58b01"&gt;&lt;span style="font-family:&#x5FAE;&#x8EDF;&#x6B63;&#x9ED1;&#x9AD4;"&gt;&lt;span style="font-family:&#x5FAE;&#x8EDF;&#x6B63;&#x9ED1;&#x9AD4;"&gt;&#x8655;&#x7406;&lt;/span&gt;&lt;span style="font-family:&#x5FAE;&#x8EDF;&#x6B63;&#x9ED1;&#x9AD4;"&gt;A(0,4) -&amp;gt; 1 + 4 = 5&lt;/span&gt;&lt;/span&gt;&lt;/span&gt;&lt;/span&gt;&lt;/p&gt;&#xD;
&#xD;
&lt;p&gt;&lt;span style="font-size:8.0000pt"&gt;&lt;span style="color:#b58b01"&gt;&lt;span style="font-family:&#x5FAE;&#x8EDF;&#x6B63;&#x9ED1;&#x9AD4;"&gt;&lt;span style="font-family:&#x5FAE;&#x8EDF;&#x6B63;&#x9ED1;&#x9AD4;"&gt;&#x5C07;&lt;/span&gt; &lt;span style="font-family:&#x5FAE;&#x8EDF;&#x6B63;&#x9ED1;&#x9AD4;"&gt;5 &#x56DE;&#x50B3;&#x7D66;A(0,A(1,3) ) &#x4E2D;&#x7684;A(1,3)&#xFF0C;&#x5F97;&#x5230;A(0,5) &lt;/span&gt;&lt;/span&gt;&lt;/span&gt;&lt;/span&gt;&lt;/p&gt;&#xD;
&#xD;
&lt;p&gt;&lt;span style="font-size:8.0000pt"&gt;&lt;span style="color:#b58b01"&gt;&lt;span style="font-family:&#x5FAE;&#x8EDF;&#x6B63;&#x9ED1;&#x9AD4;"&gt;&lt;span style="font-family:&#x5FAE;&#x8EDF;&#x6B63;&#x9ED1;&#x9AD4;"&gt;&#x8655;&#x7406;&lt;/span&gt;&lt;span style="font-family:&#x5FAE;&#x8EDF;&#x6B63;&#x9ED1;&#x9AD4;"&gt;A(0,5) -&amp;gt; 1 + 5 = 6&lt;/span&gt;&lt;/span&gt;&lt;/span&gt;&lt;/span&gt;&lt;/p&gt;&#xD;
&#xD;
&lt;p&gt;&lt;span style="font-size:8.0000pt"&gt;&lt;span style="color:#b58b01"&gt;&lt;span style="font-family:&#x5FAE;&#x8EDF;&#x6B63;&#x9ED1;&#x9AD4;"&gt;&lt;span style="font-family:&#x5FAE;&#x8EDF;&#x6B63;&#x9ED1;&#x9AD4;"&gt;&#x5C07;&lt;/span&gt; &lt;span style="font-family:&#x5FAE;&#x8EDF;&#x6B63;&#x9ED1;&#x9AD4;"&gt;6 &#x56DE;&#x50B3;&#x7D66;A(0,A(1,4) ) &#x4E2D;&#x7684;A(1,4)&#xFF0C;&#x5F97;&#x5230;A(0,6) &lt;/span&gt;&lt;/span&gt;&lt;/span&gt;&lt;/span&gt;&lt;/p&gt;&#xD;
&#xD;
&lt;p&gt;&lt;span style="font-size:8.0000pt"&gt;&lt;span style="color:#b58b01"&gt;&lt;span style="font-family:&#x5FAE;&#x8EDF;&#x6B63;&#x9ED1;&#x9AD4;"&gt;&lt;span style="font-family:&#x5FAE;&#x8EDF;&#x6B63;&#x9ED1;&#x9AD4;"&gt;&#x8655;&#x7406;&lt;/span&gt;&lt;span style="font-family:&#x5FAE;&#x8EDF;&#x6B63;&#x9ED1;&#x9AD4;"&gt;A(0,6) -&amp;gt; 1 + 6 = 7&lt;/span&gt;&lt;/span&gt;&lt;/span&gt;&lt;/span&gt;&lt;/p&gt;&#xD;
&#xD;
&lt;p&gt;&lt;span style="font-size:8.0000pt"&gt;&lt;span style="color:#b58b01"&gt;&lt;span style="font-family:&#x5FAE;&#x8EDF;&#x6B63;&#x9ED1;&#x9AD4;"&gt;&lt;span style="font-family:&#x5FAE;&#x8EDF;&#x6B63;&#x9ED1;&#x9AD4;"&gt;&#x5C07;&lt;/span&gt;&lt;span style="font-family:&#x5FAE;&#x8EDF;&#x6B63;&#x9ED1;&#x9AD4;"&gt;7&#x56DE;&#x50B3;&#x7D66;A(1,5)&lt;/span&gt;&lt;/span&gt;&lt;/span&gt;&lt;/span&gt;&lt;span style="font-size:8.0000pt"&gt;&lt;span style="color:#c71c31"&gt;&lt;span style="font-family:&#x5FAE;&#x8EDF;&#x6B63;&#x9ED1;&#x9AD4;"&gt;&lt;span style="font-family:&#x5FAE;&#x8EDF;&#x6B63;&#x9ED1;&#x9AD4;"&gt;&#xFF0C;&#x518D;&#x56DE;&#x50B3;&#x7D66;&lt;/span&gt;&lt;/span&gt;&lt;/span&gt;&lt;/span&gt;&lt;span style="font-size:8.0000pt"&gt;&lt;span style="color:#238f86"&gt;&lt;span style="font-family:&#x5FAE;&#x8EDF;&#x6B63;&#x9ED1;&#x9AD4;"&gt;&lt;span style="font-family:&#x5FAE;&#x8EDF;&#x6B63;&#x9ED1;&#x9AD4;"&gt;A(1,A(2,2) )&lt;/span&gt;&lt;/span&gt;&lt;/span&gt;&lt;/span&gt;&lt;span style="font-size:8.0000pt"&gt;&lt;span style="color:#c71c31"&gt;&lt;span style="font-family:&#x5FAE;&#x8EDF;&#x6B63;&#x9ED1;&#x9AD4;"&gt;&lt;span style="font-family:&#x5FAE;&#x8EDF;&#x6B63;&#x9ED1;&#x9AD4;"&gt;&#x4E2D;&#x7684;&lt;/span&gt;&lt;/span&gt;&lt;/span&gt;&lt;/span&gt;&lt;span style="font-size:8.0000pt"&gt;&lt;span style="color:#238f86"&gt;&lt;span style="font-family:&#x5FAE;&#x8EDF;&#x6B63;&#x9ED1;&#x9AD4;"&gt;&lt;span style="font-family:&#x5FAE;&#x8EDF;&#x6B63;&#x9ED1;&#x9AD4;"&gt;A(2,2)&lt;/span&gt;&lt;/span&gt;&lt;/span&gt;&lt;/span&gt;&lt;span style="font-size:8.0000pt"&gt;&lt;span style="color:#c71c31"&gt;&lt;span style="font-family:&#x5FAE;&#x8EDF;&#x6B63;&#x9ED1;&#x9AD4;"&gt;&amp;nbsp;&lt;span style="font-family:&#x5FAE;&#x8EDF;&#x6B63;&#x9ED1;&#x9AD4;"&gt;&#xFF0C;&#x5F97;&#x5230;&lt;/span&gt;&lt;/span&gt;&lt;/span&gt;&lt;/span&gt;&lt;span style="font-size:8.0000pt"&gt;&lt;span style="color:#238f86"&gt;&lt;span style="font-family:&#x5FAE;&#x8EDF;&#x6B63;&#x9ED1;&#x9AD4;"&gt;&lt;span style="font-family:&#x5FAE;&#x8EDF;&#x6B63;&#x9ED1;&#x9AD4;"&gt;A(1,7)&lt;/span&gt;&lt;/span&gt;&lt;/span&gt;&lt;/span&gt;&lt;/p&gt;&#xD;
&#xD;
&lt;p&gt;&lt;span style="font-size:8.0000pt"&gt;&lt;span style="color:#238f86"&gt;&lt;span style="font-family:&#x5FAE;&#x8EDF;&#x6B63;&#x9ED1;&#x9AD4;"&gt;&lt;span style="font-family:&#x5FAE;&#x8EDF;&#x6B63;&#x9ED1;&#x9AD4;"&gt;&#x8655;&#x7406;&lt;/span&gt;&lt;span style="font-family:&#x5FAE;&#x8EDF;&#x6B63;&#x9ED1;&#x9AD4;"&gt;A(1,7) -&amp;gt;A(0,A(1,6) )&lt;/span&gt;&lt;/span&gt;&lt;/span&gt;&lt;/span&gt;&lt;/p&gt;&#xD;
&#xD;
&lt;p&gt;&lt;span style="font-size:8.0000pt"&gt;&lt;span style="color:#238f86"&gt;&lt;span style="font-family:&#x5FAE;&#x8EDF;&#x6B63;&#x9ED1;&#x9AD4;"&gt;&lt;span style="font-family:&#x5FAE;&#x8EDF;&#x6B63;&#x9ED1;&#x9AD4;"&gt;&#x8655;&#x7406;&lt;/span&gt;&lt;span style="font-family:&#x5FAE;&#x8EDF;&#x6B63;&#x9ED1;&#x9AD4;"&gt;A(1,6) -&amp;gt; A(0,A(1,5) )&lt;/span&gt;&lt;/span&gt;&lt;/span&gt;&lt;/span&gt;&lt;/p&gt;&#xD;
&#xD;
&lt;p&gt;&lt;span style="font-size:8.0000pt"&gt;&lt;span style="color:#238f86"&gt;&lt;span style="font-family:&#x5FAE;&#x8EDF;&#x6B63;&#x9ED1;&#x9AD4;"&gt;&lt;span style="font-family:&#x5FAE;&#x8EDF;&#x6B63;&#x9ED1;&#x9AD4;"&gt;&#x8655;&#x7406;&lt;/span&gt;&lt;span style="font-family:&#x5FAE;&#x8EDF;&#x6B63;&#x9ED1;&#x9AD4;"&gt;A(1,5) -&amp;gt; A(0,A(1,4) )&lt;/span&gt;&lt;/span&gt;&lt;/span&gt;&lt;/span&gt;&lt;/p&gt;&#xD;
&#xD;
&lt;p&gt;&lt;span style="font-size:8.0000pt"&gt;&lt;span style="color:#238f86"&gt;&lt;span style="font-family:&#x5FAE;&#x8EDF;&#x6B63;&#x9ED1;&#x9AD4;"&gt;&lt;span style="font-family:&#x5FAE;&#x8EDF;&#x6B63;&#x9ED1;&#x9AD4;"&gt;&#x8655;&#x7406;&lt;/span&gt;&lt;span style="font-family:&#x5FAE;&#x8EDF;&#x6B63;&#x9ED1;&#x9AD4;"&gt;A(1,4) -&amp;gt; A(0,A(1,3) )&lt;/span&gt;&lt;/span&gt;&lt;/span&gt;&lt;/span&gt;&lt;/p&gt;&#xD;
&#xD;
&lt;p&gt;&lt;span style="font-size:8.0000pt"&gt;&lt;span style="color:#238f86"&gt;&lt;span style="font-family:&#x5FAE;&#x8EDF;&#x6B63;&#x9ED1;&#x9AD4;"&gt;&lt;span style="font-family:&#x5FAE;&#x8EDF;&#x6B63;&#x9ED1;&#x9AD4;"&gt;&#x8655;&#x7406;&lt;/span&gt;&lt;span style="font-family:&#x5FAE;&#x8EDF;&#x6B63;&#x9ED1;&#x9AD4;"&gt;A(1,3) -&amp;gt; A(0,A(1,2) )&lt;/span&gt;&lt;/span&gt;&lt;/span&gt;&lt;/span&gt;&lt;/p&gt;&#xD;
&#xD;
&lt;p&gt;&lt;span style="font-size:8.0000pt"&gt;&lt;span style="color:#238f86"&gt;&lt;span style="font-family:&#x5FAE;&#x8EDF;&#x6B63;&#x9ED1;&#x9AD4;"&gt;&lt;span style="font-family:&#x5FAE;&#x8EDF;&#x6B63;&#x9ED1;&#x9AD4;"&gt;&#x8655;&#x7406;&lt;/span&gt;&lt;span style="font-family:&#x5FAE;&#x8EDF;&#x6B63;&#x9ED1;&#x9AD4;"&gt;A(1,2) -&amp;gt; A(0,A(1,1) )&lt;/span&gt;&lt;/span&gt;&lt;/span&gt;&lt;/span&gt;&lt;/p&gt;&#xD;
&#xD;
&lt;p&gt;&lt;span style="font-size:8.0000pt"&gt;&lt;span style="color:#238f86"&gt;&lt;span style="font-family:&#x5FAE;&#x8EDF;&#x6B63;&#x9ED1;&#x9AD4;"&gt;&lt;span style="font-family:&#x5FAE;&#x8EDF;&#x6B63;&#x9ED1;&#x9AD4;"&gt;&#x8655;&#x7406;&lt;/span&gt;&lt;span style="font-family:&#x5FAE;&#x8EDF;&#x6B63;&#x9ED1;&#x9AD4;"&gt;A(1,1) -&amp;gt; A(0,A(1,0) )&lt;/span&gt;&lt;/span&gt;&lt;/span&gt;&lt;/span&gt;&lt;/p&gt;&#xD;
&#xD;
&lt;p&gt;&lt;span style="font-size:8.0000pt"&gt;&lt;span style="color:#238f86"&gt;&lt;span style="font-family:&#x5FAE;&#x8EDF;&#x6B63;&#x9ED1;&#x9AD4;"&gt;&lt;span style="font-family:&#x5FAE;&#x8EDF;&#x6B63;&#x9ED1;&#x9AD4;"&gt;&#x8655;&#x7406;&lt;/span&gt;&lt;span style="font-family:&#x5FAE;&#x8EDF;&#x6B63;&#x9ED1;&#x9AD4;"&gt;A(1,0) -&amp;gt; A(0,1) -&amp;gt; 1+1 = 2&lt;/span&gt;&lt;/span&gt;&lt;/span&gt;&lt;/span&gt;&lt;/p&gt;&#xD;
&#xD;
&lt;p&gt;&lt;span style="font-size:8.0000pt"&gt;&lt;span style="color:#238f86"&gt;&lt;span style="font-family:&#x5FAE;&#x8EDF;&#x6B63;&#x9ED1;&#x9AD4;"&gt;&lt;span style="font-family:&#x5FAE;&#x8EDF;&#x6B63;&#x9ED1;&#x9AD4;"&gt;&#x5C07;&lt;/span&gt; &lt;span style="font-family:&#x5FAE;&#x8EDF;&#x6B63;&#x9ED1;&#x9AD4;"&gt;2 &#x56DE;&#x50B3;&#x7D66; A(0,1)&#xFF0C;&#x518D;&#x56DE;&#x50B3;&#x7D66;A(0,A(1,0) )&#x4E2D;&#x7684;A(1,0)&#xFF0C;&#x5F97;&#x5230;A(0,2) &lt;/span&gt;&lt;/span&gt;&lt;/span&gt;&lt;/span&gt;&lt;/p&gt;&#xD;
&#xD;
&lt;p&gt;&lt;span style="font-size:8.0000pt"&gt;&lt;span style="color:#238f86"&gt;&lt;span style="font-family:&#x5FAE;&#x8EDF;&#x6B63;&#x9ED1;&#x9AD4;"&gt;&lt;span style="font-family:&#x5FAE;&#x8EDF;&#x6B63;&#x9ED1;&#x9AD4;"&gt;&#x8655;&#x7406;&lt;/span&gt;&lt;span style="font-family:&#x5FAE;&#x8EDF;&#x6B63;&#x9ED1;&#x9AD4;"&gt;A(0,2) -&amp;gt; 1 + 2 = 3&lt;/span&gt;&lt;/span&gt;&lt;/span&gt;&lt;/span&gt;&lt;/p&gt;&#xD;
&#xD;
&lt;p&gt;&lt;span style="font-size:8.0000pt"&gt;&lt;span style="color:#238f86"&gt;&lt;span style="font-family:&#x5FAE;&#x8EDF;&#x6B63;&#x9ED1;&#x9AD4;"&gt;&lt;span style="font-family:&#x5FAE;&#x8EDF;&#x6B63;&#x9ED1;&#x9AD4;"&gt;&#x5C07;&lt;/span&gt; &lt;span style="font-family:&#x5FAE;&#x8EDF;&#x6B63;&#x9ED1;&#x9AD4;"&gt;3&#x56DE;&#x50B3;&#x7D66;A(0,A(1,1) ) &#x4E2D;&#x7684;A(1,1)&#xFF0C;&#x5F97;&#x5230;A(0,3) &lt;/span&gt;&lt;/span&gt;&lt;/span&gt;&lt;/span&gt;&lt;/p&gt;&#xD;
&#xD;
&lt;p&gt;&lt;span style="font-size:8.0000pt"&gt;&lt;span style="color:#238f86"&gt;&lt;span style="font-family:&#x5FAE;&#x8EDF;&#x6B63;&#x9ED1;&#x9AD4;"&gt;&lt;span style="font-family:&#x5FAE;&#x8EDF;&#x6B63;&#x9ED1;&#x9AD4;"&gt;&#x8655;&#x7406;&lt;/span&gt;&lt;span style="font-family:&#x5FAE;&#x8EDF;&#x6B63;&#x9ED1;&#x9AD4;"&gt;A(0,3) -&amp;gt; 1 + 3 = 4&lt;/span&gt;&lt;/span&gt;&lt;/span&gt;&lt;/span&gt;&lt;/p&gt;&#xD;
&#xD;
&lt;p&gt;&lt;span style="font-size:8.0000pt"&gt;&lt;span style="color:#238f86"&gt;&lt;span style="font-family:&#x5FAE;&#x8EDF;&#x6B63;&#x9ED1;&#x9AD4;"&gt;&lt;span style="font-family:&#x5FAE;&#x8EDF;&#x6B63;&#x9ED1;&#x9AD4;"&gt;&#x5C07;&lt;/span&gt; &lt;span style="font-family:&#x5FAE;&#x8EDF;&#x6B63;&#x9ED1;&#x9AD4;"&gt;4 &#x56DE;&#x50B3;&#x7D66;A(0,A(1,2) ) &#x4E2D;&#x7684;A(1,2)&#xFF0C;&#x5F97;&#x5230;A(0,4) &lt;/span&gt;&lt;/span&gt;&lt;/span&gt;&lt;/span&gt;&lt;/p&gt;&#xD;
&#xD;
&lt;p&gt;&lt;span style="font-size:8.0000pt"&gt;&lt;span style="color:#238f86"&gt;&lt;span style="font-family:&#x5FAE;&#x8EDF;&#x6B63;&#x9ED1;&#x9AD4;"&gt;&lt;span style="font-family:&#x5FAE;&#x8EDF;&#x6B63;&#x9ED1;&#x9AD4;"&gt;&#x8655;&#x7406;&lt;/span&gt;&lt;span style="font-family:&#x5FAE;&#x8EDF;&#x6B63;&#x9ED1;&#x9AD4;"&gt;A(0,4) -&amp;gt; 1 + 4 = 5&lt;/span&gt;&lt;/span&gt;&lt;/span&gt;&lt;/span&gt;&lt;/p&gt;&#xD;
&#xD;
&lt;p&gt;&lt;span style="font-size:8.0000pt"&gt;&lt;span style="color:#238f86"&gt;&lt;span style="font-family:&#x5FAE;&#x8EDF;&#x6B63;&#x9ED1;&#x9AD4;"&gt;&lt;span style="font-family:&#x5FAE;&#x8EDF;&#x6B63;&#x9ED1;&#x9AD4;"&gt;&#x5C07;&lt;/span&gt; &lt;span style="font-family:&#x5FAE;&#x8EDF;&#x6B63;&#x9ED1;&#x9AD4;"&gt;5 &#x56DE;&#x50B3;&#x7D66;A(0,A(1,3) ) &#x4E2D;&#x7684;A(1,3)&#xFF0C;&#x5F97;&#x5230;A(0,5) &lt;/span&gt;&lt;/span&gt;&lt;/span&gt;&lt;/span&gt;&lt;/p&gt;&#xD;
&#xD;
&lt;p&gt;&lt;span style="font-size:8.0000pt"&gt;&lt;span style="color:#238f86"&gt;&lt;span style="font-family:&#x5FAE;&#x8EDF;&#x6B63;&#x9ED1;&#x9AD4;"&gt;&lt;span style="font-family:&#x5FAE;&#x8EDF;&#x6B63;&#x9ED1;&#x9AD4;"&gt;&#x8655;&#x7406;&lt;/span&gt;&lt;span style="font-family:&#x5FAE;&#x8EDF;&#x6B63;&#x9ED1;&#x9AD4;"&gt;A(0,5) -&amp;gt; 1 + 5 = 6&lt;/span&gt;&lt;/span&gt;&lt;/span&gt;&lt;/span&gt;&lt;/p&gt;&#xD;
&#xD;
&lt;p&gt;&lt;span style="font-size:8.0000pt"&gt;&lt;span style="color:#238f86"&gt;&lt;span style="font-family:&#x5FAE;&#x8EDF;&#x6B63;&#x9ED1;&#x9AD4;"&gt;&lt;span style="font-family:&#x5FAE;&#x8EDF;&#x6B63;&#x9ED1;&#x9AD4;"&gt;&#x5C07;&lt;/span&gt; &lt;span style="font-family:&#x5FAE;&#x8EDF;&#x6B63;&#x9ED1;&#x9AD4;"&gt;6 &#x56DE;&#x50B3;&#x7D66;A(0,A(1,4) ) &#x4E2D;&#x7684;A(1,4)&#xFF0C;&#x5F97;&#x5230;A(0,6) &lt;/span&gt;&lt;/span&gt;&lt;/span&gt;&lt;/span&gt;&lt;/p&gt;&#xD;
&#xD;
&lt;p&gt;&lt;span style="font-size:8.0000pt"&gt;&lt;span style="color:#238f86"&gt;&lt;span style="font-family:&#x5FAE;&#x8EDF;&#x6B63;&#x9ED1;&#x9AD4;"&gt;&lt;span style="font-family:&#x5FAE;&#x8EDF;&#x6B63;&#x9ED1;&#x9AD4;"&gt;&#x8655;&#x7406;&lt;/span&gt;&lt;span style="font-family:&#x5FAE;&#x8EDF;&#x6B63;&#x9ED1;&#x9AD4;"&gt;A(0,6) -&amp;gt; 1 + 6 = 7&lt;/span&gt;&lt;/span&gt;&lt;/span&gt;&lt;/span&gt;&lt;/p&gt;&#xD;
&#xD;
&lt;p&gt;&lt;span style="font-size:8.0000pt"&gt;&lt;span style="color:#238f86"&gt;&lt;span style="font-family:&#x5FAE;&#x8EDF;&#x6B63;&#x9ED1;&#x9AD4;"&gt;&lt;span style="font-family:&#x5FAE;&#x8EDF;&#x6B63;&#x9ED1;&#x9AD4;"&gt;&#x5C07;&lt;/span&gt; &lt;span style="font-family:&#x5FAE;&#x8EDF;&#x6B63;&#x9ED1;&#x9AD4;"&gt;7 &#x56DE;&#x50B3;&#x7D66;A(0,A(1,5) ) &#x4E2D;&#x7684;A(1,5)&#xFF0C;&#x5F97;&#x5230;A(0,7) &lt;/span&gt;&lt;/span&gt;&lt;/span&gt;&lt;/span&gt;&lt;/p&gt;&#xD;
&#xD;
&lt;p&gt;&lt;span style="font-size:8.0000pt"&gt;&lt;span style="color:#238f86"&gt;&lt;span style="font-family:&#x5FAE;&#x8EDF;&#x6B63;&#x9ED1;&#x9AD4;"&gt;&lt;span style="font-family:&#x5FAE;&#x8EDF;&#x6B63;&#x9ED1;&#x9AD4;"&gt;&#x8655;&#x7406;&lt;/span&gt;&lt;span style="font-family:&#x5FAE;&#x8EDF;&#x6B63;&#x9ED1;&#x9AD4;"&gt;A(0,7) -&amp;gt; 1 + 7 = 8&lt;/span&gt;&lt;/span&gt;&lt;/span&gt;&lt;/span&gt;&lt;/p&gt;&#xD;
&#xD;
&lt;p&gt;&lt;span style="font-size:8.0000pt"&gt;&lt;span style="color:#238f86"&gt;&lt;span style="font-family:&#x5FAE;&#x8EDF;&#x6B63;&#x9ED1;&#x9AD4;"&gt;&lt;span style="font-family:&#x5FAE;&#x8EDF;&#x6B63;&#x9ED1;&#x9AD4;"&gt;&#x5C07;&lt;/span&gt; &lt;span style="font-family:&#x5FAE;&#x8EDF;&#x6B63;&#x9ED1;&#x9AD4;"&gt;8 &#x56DE;&#x50B3;&#x7D66;A(0,A(1,6) ) &#x4E2D;&#x7684;A(1,6)&#xFF0C;&#x5F97;&#x5230;A(0,8) &lt;/span&gt;&lt;/span&gt;&lt;/span&gt;&lt;/span&gt;&lt;/p&gt;&#xD;
&#xD;
&lt;p&gt;&lt;span style="font-size:8.0000pt"&gt;&lt;span style="color:#238f86"&gt;&lt;span style="font-family:&#x5FAE;&#x8EDF;&#x6B63;&#x9ED1;&#x9AD4;"&gt;&lt;span style="font-family:&#x5FAE;&#x8EDF;&#x6B63;&#x9ED1;&#x9AD4;"&gt;&#x8655;&#x7406;&lt;/span&gt;&lt;span style="font-family:&#x5FAE;&#x8EDF;&#x6B63;&#x9ED1;&#x9AD4;"&gt;A(0,8) -&amp;gt; 1 + 8 = 9&lt;/span&gt;&lt;/span&gt;&lt;/span&gt;&lt;/span&gt;&lt;/p&gt;&#xD;
&#xD;
&lt;p&gt;&lt;span style="font-size:8.0000pt"&gt;&lt;span style="color:#238f86"&gt;&lt;span style="font-family:&#x5FAE;&#x8EDF;&#x6B63;&#x9ED1;&#x9AD4;"&gt;&lt;span style="font-family:&#x5FAE;&#x8EDF;&#x6B63;&#x9ED1;&#x9AD4;"&gt;&#x5C07;&lt;/span&gt;&lt;span style="font-family:&#x5FAE;&#x8EDF;&#x6B63;&#x9ED1;&#x9AD4;"&gt;9&#x56DE;&#x50B3;&#x7D66;A(1,7)&lt;/span&gt;&lt;/span&gt;&lt;/span&gt;&lt;/span&gt;&lt;span style="font-size:8.0000pt"&gt;&lt;span style="color:#c71c31"&gt;&lt;span style="font-family:&#x5FAE;&#x8EDF;&#x6B63;&#x9ED1;&#x9AD4;"&gt;&lt;span style="font-family:&#x5FAE;&#x8EDF;&#x6B63;&#x9ED1;&#x9AD4;"&gt;&#xFF0C;&#x518D;&#x56DE;&#x50B3;&#x7D66;&lt;/span&gt;&lt;/span&gt;&lt;/span&gt;&lt;/span&gt;&lt;span style="font-size:8.0000pt"&gt;&lt;span style="color:#c71c31"&gt;&lt;span style="font-family:&#x5FAE;&#x8EDF;&#x6B63;&#x9ED1;&#x9AD4;"&gt;A(2,3)&lt;/span&gt;&lt;/span&gt;&lt;/span&gt;&lt;/p&gt;&#xD;
&#xD;
&lt;p&gt;&lt;span style="font-size:8.0000pt"&gt;&lt;span style="color:#c71c31"&gt;&lt;span style="font-family:&#x5FAE;&#x8EDF;&#x6B63;&#x9ED1;&#x9AD4;"&gt;&lt;span style="font-family:&#x5FAE;&#x8EDF;&#x6B63;&#x9ED1;&#x9AD4;"&gt;&#x5F97;&#x5230;&lt;/span&gt;&lt;/span&gt;&lt;/span&gt;&lt;/span&gt;&lt;span style="font-size:8.0000pt"&gt;&lt;span style="color:#c71c31"&gt;&lt;span style="font-family:&#x5FAE;&#x8EDF;&#x6B63;&#x9ED1;&#x9AD4;"&gt;Acker(2,3)&lt;/span&gt;&lt;/span&gt;&lt;/span&gt;&lt;span style="font-size:8.0000pt"&gt;&lt;span style="color:#c71c31"&gt;&lt;span style="font-family:&#x5FAE;&#x8EDF;&#x6B63;&#x9ED1;&#x9AD4;"&gt;&amp;nbsp;&lt;span style="font-family:&#x5FAE;&#x8EDF;&#x6B63;&#x9ED1;&#x9AD4;"&gt;= 9&lt;/span&gt;&lt;/span&gt;&lt;/span&gt;&lt;/span&gt;&lt;/p&gt;</content>
  <attach></attach>
  <rcount></rcount>
  <rank></rank>
  <hit>45</hit>
  <lang>1</lang>
</data>
