<?xml version="1.0"?>
<data version="3.0" time="2024-06-30 08:54:28" type="post" filename="b000000015000000001.xml">
  <open_time>0000-00-00</open_time>
  <close_time>0000-00-00</close_time>
  <lang_name>Big5</lang_name>
  <board_id>1001296417</board_id>
  <node>000000015000000001</node>
  <site>1000110001</site>
  <pt>2023-09-20 22:44:38</pt>
  <poster>11277028</poster>
  <realname>&#x6C5F;&#x6668;&#x9298;  </realname>
  <email>gugugu1127@gmail.com</email>
  <homepage>  </homepage>
  <subject>Re: 104  </subject>
  <content>&lt;p&gt;&#x6709;&#x95DC;&#x905E;&#x8FF4;&#x7684;&#x63CF;&#x8FF0;&#x82E5;&#x80FD;&#x8AAA;&#x660E;&#x5B8C;&#x6574;&#x6703;&#x66F4;&#x597D;&#xFF0C;&#x4E26;&#x89E3;&#x91CB;&#x4F55;&#x8B02;&amp;quot;Divide and Conquer&amp;quot;&lt;/p&gt; </content>
  <attach></attach>
  <rcount></rcount>
  <rank></rank>
  <hit>1</hit>
  <lang>1</lang>
</data>
