<?xml version="1.0"?>
<data version="3.0" time="2024-06-30 08:54:28" type="post" filename="b000000017.xml">
  <open_time>0000-00-00</open_time>
  <close_time>0000-00-00</close_time>
  <lang_name>Big5</lang_name>
  <board_id>1001296417</board_id>
  <node>000000017</node>
  <site>1000110001</site>
  <pt>2023-09-21 20:20:15</pt>
  <poster>11127124</poster>
  <realname>&#x4F55;&#x4FCA;&#x9706;  </realname>
  <email>ju482239@gmail.com</email>
  <homepage>  </homepage>
  <subject>104 </subject>
  <content>&lt;p&gt;&#x5728;&#x554F;&#x984C;&#x53EF;&#x4EE5;&#x5206;&#x89E3;&#x6210;&#x66F4;&#x5C0F;&#x4E14;&#x985E;&#x4F3C;&#x7684;&#x554F;&#x984C;&#x548C;&#x9700;&#x8981;&#x91CD;&#x8907;&#x64CD;&#x4F5C;&#x4F46;&#x64CD;&#x4F5C;&#x6642;&#x8F38;&#x5165;&#x4E0D;&#x540C;&#x53C3;&#x6578;&#x6642;&#x9069;&#x5408;&#x4F7F;&#x7528;&#x905E;&#x8FF4;&#xFF0C;&lt;br /&gt;&#xD;
&#x56E0;&#x70BA;&#x905E;&#x8FF4;&#x53EF;&#x4EE5;&#x589E;&#x52A0;&#x7A0B;&#x5F0F;&#x53EF;&#x8B80;&#x6027;&#x548C;&#x5BB9;&#x6613;&#x89E3;&#x91CB;&#x3002;&lt;/p&gt; </content>
  <attach></attach>
  <rcount></rcount>
  <rank></rank>
  <hit>38</hit>
  <lang>1</lang>
</data>
