<?xml version="1.0"?>
<data version="3.0" time="2024-06-30 08:54:28" type="post" filename="b000000003.xml">
  <open_time>0000-00-00</open_time>
  <close_time>0000-00-00</close_time>
  <lang_name>Big5</lang_name>
  <board_id>1001296417</board_id>
  <node>000000003</node>
  <site>1000110001</site>
  <pt>2023-09-14 15:25:20</pt>
  <poster>11127140</poster>
  <realname>&#x59DC;&#x7FA9;&#x65B0;  </realname>
  <email>jabeeschool@gmail.com</email>
  <homepage>  </homepage>
  <subject>104 </subject>
  <content>&lt;p&gt;&lt;span style="font-size:18px"&gt;&#x4EC0;&#x9EBC;&#x60C5;&#x6CC1;&#x4E0B;&#x9069;&#x5408;&#x4F7F;&#x7528;&#x905E;&#x8FF4;&#xFF1F;&#x70BA;&#x4EC0;&#x9EBC;&#xFF1F;* &lt;/span&gt;&lt;/p&gt;&#xD;
&#xD;
&lt;ol&gt;&#xD;
	&lt;li&gt;&#x82E5;&#x8981;&#x89E3;&#x7684;&#x554F;&#x984C;&#x53EF;&#x4EE5;&#x62C6;&#x5206;&#x5C0F;&#x898F;&#x6A21;&#xFF0C;&#x4E14;&#x6709;&#x91CD;&#x8907;&#x6027;&#x8CEA;&#x7684;&#x4EE3;&#x78BC;&#x5247;&#x53EF;&#x4EE5;&#x4F7F;&#x7528;&#x905E;&#x8FF4;&#xFF0C;&#x56E0;&#x70BA;&#x9019;&#x6A23;&#x53EF;&#x4EE5;&#x7C21;&#x5316;&#x4EE3;&#x78BC;&#x3002;&lt;/li&gt;&#xD;
	&lt;li&gt;&#x82E5;&#x5728;&#x89E3;&#x4E00;&#x4E9B;&#x985E;&#x4F3C;binary tree&#x7684;&#x554F;&#x984C;&#xFF0C;&#x6700;&#x9069;&#x5408;&#x4F7F;&#x7528;&#x905E;&#x8FF4;&#xFF0C;&#x56E0;&#x70BA;&#x53EF;&#x4EE5;&#x4F7F;&#x7528;&#x905E;&#x8FF4;&#x7684;&#x65B9;&#x5F0F;&#x53BB;&#x904D;&#x6B77;&#x6574;&#x500B;tree&#x7684;&#x7BC0;&#x9EDE;&#x3002;&#x6BCF;&#x500B;&#x7BC0;&#x9EDE;&#x90FD;&#x6709;&#x4E00;&#x500B;&#x5DE6;&#x6A39;&#x548C;&#x4E00;&#x500B;&#x53F3;&#x6A39;&#xFF0C;&#x6B64;&#x985E;&#x91CD;&#x8907;&#x6027;&#x7684;&#x7D50;&#x69CB;&#x5C31;&#x53EF;&#x4EE5;&#x5229;&#x7528;&#x905E;&#x8FF4;&#x7684;&#x7279;&#x6027;&#x4F7F;&#x91CD;&#x8907;&#x6027;&#x7C21;&#x5316;&#x3002;&lt;/li&gt;&#xD;
	&lt;li&gt;&#x82E5;&#x7121;&#x660E;&#x78BA;&#x7684;&#x4E2D;&#x6B62;&#x689D;&#x4EF6;&#x5247;&#x7121;&#x6CD5;&#x53BB;&#x4F7F;&#x7528;&#x905E;&#x8FF4;&#x89E3;&#x6C7A;&#xFF0C;&#x56E0;&#x70BA;&#x905E;&#x8FF4;&#x9700;&#x8981;&#x6709;&#x78BA;&#x5B9A;&#x7684;&#x4E2D;&#x6B62;&#x689D;&#x4EF6;&#x3002;&lt;/li&gt;&#xD;
&lt;/ol&gt; </content>
  <attach></attach>
  <rcount></rcount>
  <rank></rank>
  <hit>94</hit>
  <lang>1</lang>
</data>
