<?xml version="1.0"?>
<data version="3.0" time="2024-06-30 08:54:28" type="post" filename="b000000015.xml">
  <open_time>0000-00-00</open_time>
  <close_time>0000-00-00</close_time>
  <lang_name>Big5</lang_name>
  <board_id>1001296417</board_id>
  <node>000000015</node>
  <site>1000110001</site>
  <pt>2023-09-20 21:12:12</pt>
  <poster>10942208</poster>
  <realname>&#x9673;&#x6D3A;&#x5B89;  </realname>
  <email>asd0389wsx0216@gmail.com</email>
  <homepage> </homepage>
  <subject>104 </subject>
  <content>&lt;p&gt;&amp;nbsp;&#x4EC0;&#x9EBC;&#x60C5;&#x6CC1;&#x4E0B;&#x9069;&#x5408;&#x4F7F;&#x7528;&#x905E;&#x8FF4;&#xFF1F;&lt;/p&gt;&#xD;
&#xD;
&lt;p&gt;&#x554F;&#x984C;&#x53EF;&#x4EE5;&#x88AB;&#x5206;&#x89E3;&#x6210;&#x66F4;&#x5C0F;&#x7684;&#x76F8;&#x4F3C;&#x5B50;&#x554F;&#x984C; Divide and Conquer&#xFF0C;ex: &#x4E8C;&#x5143;&#x6A39;&#x7684;&#x8FFD;&#x8E64;&lt;/p&gt;&#xD;
&#xD;
&lt;p&gt;&#x70BA;&#x4EC0;&#x9EBC;&#xFF1F;&lt;/p&gt;&#xD;
&#xD;
&lt;p&gt;&#x53EF;&#x4EE5;&#x7C21;&#x5316;&#x7A0B;&#x5F0F;&#x78BC;(&#x63D0;&#x9AD8;&#x53EF;&#x8B80;&#x6027;&#x3001;&#x53EF;&#x7DAD;&#x8B77;&#x6027;)&lt;/p&gt;&#xD;
&#xD;
&lt;p&gt;&#x4F46;&#x9084;&#x662F;&#x8981;&#x6CE8;&#x610F;&#x7D42;&#x6B62;&#x689D;&#x4EF6;&#xFF0C;&#x4E0D;&#x7136;&#x53EF;&#x80FD;&#x9020;&#x6210;&#x7121;&#x9650;&#x5FAA;&#x74B0;&lt;/p&gt;</content>
  <attach></attach>
  <rcount></rcount>
  <rank></rank>
  <hit>38</hit>
  <lang>1</lang>
</data>
