<?xml version="1.0"?>
<data version="3.0" time="2024-06-30 08:54:28" type="post" filename="b000000008.xml">
  <open_time>0000-00-00</open_time>
  <close_time>0000-00-00</close_time>
  <lang_name>Big5</lang_name>
  <board_id>1001296417</board_id>
  <node>000000008</node>
  <site>1000110001</site>
  <pt>2023-09-18 21:09:22</pt>
  <poster>11127107</poster>
  <realname>&#x9673;&#x67CF;&#x745C;  </realname>
  <email>evanchen0709@gmail.com</email>
  <homepage> </homepage>
  <subject>104 </subject>
  <content>&lt;p&gt;&#x4EC0;&#x9EBC;&#x60C5;&#x6CC1;&#x4E0B;&#x9069;&#x5408;&#x4F7F;&#x7528;&#x905E;&#x8FF4;&#xFF1F;&lt;/p&gt;&#xD;
&#xD;
&lt;p&gt;1.&#x554F;&#x984C;&#x5177;&#x6709;&#x4E00;&#x5B9A;&#x91CD;&#x8907;&#x6027;&#xFF0C;&#x4E26;&#x80FD;&#x5920;&#x5C07;&#x5176;&#x62C6;&#x89E3;&#x6210;&#x66F4;&#x5C0F;&#x7684;&#x554F;&#x984C;&#x3002;&lt;br /&gt;&#xD;
2.&#x554F;&#x984C;&#x80FD;&#x5920;&#x62C6;&#x89E3;&#x5230;&#x6700;&#x5C0F;&#x4E26;&#x505C;&#x6B62;&#xFF0C;&#x6B64;&#x5373;&#x7D42;&#x6B62;&#x689D;&#x4EF6;&#x3002;&lt;/p&gt;&#xD;
&#xD;
&lt;p&gt;&#x70BA;&#x4EC0;&#x9EBC;&#xFF1F;&lt;/p&gt;&#xD;
&#xD;
&lt;p&gt;&#x4F7F;&#x7528;&#x905E;&#x8FF4;&#x7684;&#x76EE;&#x7684;&#x5728;&#x65BC;&#x5C07;&#x554F;&#x984C;&#x7C21;&#x5316;&#xFF0C;&#x4F7F;&#x89E3;&#x6C7A;&#x554F;&#x984C;&#x7684;&#x904E;&#x7A0B;&#x80FD;&#x5920;&#x7E2E;&#x77ED;&#x3002;&lt;/p&gt;</content>
  <attach></attach>
  <rcount></rcount>
  <rank></rank>
  <hit>48</hit>
  <lang>1</lang>
</data>
