<?xml version="1.0"?>
<data version="3.0" time="2024-06-30 08:54:28" type="post" filename="b000000018.xml">
  <open_time>0000-00-00</open_time>
  <close_time>0000-00-00</close_time>
  <lang_name>Big5</lang_name>
  <board_id>1001296417</board_id>
  <node>000000018</node>
  <site>1000110001</site>
  <pt>2023-09-22 11:14:34</pt>
  <poster>11120310</poster>
  <realname>&#x8CF4;&#x5F65;&#x5EF7;  </realname>
  <email>jeremy10350206@gmail.com</email>
  <homepage>  </homepage>
  <subject>101 </subject>
  <content>&lt;p&gt;recrusion(&#x905E;&#x8FF4;)&#x662F;&#x5C07;&#x5927;&#x554F;&#x984C;&#x5283;&#x5206;&#x70BA;&#x5E7E;&#x500B;&#x5C0F;&#x554F;&#x984C;&#xFF0C;&#x518D;&#x5C07;&#x5C0F;&#x554F;&#x984C;&#x5283;&#x5206;&#x6210;&#x66F4;&#x5C0F;&#x7684;&#x554F;&#x984C;&#xFF0C;&#x5F62;&#x5F0F;&#x6709;&#x9EDE;&#x9EDE;&#x50CF;&#x7DDA;&#x4E0A;&#x6703;&#x8B70;&#x6642; &#x5206;&#x4EAB;&#x87A2;&#x5E55;&#x537B;&#x5206;&#x4EAB;&#x5230;&#x7DDA;&#x4E0A;&#x6703;&#x8B70;&#x7684;&#x9801;&#x9762; &#x5C31;&#x6703;&#x5728;&#x88E1;&#x9762;&#x770B;&#x5230;&#x53E6;&#x4E00;&#x500B;&#x5206;&#x4EAB;&#x756B;&#x9762; &#x800C;&#x88E1;&#x9762;&#x53C8;&#x6709;&#x53E6;&#x4E00;&#x500B;&#x5206;&#x4EAB;&#x756B;&#x9762; &#x4E00;&#x76F4;&#x5EF6;&#x4F38;&#x4E0B;&#x53BB;!&lt;/p&gt; </content>
  <attach></attach>
  <rcount></rcount>
  <rank></rank>
  <hit>30</hit>
  <lang>1</lang>
</data>
