<?xml version="1.0"?>
<data version="3.0" time="2024-06-30 08:54:28" type="post" filename="b000000012.xml">
  <open_time>0000-00-00</open_time>
  <close_time>0000-00-00</close_time>
  <lang_name>Big5</lang_name>
  <board_id>1001296417</board_id>
  <node>000000012</node>
  <site>1000110001</site>
  <pt>2023-09-19 20:27:27</pt>
  <poster>11127119</poster>
  <realname>&#x6731;&#x8C50;&#x5B87;  </realname>
  <email>rickychuchu0923@gmail.com</email>
  <homepage>  </homepage>
  <subject>104 </subject>
  <content>&lt;p&gt;&#x751A;&#x9EBC;&#x60C5;&#x6CC1;&#x4E0B;&#x9069;&#x5408;&#x4F7F;&#x7528;&#x905E;&#x8FF4; ? &#x70BA;&#x4EC0;&#x9EBC; ?&lt;/p&gt;&#xD;
&#xD;
&lt;p&gt;&#x905E;&#x8FF4;&#x6700;&#x4E3B;&#x8981;&#x7684;&#x76EE;&#x7684;&#x4E3B;&#x8981;&#x662F;&#x7C21;&#x5316;&#x90A3;&#x4E9B;&#x6709;&#x91CD;&#x8907;&#x52D5;&#x4F5C;&#x4E26;&#x4E14;&#x6709;&#x898F;&#x5F8B;&#x7684;&#x7A0B;&#x5F0F;&#xFF0C;&#x50CF;&#x662F;&#x5982;&#x679C;&#x8981;&#x5F97;&#x51FA;1+2+3...+99+100&#x7684;&#x7B54;&#x6848;&#x5C31;&#x53EF;&#x4EE5;&#x4F7F;&#x7528;&#xFF0C;&#x56E0;&#x70BA;&#x5B83;&#x7684;&#x898F;&#x5F8B;&#x662F;&#x5F8C;&#x9762;&#x4E00;&#x4F4D;&#x6578;&#x662F;&#x524D;&#x4E00;&#x4F4D;&#x6578;&#x518D;&#x52A0;&#x4E00;&#xFF0C;&#x4F46;&#x4F7F;&#x7528;&#x7684;&#x6642;&#x5019;&#x8981;&#x7279;&#x5225;&#x6CE8;&#x610F;&#x4E2D;&#x6B62;&#x7684;&#x689D;&#x4EF6;&#xFF0C;&#x82E5;&#x4E0D;&#x7576;&#x4F7F;&#x7528;&#x7684;&#x8A71;&#x6703;&#x9020;&#x6210;&#x7121;&#x7AAE;&#x8FF4;&#x5708;&lt;/p&gt; </content>
  <attach></attach>
  <rcount></rcount>
  <rank></rank>
  <hit>53</hit>
  <lang>1</lang>
</data>
