<?xml version="1.0"?>
<data version="3.0" time="2024-06-30 08:54:28" type="post" filename="b000000020.xml">
  <open_time>0000-00-00</open_time>
  <close_time>0000-00-00</close_time>
  <lang_name>Big5</lang_name>
  <board_id>1001296417</board_id>
  <node>000000020</node>
  <site>1000110001</site>
  <pt>2023-09-24 22:23:35</pt>
  <poster>11127133</poster>
  <realname>&#x9673;&#x4E59;&#x83C1;  </realname>
  <email>fiona99107@gmail.com</email>
  <homepage>  </homepage>
  <subject>104 </subject>
  <content>&lt;p&gt;104. &#x4EC0;&#x9EBC;&#x60C5;&#x6CC1;&#x4E0B;&#x9069;&#x5408;&#x4F7F;&#x7528;&#x905E;&#x8FF4;&#xFF1F;&#x70BA;&#x4EC0;&#x9EBC;&#xFF1F;&lt;/p&gt;&#xD;
&#xD;
&lt;p&gt;1.&lt;span style="font-family:&#x65B0;&#x7D30;&#x660E;&#x9AD4;,serif"&gt;&#x6709;&#x660E;&#x78BA;&#x7D42;&#x6B62;&#x689D;&#x4EF6;&lt;/span&gt;2.&lt;span style="font-family:&#x65B0;&#x7D30;&#x660E;&#x9AD4;,serif"&gt;&#x8981;&#x89E3;&#x7684;&#x554F;&#x984C;&#x53EF;&#x4EE5;&#x62C6;&#x5206;&#x6210;&#x5C0F;&#x898F;&#x6A21;&#x7684;&#x5B50;&#x554F;&#x984C;&lt;/span&gt;3.&lt;span style="font-family:&#x65B0;&#x7D30;&#x660E;&#x9AD4;,serif"&gt;&#x4E14;&#x6709;&#x91CD;&#x8907;&#x6027;&#x8CEA;&#x6642;&#x53EF;&#x4EE5;&#x4F7F;&#x7528;&#x905E;&#x8FF4;&#x3002;&#x53E6;&#x5916;&#xFF0C;&#x5728;&#x9078;&#x64C7;&#x8981;&#x4F7F;&#x7528;&#x905E;&#x8FF4;&#x6216;&#x8FF4;&#x5708;&#x6642;&#xFF0C;&#x82E5;&#x5E0C;&#x671B;&#x81EA;&#x5DF1;&#x7684;&#x7A0B;&#x5F0F;&#x78BC;&lt;/span&gt;1.&lt;span style="font-family:&#x65B0;&#x7D30;&#x660E;&#x9AD4;,serif"&gt;&#x4E00;&#x76EE;&#x77AD;&#x7136;&lt;/span&gt;2.&lt;span style="font-family:&#x65B0;&#x7D30;&#x660E;&#x9AD4;,serif"&gt;&#x5BB9;&#x6613;&#x7DAD;&#x8B77;&lt;/span&gt;3.&lt;span style="font-family:&#x65B0;&#x7D30;&#x660E;&#x9AD4;,serif"&gt;&#x4E0D;&#x8981;&#x6C42;&#x6548;&#x7387;&#x6642;&#x9069;&#x5408;&#x4F7F;&#x7528;&#x905E;&#x8FF4;&#xFF0C;&#x56E0;&#x70BA;&#x5BEB;&#x905E;&#x8FF4;&#x7A0B;&#x5F0F;&#x78BC;&#x6642;&#x53EA;&#x9808;&#x5BEB;&#x4E00;&#x4EFD;&#x7A0B;&#x5F0F;&#x78BC;&#xFF0C;&#x6709;&#x7CBE;&#x7C21;&#x3001;&#x6613;&#x61C2;&#x3001;&#x4E00;&#x76EE;&#x77AD;&#x7136;&#x7684;&#x7279;&#x6027;&#xFF0C;&#x4F7F;&#x770B;&#x7A0B;&#x5F0F;&#x7684;&#x6642;&#x9593;&#x53EF;&#x4EE5;&#x7E2E;&#x77ED;&#x3002;&lt;/span&gt;&lt;/p&gt; </content>
  <attach></attach>
  <rcount></rcount>
  <rank></rank>
  <hit>22</hit>
  <lang>1</lang>
</data>
