<?xml version="1.0"?>
<data version="3.0" time="2024-06-30 08:54:28" type="post" filename="b000000010.xml">
  <open_time>0000-00-00</open_time>
  <close_time>0000-00-00</close_time>
  <lang_name>Big5</lang_name>
  <board_id>1001296417</board_id>
  <node>000000010</node>
  <site>1000110001</site>
  <pt>2023-09-19 00:25:16</pt>
  <poster>11127101</poster>
  <realname>&#x85CD;&#x81F3;&#x5955;  </realname>
  <email>jefflan101@gmail.com</email>
  <homepage> </homepage>
  <subject>102 </subject>
  <content>&lt;p&gt;&lt;span style="font-size:16px"&gt;&#x8A66;&#x5BEB;&#x51FA;&#x4E00;&#x500B;&#x905E;&#x8FF4;&#x51FD;&#x6578;&#x627E;&#x51FA;&#x4E00;&#x7FA4;&#x6574;&#x6578;&#x7684;&#x4E2D;&#x4F4D;&#x6578;median&lt;/span&gt;&lt;/p&gt;&#xD;
&#xD;
&lt;blockquote&gt;&#xD;
&lt;p&gt;&lt;span style="font-size:10px"&gt;&lt;span style="font-family:Times New Roman,Times,serif"&gt;float findMedian(vector&amp;lt;int&amp;gt; &amp;amp;nums, int low, int high, float k) {&lt;/span&gt;&lt;/span&gt;&lt;/p&gt;&#xD;
&#xD;
&lt;p&gt;&lt;span style="font-size:10px"&gt;&lt;span style="font-family:Times New Roman,Times,serif"&gt;&amp;nbsp; // &#x4F7F;&#x7528;partition&#x51FD;&#x5F0F;&#xFF0C;&#x53D6;&#x4E00;&#x500B;&#x57FA;&#x6E96;&#x5143;&#x7D20;&#x5C07;&#x9663;&#x5217;&#x5206;&#x70BA;&#x5169;&#x534A;&#xFF0C;&#x4E26;&#x56DE;&#x50B3;&#x57FA;&#x6E96;&#x5143;&#x7D20;&#x7684;&#x4F4D;&#x7F6E;&lt;/span&gt;&lt;/span&gt;&lt;/p&gt;&#xD;
&#xD;
&lt;p&gt;&lt;span style="font-size:10px"&gt;&lt;span style="font-family:Times New Roman,Times,serif"&gt;&amp;nbsp; int pivotIndex = partition(nums, low, high);&lt;/span&gt;&lt;/span&gt;&lt;/p&gt;&#xD;
&#xD;
&lt;p&gt;&lt;span style="font-size:10px"&gt;&lt;span style="font-family:Times New Roman,Times,serif"&gt;&amp;nbsp; // &#x9663;&#x5217;&#x5143;&#x7D20;&#x6578;&#x91CF;&#x70BA;&#x5947;&#x6578;&#x6642;&#xFF0C;&#x4E2D;&#x4F4D;&#x6578;&#x4F4D;&#x7F6E;&lt;/span&gt;&lt;/span&gt;&lt;/p&gt;&#xD;
&#xD;
&lt;p&gt;&lt;span style="font-size:10px"&gt;&lt;span style="font-family:Times New Roman,Times,serif"&gt;&amp;nbsp; if (pivotIndex - low == k - 0.5) {&lt;/span&gt;&lt;/span&gt;&lt;/p&gt;&#xD;
&#xD;
&lt;p&gt;&lt;span style="font-size:10px"&gt;&lt;span style="font-family:Times New Roman,Times,serif"&gt;&amp;nbsp; &amp;nbsp; return nums[pivotIndex];&lt;/span&gt;&lt;/span&gt;&lt;/p&gt;&#xD;
&#xD;
&lt;p&gt;&lt;span style="font-size:10px"&gt;&lt;span style="font-family:Times New Roman,Times,serif"&gt;&amp;nbsp; }&lt;/span&gt;&lt;/span&gt;&lt;/p&gt;&#xD;
&#xD;
&lt;p&gt;&lt;span style="font-size:10px"&gt;&lt;span style="font-family:Times New Roman,Times,serif"&gt;&amp;nbsp; // &#x9663;&#x5217;&#x5143;&#x7D20;&#x6578;&#x91CF;&#x70BA;&#x5076;&#x6578;&#x6642;&#xFF0C;&#x4E2D;&#x4F4D;&#x6578;&#x4F4D;&#x7F6E;&lt;/span&gt;&lt;/span&gt;&lt;/p&gt;&#xD;
&#xD;
&lt;p&gt;&lt;span style="font-size:10px"&gt;&lt;span style="font-family:Times New Roman,Times,serif"&gt;&amp;nbsp; else if ( pivotIndex - low == k - 1 ) {&lt;/span&gt;&lt;/span&gt;&lt;/p&gt;&#xD;
&#xD;
&lt;p&gt;&lt;span style="font-size:10px"&gt;&lt;span style="font-family:Times New Roman,Times,serif"&gt;&amp;nbsp; &amp;nbsp; // &#x627E;&#x51FA;&#x5DE6;&#x908A;&#x7684;&#x6578;&#x5F8C;&#xFF0C;&#x9700;&#x518D;&#x627E;&#x51FA;&#x6BD4;&#x4ED6;&#x5927;&#x4E00;&#x968E;&#x7684;&#x6578;&#x9032;&#x884C;&#x9664;2&lt;/span&gt;&lt;/span&gt;&lt;/p&gt;&#xD;
&#xD;
&lt;p&gt;&lt;span style="font-size:10px"&gt;&lt;span style="font-family:Times New Roman,Times,serif"&gt;&amp;nbsp; &amp;nbsp; return (nums[pivotIndex] + findMedian(nums, pivotIndex + 1, high + 1, k - pivotIndex + low - 0.5&amp;nbsp;)) / (float)2;&lt;/span&gt;&lt;/span&gt;&lt;/p&gt;&#xD;
&#xD;
&lt;p&gt;&lt;span style="font-size:10px"&gt;&lt;span style="font-family:Times New Roman,Times,serif"&gt;&amp;nbsp; }&lt;/span&gt;&lt;/span&gt;&lt;/p&gt;&#xD;
&#xD;
&lt;p&gt;&lt;span style="font-size:10px"&gt;&lt;span style="font-family:Times New Roman,Times,serif"&gt;&amp;nbsp; // &#x4E2D;&#x4F4D;&#x6578;&#x5728;&#x5DE6;&#x534A;&#x908A;&lt;/span&gt;&lt;/span&gt;&lt;/p&gt;&#xD;
&#xD;
&lt;p&gt;&lt;span style="font-size:10px"&gt;&lt;span style="font-family:Times New Roman,Times,serif"&gt;&amp;nbsp; else if (pivotIndex - low &amp;gt; k - 1) {&lt;/span&gt;&lt;/span&gt;&lt;/p&gt;&#xD;
&#xD;
&lt;p&gt;&lt;span style="font-size:10px"&gt;&lt;span style="font-family:Times New Roman,Times,serif"&gt;&amp;nbsp; &amp;nbsp; return findMedian(nums, low, pivotIndex - 1, k);&lt;/span&gt;&lt;/span&gt;&lt;/p&gt;&#xD;
&#xD;
&lt;p&gt;&lt;span style="font-size:10px"&gt;&lt;span style="font-family:Times New Roman,Times,serif"&gt;&amp;nbsp; }&lt;/span&gt;&lt;/span&gt;&lt;/p&gt;&#xD;
&#xD;
&lt;p&gt;&lt;span style="font-size:10px"&gt;&lt;span style="font-family:Times New Roman,Times,serif"&gt;&amp;nbsp; // &#x4E2D;&#x4F4D;&#x6578;&#x5728;&#x53F3;&#x534A;&#x908A;&lt;/span&gt;&lt;/span&gt;&lt;/p&gt;&#xD;
&#xD;
&lt;p&gt;&lt;span style="font-size:10px"&gt;&lt;span style="font-family:Times New Roman,Times,serif"&gt;&amp;nbsp; else {&lt;/span&gt;&lt;/span&gt;&lt;/p&gt;&#xD;
&#xD;
&lt;p&gt;&lt;span style="font-size:10px"&gt;&lt;span style="font-family:Times New Roman,Times,serif"&gt;&amp;nbsp; &amp;nbsp; return findMedian(nums, pivotIndex + 1, high, k - pivotIndex + low - 1);&lt;/span&gt;&lt;/span&gt;&lt;/p&gt;&#xD;
&#xD;
&lt;p&gt;&lt;span style="font-size:10px"&gt;&lt;span style="font-family:Times New Roman,Times,serif"&gt;&amp;nbsp; }&lt;/span&gt;&lt;/span&gt;&lt;/p&gt;&#xD;
&#xD;
&lt;p&gt;&lt;span style="font-size:10px"&gt;&lt;span style="font-family:Times New Roman,Times,serif"&gt;}&lt;/span&gt;&lt;/span&gt;&lt;/p&gt;&#xD;
&lt;/blockquote&gt;&#xD;
&#xD;
&lt;p style="margin-left:0.0000pt; margin-right:0.0000pt; text-align:left"&gt;&amp;nbsp;&lt;/p&gt;&#xD;
&#xD;
&lt;p&gt;&lt;span style="font-size:14px"&gt;&lt;span style="font-family:Arial,Helvetica,sans-serif"&gt;&#x8A73;&#x60C5;&#x8ACB;&#x898B;&#x4E0B;&#x65B9;&#x6A94;&#x6848;&lt;/span&gt;&lt;/span&gt;&lt;/p&gt;&#xD;
&#xD;
&lt;p&gt;&lt;span style="font-size:14px"&gt;&lt;span style="font-family:Arial,Helvetica,sans-serif"&gt;&#x203B;&#x82E5;&#x7121;&#x6CD5;&#x57F7;&#x884C;&#x6216;&#x6709;&#x4E82;&#x78BC;&#x7684;&#x51FA;&#x73FE;&#xFF0C;&#x8ACB;&#x6539;&#x7528;C++17&#x4E26;&#x4EE5;GCC&#x4F5C;&#x70BA;&#x67B6;&#x69CB;&#x7684;IDE&lt;/span&gt;&lt;/span&gt;&lt;/p&gt;</content>
  <attach>102-11127101&#x85CD;.cpp	WM650bdb0a29142.cpp</attach>
  <rcount></rcount>
  <rank></rank>
  <hit>150</hit>
  <lang>1</lang>
</data>
