<?xml version="1.0"?>
<data version="3.0" time="2024-06-30 08:54:28" type="post" filename="b000000019000000002.xml">
  <open_time>0000-00-00</open_time>
  <close_time>0000-00-00</close_time>
  <lang_name>Big5</lang_name>
  <board_id>1001296417</board_id>
  <node>000000019000000002</node>
  <site>1000110001</site>
  <pt>2023-10-18 15:07:14</pt>
  <poster>11813</poster>
  <realname>&#x5433;&#x5B9C;&#x9D3B;  </realname>
  <email>yhwu@cycu.edu.tw</email>
  <homepage>https://www.researchgate.net/profile/Yi-Hung-Wu-2  </homepage>
  <subject>Re: 103  </subject>
  <content>&lt;p&gt;Nice!&lt;/p&gt;&#xD;
&#xD;
&lt;p&gt;Colorful text is good...&lt;/p&gt; </content>
  <attach></attach>
  <rcount></rcount>
  <rank></rank>
  <hit>1</hit>
  <lang>1</lang>
</data>
