<?xml version="1.0"?>
<data version="3.0" time="2024-06-30 08:54:28" type="post" filename="b000000001000000001.xml">
  <open_time>0000-00-00</open_time>
  <close_time>0000-00-00</close_time>
  <lang_name>Big5</lang_name>
  <board_id>1001296417</board_id>
  <node>000000001000000001</node>
  <site>1000110001</site>
  <pt>2023-09-14 15:39:50</pt>
  <poster>11127140</poster>
  <realname>&#x59DC;&#x7FA9;&#x65B0;  </realname>
  <email>jabeeschool@gmail.com</email>
  <homepage>  </homepage>
  <subject>Re: 101  </subject>
  <content>&lt;p&gt;&#x6C92;&#x932F;&#xFF0C;&#x5C31;&#x662F;&#x5728;&#x62C6;&#x6210;&#x66F4;&#x5C0F;&#x7684;&#x898F;&#x6A21;&#x7C21;&#x5316;&#x4EE3;&#x78BC;&#x3002;&lt;/p&gt; </content>
  <attach></attach>
  <rcount></rcount>
  <rank></rank>
  <hit>1</hit>
  <lang>1</lang>
</data>
