<?xml version="1.0"?>
<data version="3.0" time="2024-06-30 08:54:28" type="post" filename="b000000007.xml">
  <open_time>0000-00-00</open_time>
  <close_time>0000-00-00</close_time>
  <lang_name>Big5</lang_name>
  <board_id>1001296417</board_id>
  <node>000000007</node>
  <site>1000110001</site>
  <pt>2023-09-18 15:54:17</pt>
  <poster>11127137</poster>
  <realname>&#x9EC3;&#x4E59;&#x5BB6;  </realname>
  <email>u810025@gmail.com</email>
  <homepage>https://ja-errorpro.cf </homepage>
  <subject>105 </subject>
  <content>&lt;p&gt;&lt;span style="font-size:16px"&gt;&lt;strong&gt;&#x8A66;&#x63CF;&#x8FF0;&#x6574;&#x6578;&#x6EA2;&#x4F4D;integer overflow&#x7684;&#x907F;&#x514D;&#x65B9;&#x6CD5;&#xFF0C;&#x4E26;&#x5BEB;&#x51FA;C++&#x7A0B;&#x5F0F;&#x78BC;&#x3002;&lt;/strong&gt;&lt;/span&gt;&lt;/p&gt;&#xD;
&#xD;
&lt;p&gt;&#x6709;&#x591A;&#x7A2E;&#x65B9;&#x5F0F;&#x53EF;&#x4EE5;&#x907F;&#x514D;Integer Overflow&lt;/p&gt;&#xD;
&#xD;
&lt;p&gt;```cpp&lt;/p&gt;&#xD;
&#xD;
&lt;p&gt;if ( a &amp;gt; INT_MAX - b ){&lt;/p&gt;&#xD;
&#xD;
&lt;p&gt;// &#x5047;&#x8A2D;a, b&#x662F;&#x5DF2;&#x5BA3;&#x544A;&#x7684;int&#xFF0C;&#x5176;&#x4E2D;INT_MAX&#x70BA;&#x5728;&amp;lt;limits.h&amp;gt;&#x5DF2;&#x7D93;&#x9810;&#x5B9A;&#x7FA9;&#x7684;macro&#xFF0C;&#x5728;32&#x4F4D;&#x5143;(int32_t)&#x4E0B;&#xFF0C;&#x6B64;&#x503C;&#x70BA; 2&#x7684;31&#x6B21;&#x65B9;-1&#xFF0C;&#x662F;int&#x53EF;&#x5B58;&#x7684;&#x6700;&#x5927;&#x503C;&lt;/p&gt;&#xD;
&#xD;
&lt;p&gt;// &#x82E5;&#x689D;&#x4EF6;&#x6210;&#x7ACB;&#x8868;&#x793A;a+b&#x5C07;&#x767C;&#x751F;&#x6EA2;&#x4F4D;&#xFF0C;&#x5728;&#x9019;&#x88E1;&#x505C;&#x6B62;&#x7A0B;&#x5F0F;&lt;/p&gt;&#xD;
&#xD;
&lt;p&gt;}&lt;/p&gt;&#xD;
&#xD;
&lt;p&gt;```&lt;/p&gt;&#xD;
&#xD;
&lt;p&gt;&#x540C;&#x6A23;&#x5730;&#x5982;&#x679C;&#x662F;&#x4E58;&#x6CD5;&#x64CD;&#x4F5C;&#x53EF;&#x4EE5;&#x5BEB;&#x5224;&#x65B7; if(b!=0 &amp;amp;&amp;amp; a &amp;gt; INT_MAX / b)&#xFF0C;&#x5982;&#x679C;&#x6210;&#x7ACB;&#x4EE3;&#x8868;a*b&#x6703;&#x767C;&#x751F;&#x6EA2;&#x4F4D;&lt;/p&gt;&#xD;
&#xD;
&lt;p&gt;&lt;strong&gt;&#x6CE8;&#x610F;&#x4E0D;&#x8981;&#x5BEB; if(a + b ...)&lt;/strong&gt;&#xFF0C;&#x56E0;&#x70BA;&#x6709;&#x7B26;&#x865F;&#x6574;&#x578B;&#x6EA2;&#x4F4D;&#x5C6C;&#x65BC;UB(Undefined behavior, &#x672A;&#x5B9A;&#x7FA9;&#x884C;&#x70BA;)&#xFF0C;&#x4EFB;&#x4F55;&#x4E8B;&#x5305;&#x542B;&#x5D29;&#x6F70;&#x3001;&#x62CB;&#x51FA;&#x7570;&#x5E38;&#x3001;&#x51FA;&#x73FE;&#x610F;&#x5916;&#x8CA0;&#x6578;&#x503C;&#x90FD;&#x6709;&#x53EF;&#x80FD;&#x767C;&#x751F;&lt;/p&gt;&#xD;
&#xD;
&lt;p&gt;&#x53E6;&#x4E00;&#x7A2E;&#x65B9;&#x5F0F;&#x662F;&#x5728;&#x8F38;&#x5165;&#x6642;(&#x5047;&#x8A2D;&#x8F38;&#x5165;&#x5408;&#x6CD5;)&#x5C31;&#x5224;&#x65B7;&#x662F;&#x5426;&#x6703;&#x6709;&#x6EA2;&#x4F4D;&#x7684;&#x53EF;&#x80FD;&lt;/p&gt;&#xD;
&#xD;
&lt;p&gt;&#x4EE5;Fibonacci&#x70BA;&#x4F8B;&#xFF0C;&#x53EF;&#x4EE5;&#x6E2C;&#x8A66;&#x4E00;&#x4E0B;int32_t&#x5927;&#x6982;&#x5230;n&#x70BA;&#x56DB;&#x5341;&#x591A;&#x6642;&#x5C31;&#x6703;&#x6EA2;&#x4F4D;&#xFF0C;&#x56E0;&#x6B64;&#x5728;&#x8F38;&#x5165;&#x6642;&#x5C31;&#x76F4;&#x63A5;&#x64CB;&#x4F4F;&#x5C31;&#x597D;&lt;/p&gt;&#xD;
&#xD;
&lt;p&gt;```cpp&lt;/p&gt;&#xD;
&#xD;
&lt;p&gt;int n;&lt;/p&gt;&#xD;
&#xD;
&lt;p&gt;cin &amp;gt;&amp;gt; n;&lt;/p&gt;&#xD;
&#xD;
&lt;p&gt;if(n&amp;gt;47){&lt;/p&gt;&#xD;
&#xD;
&lt;p&gt;&amp;nbsp; cout &amp;lt;&amp;lt; &amp;quot;&#x8F38;&#x5165;&#x7684;&#x6578;&#x5B57;&#x592A;&#x5927;&#xFF0C;int&#x5B58;&#x4E0D;&#x4E0B;\n&amp;quot;;&lt;/p&gt;&#xD;
&#xD;
&lt;p&gt;&amp;nbsp; // &#x505C;&#x6B62;&#x7A0B;&#x5F0F;&#xFF0C;&#x6216;&#x8ACB;&#x4F7F;&#x7528;&#x8005;&#x91CD;&#x65B0;&#x8F38;&#x5165;&lt;/p&gt;&#xD;
&#xD;
&lt;p&gt;}&lt;/p&gt;&#xD;
&#xD;
&lt;p&gt;```&lt;/p&gt;&#xD;
&#xD;
&lt;p&gt;&#x9084;&#x6709;&#x4E00;&#x7A2E;&#x662F;&#x958B;&#x66F4;&#x5927;&#x7684;&#x7A7A;&#x9593;&#x4F86;&#x5B58;&#xFF0C;&#x4F7F;&#x7528;int64_t(&#x5B9A;&#x7FA9;&#x5728;C++11&#x4EE5;&#x5F8C;&#x7684;&amp;lt;stdint.h&amp;gt;)&#x4F86;&#x5B58;(&#x8981;&#x6CE8;&#x610F;&#x6709;&#x4E9B;&#x7DE8;&#x8B6F;&#x5668;&#x4E0D;&#x652F;&#x63F4;&#x9019;&#x500B;&#x985E;&#x578B;&#xFF0C;&#x8003;&#x616E;&#x7528;long long&#x4EE3;&#x66FF;)&lt;/p&gt;&#xD;
&#xD;
&lt;p&gt;```cpp&lt;/p&gt;&#xD;
&#xD;
&lt;p&gt;long long a;&lt;/p&gt;&#xD;
&#xD;
&lt;p&gt;// &#x6216; int64_t a;&lt;/p&gt;&#xD;
&#xD;
&lt;p&gt;// ...&lt;/p&gt;&#xD;
&#xD;
&lt;p&gt;```&lt;/p&gt;&#xD;
&#xD;
&lt;p&gt;&#x4F46;long long&#x4E5F;&#x662F;&#x6709;&#x4E0A;&#x9650;&#x7684;&#xFF0C;&#x6C92;&#x8FA6;&#x6CD5;&#x89E3;&#x6C7A;&#x66F4;&#x5927;&#x6578;&#x503C;&#x7684;&#x6EA2;&#x4F4D;&#xFF0C;&#x4E14;&#x6642;&#x9593;&#x7A7A;&#x9593;&#x7528;&#x91CF;&#x4E5F;&#x76F8;&#x5C0D;&#x8F03;&#x9AD8;&lt;/p&gt;</content>
  <attach></attach>
  <rcount></rcount>
  <rank></rank>
  <hit>114</hit>
  <lang>1</lang>
</data>
