<?xml version="1.0"?>
<data version="3.0" time="2024-06-30 08:54:28" type="post" filename="b000000011000000001.xml">
  <open_time>0000-00-00</open_time>
  <close_time>0000-00-00</close_time>
  <lang_name>Big5</lang_name>
  <board_id>1001296417</board_id>
  <node>000000011000000001</node>
  <site>1000110001</site>
  <pt>2023-09-19 16:49:17</pt>
  <poster>11277028</poster>
  <realname>&#x6C5F;&#x6668;&#x9298;  </realname>
  <email>gugugu1127@gmail.com</email>
  <homepage>  </homepage>
  <subject>Re: 104  </subject>
  <content>&lt;p&gt;OK &#x6536;&#x5230;&lt;/p&gt; </content>
  <attach></attach>
  <rcount></rcount>
  <rank></rank>
  <hit>1</hit>
  <lang>1</lang>
</data>
