<?xml version="1.0"?>
<data version="3.0" time="2024-06-30 08:54:28" type="post" filename="b000000001.xml">
  <open_time>0000-00-00</open_time>
  <close_time>0000-00-00</close_time>
  <lang_name>Big5</lang_name>
  <board_id>1001296417</board_id>
  <node>000000001</node>
  <site>1000110001</site>
  <pt>2023-09-14 14:11:44</pt>
  <poster>11127139</poster>
  <realname>&#x9673;&#x3000;&#x6069;  </realname>
  <email>a04182596@gmail.com</email>
  <homepage>  </homepage>
  <subject>101 </subject>
  <content>&lt;p&gt;&#x905E;&#x8FF4;&#x662F;&#x4E00;&#x500B;&#x89E3;&#x6C7A;&#x554F;&#x984C;&#x7684;&#x65B9;&#x5F0F;&#xFF1A;&lt;/p&gt;&#xD;
&#xD;
&lt;p&gt;&#x662F;&#x70BA;&#x4E86;&#x89E3;&#x6C7A;&#x4E00;&#x500B;&#x6C92;&#x8FA6;&#x6CD5;&#x76F4;&#x63A5;&#x8655;&#x7406;&#x7684;&#x554F;&#x984C;&#xFF0C;&#x85C9;&#x7531;&#x628A;&#x554F;&#x984C;&#x62C6;&#x6210;&#x4E00;&#x500B;&#x66F4;&#x5C0F;&#x7684;&#x554F;&#x984C;&#xFF0C;&#x7528;&#x540C;&#x4E00;&#x7A2E;&#x8655;&#x7406;&#x6B65;&#x9A5F;&#x8655;&#x7406;&#x3002;&#x9019;&#x7A2E;&#x628A;&#x554F;&#x984C;&#x62C6;&#x6210;&#x66F4;&#x5C0F;&#x4E00;&#x9EDE;&#x7684;&#x554F;&#x984C;&#x7528;&#x4E00;&#x6A23;&#x7684;&#x8655;&#x7406;&#x6B65;&#x9A5F;&#x89E3;&#x6C7A;&#x7684;&#x6A21;&#x5F0F;&#x5C31;&#x662F;&#x905E;&#x8FF4;&#x3002;&#x76F4;&#x5230;&#x554F;&#x984C;&#x8B8A;&#x7684;&#x80FD;&#x5920;&#x76F4;&#x63A5;&#x89E3;&#x6C7A;&#x6642;&#x5C31;&#x505C;&#x6B62;&#x5C07;&#x554F;&#x984C;&#x62C6;&#x5206;&#xFF0C;&#x9019;&#x500B;&#x6642;&#x5019;&#x5C31;&#x80FD;&#x85C9;&#x7531;&#x5DF2;&#x7D93;&#x5B8C;&#x6210;&#x7684;&#x6700;&#x5C0F;&#x7684;&#x554F;&#x984C;&#x53BB;&#x89E3;&#x6C7A;&#x5927;&#x4E00;&#x9EDE;&#x7684;&#x554F;&#x984C;&#x76F4;&#x5230;&#x56DE;&#x5230;&#x4E00;&#x958B;&#x59CB;&#x8981;&#x89E3;&#x6C7A;&#x7684;&#x554F;&#x984C;&#x3002;&lt;/p&gt; </content>
  <attach></attach>
  <rcount></rcount>
  <rank></rank>
  <hit>87</hit>
  <lang>1</lang>
</data>
