<?xml version="1.0"?>
<data version="3.0" time="2024-06-30 08:54:28" type="post" filename="b000000003000000001.xml">
  <open_time>0000-00-00</open_time>
  <close_time>0000-00-00</close_time>
  <lang_name>Big5</lang_name>
  <board_id>1001296417</board_id>
  <node>000000003000000001</node>
  <site>1000110001</site>
  <pt>2023-09-14 15:50:56</pt>
  <poster>11127139</poster>
  <realname>&#x9673;&#x3000;&#x6069;  </realname>
  <email>a04182596@gmail.com</email>
  <homepage>  </homepage>
  <subject>Re: 104  </subject>
  <content>&lt;p&gt;&#x6C92;&#x932F;&#xFF0C;&#x9084;&#x6709;&#x5982;&#x679C;&#x4E0D;&#x662F;&#x7DDA;&#x6027;&#x905E;&#x8FF4;&#x7684;&#x8A71;&#xFF0C;&#x57F7;&#x884C;&#x7684;&#x6548;&#x7387;&#x6703;&#x975E;&#x5E38;&#x7684;&#x5DEE;&#xFF0C;&#x9019;&#x7A2E;&#x6642;&#x5019;&#x53EF;&#x80FD;&#x5C31;&#x8981;&#x8003;&#x616E;&#x6709;&#x6C92;&#x6709;&#x5176;&#x4ED6;&#x7684;&#x65B9;&#x6CD5;&#x3002;&lt;/p&gt; </content>
  <attach></attach>
  <rcount></rcount>
  <rank></rank>
  <hit>1</hit>
  <lang>1</lang>
</data>
