<?xml version="1.0"?>
<data version="3.0" time="2024-06-30 08:54:28" type="post" filename="b000000021.xml">
  <open_time>0000-00-00</open_time>
  <close_time>0000-00-00</close_time>
  <lang_name>Big5</lang_name>
  <board_id>1001296417</board_id>
  <node>000000021</node>
  <site>1000110001</site>
  <pt>2023-09-24 23:53:34</pt>
  <poster>11127106</poster>
  <realname>&#x9673;&#x5B50;&#x6602;  </realname>
  <email>leonchen0810@gmail.com</email>
  <homepage>  </homepage>
  <subject>104 </subject>
  <content>&lt;p&gt;&#x4EC0;&#x9EBC;&#x60C5;&#x6CC1;&#x4E0B;&#x9069;&#x5408;&#x4F7F;&#x7528;&#x905E;&#x8FF4;&#xFF1F;&#x70BA;&#x4EC0;&#x9EBC;&#xFF1F;&lt;/p&gt;&#xD;
&#xD;
&lt;p&gt;&#x7576;&#x4F60;&#x9700;&#x8981;&#x4E00;&#x76F4;&#x91CD;&#x8907;&#x64CD;&#x4F5C;&#x4E14;&#x904E;&#x7A0B;&#x7E41;&#x96DC;&#x7684;&#x6642;&#x5019;&#xFF0C;&#x53EF;&#x4EE5;&#x4F7F;&#x7528;&#x905E;&#x8FF4;&#x3002;&#x76F8;&#x8F03;&#x8FF4;&#x5708;&#xFF0C;&#x96D6;&#x7136;&#x4E0D;&#x4E00;&#x5B9A;&#x6BD4;&#x8F03;&#x5FEB;&#xFF0C;&#x4F46;&#x662F;&#x7A0B;&#x5F0F;&#x6B65;&#x9A5F;&#x6703;&#x66F4;&#x52A0;&#x7C21;&#x7565;&#x4E14;&#x66F4;&#x597D;&#x7406;&#x89E3;&#x3002;&lt;/p&gt;&#xD;
&#xD;
&lt;p&gt;&#x800C;&#x4F7F;&#x7528;&#x905E;&#x8FF4;&#x6700;&#x91CD;&#x8981;&#x7684;&#x662F;&#x4F60;&#x9700;&#x8981;&#x77E5;&#x9053;&#x4F60;&#x7684;&#x7D42;&#x6B62;&#x689D;&#x4EF6;(base case)&#x662F;&#x751A;&#x9EBC;, &#x4EE5;&#x514D;&#x7A0B;&#x5F0F;&#x6703;&#x7121;&#x7AAE;&#x547C;&#x53EB;&#x3002;&lt;/p&gt; </content>
  <attach></attach>
  <rcount></rcount>
  <rank></rank>
  <hit>56</hit>
  <lang>1</lang>
</data>
