<?xml version="1.0"?>
<data version="3.0" time="2024-06-30 08:54:28" type="post" filename="b000000016.xml">
  <open_time>0000-00-00</open_time>
  <close_time>0000-00-00</close_time>
  <lang_name>Big5</lang_name>
  <board_id>1001296417</board_id>
  <node>000000016</node>
  <site>1000110001</site>
  <pt>2023-09-20 22:05:19</pt>
  <poster>11127126</poster>
  <realname>&#x9EC3;&#x67CF;&#x5BE7;  </realname>
  <email>kevinqwer666@gmail.com</email>
  <homepage>  </homepage>
  <subject>101 </subject>
  <content>&lt;p&gt;&#x4EE5;&#x81EA;&#x5DF1;&#x7684;&#x8A71;&#x63CF;&#x8FF0;&#x905E;&#x8FF4;recursion&#x662F;&#x4EC0;&#x9EBC;&lt;/p&gt;&#xD;
&#xD;
&lt;p style="text-align:justify"&gt;&lt;span style="font-family:&#x65B0;&#x7D30;&#x660E;&#x9AD4;,serif"&gt;&#x905E;&#x8FF4;&#x662F;&#x5BEB;&#x7A0B;&#x5F0F;&#x7684;&#x4E00;&#x7A2E;&#x624B;&#x6CD5;&#x3002;&#x5728;&#x57F7;&#x884C;&#x7684;&#x6642;&#x5019;&#xFF0C;&#x81EA;&#x8EAB;&#x7684;&#x51FD;&#x6578;&#x6703;&#x4E0D;&#x65B7;&#x547C;&#x53EB;&#x672C;&#x8EAB;&#x7684;&#x51FD;&#x6578;&#xFF0C;&#x6BCF;&#x6B21;&#x547C;&#x53EB;&#x4E0D;&#x4E00;&#x5B9A;&#x6703;&#x4F7F;&#x7528;&#x76F8;&#x540C;&#x7684;&#x53C3;&#x6578;&#xFF0C;&#x76F4;&#x5230;&#x9054;&#x5230;&#x57FA;&#x672C;&#x60C5;&#x6CC1;&#x70BA;&#x6B62;&#xFF1B;&#x905E;&#x8FF4;&#x4E3B;&#x8981;&#x76EE;&#x7684;&#x662F;&#x628A;&#x4E00;&#x500B;&#x8F03;&#x5927;&#x6216;&#x8F03;&#x8907;&#x96DC;&#x7684;&#x554F;&#x984C;&#x5316;&#x7C21;&#x6210;&#x6578;&#x500B;&#x66F4;&#x5C0F;&#x7684;&#x76F8;&#x4F3C;&#x5B50;&#x554F;&#x984C;&#xFF0C;&#x628A;&#x5B50;&#x554F;&#x984C;&#x89E3;&#x6C7A;&#x5F8C;&#xFF0C;&#x5C07;&#x5B50;&#x554F;&#x984C;&#x7684;&#x89E3;&#x5408;&#x4F75;&#x6216;&#x904B;&#x7B97;&#x53BB;&#x6C42;&#x66F4;&#x5927;&#x554F;&#x984C;&#x7684;&#x89E3;&#xFF0C;&#x76F4;&#x5230;&#x6C42;&#x51FA;&#x539F;&#x4F86;&#x554F;&#x984C;&#x7684;&#x7B54;&#x6848;&#x70BA;&#x6B62;&#x3002;&#x905E;&#x8FF4;&#x7684;&#x512A;&#x9EDE;&#x662F;&#x7A0B;&#x5F0F;&#x78BC;&#x7C21;&#x6F54;&#xFF0C;&#x7F3A;&#x9EDE;&#x662F;&#x5982;&#x679C;&#x8DD1;&#x51FA;&#x7121;&#x7AAE;&#x8FF4;&#x5708;&#x7684;&#x8A71;&#x6703;&#x4E0D;&#x5BB9;&#x6613;&#x9664;&#x932F;&#x3002;&lt;/span&gt;&lt;/p&gt; </content>
  <attach></attach>
  <rcount></rcount>
  <rank></rank>
  <hit>40</hit>
  <lang>1</lang>
</data>
