<?xml version="1.0"?>
<data version="3.0" time="2024-06-30 08:54:28" type="post" filename="b000000005.xml">
  <open_time>0000-00-00</open_time>
  <close_time>0000-00-00</close_time>
  <lang_name>Big5</lang_name>
  <board_id>1001296417</board_id>
  <node>000000005</node>
  <site>1000110001</site>
  <pt>2023-09-15 12:49:34</pt>
  <poster>11127142</poster>
  <realname>&#x8303;&#x5EAD;&#x90E1;  </realname>
  <email>handsome11623@gmail.com</email>
  <homepage> </homepage>
  <subject>103 </subject>
  <content>&lt;p&gt;&lt;span style="font-size:14px"&gt;&#x7C21;&#x4ECB;Acker&#x51FD;&#x6578;&#xFF0C;&#x4E26;&#x5217;&#x51FA;Acker(2,3)&#x7684;&#x6C42;&#x89E3;&#x904E;&#x7A0B;&#x3002;&lt;/span&gt;&lt;/p&gt;&#xD;
&#xD;
&lt;ul&gt;&#xD;
	&lt;li&gt;Acker&#x51FD;&#x6578;&#x662F;&#x4E00;&#x7A2E;&#x8F38;&#x51FA;&#x503C;&#x589E;&#x9577;&#x5F88;&#x5FEB;&#x7684;&#x905E;&#x8FF4;&#x51FD;&#x5F0F;&#xFF0C;&#x70BA;&#x4E00;&#x7A2E;&#x975E;&#x539F;&#x59CB;&#x905E;&#x8FF4;&#x51FD;&#x6578;&#xFF0C;&#x9700;&#x8981;&#x5169;&#x500B;&#x81EA;&#x7136;&#x6578;&#x8F38;&#x5165;&#x3002;&lt;/li&gt;&#xD;
	&lt;li&gt;Acker(2,3)&lt;br /&gt;&#xD;
	= Acker( 1, Acker(2,2) )&lt;br /&gt;&#xD;
	= Acker( 1, Acker(2,1) )&lt;br /&gt;&#xD;
	= Acker( 1, Acker(2,0) )&lt;br /&gt;&#xD;
	= Acker( 2,0 )&lt;br /&gt;&#xD;
	= Acker( 0, Acker(1,0) )&lt;br /&gt;&#xD;
	= Acker( 1,0 )&lt;br /&gt;&#xD;
	= Acker( 0, Acker(1,2) )&lt;br /&gt;&#xD;
	= Acker( 0, Acker(1,1) )&lt;br /&gt;&#xD;
	= Acker( 0, Acker(1,0) )&lt;br /&gt;&#xD;
	= Acker( 1,0 )&lt;br /&gt;&#xD;
	= Acker( 0, Acker(1,4) )&lt;br /&gt;&#xD;
	= Acker( 0, Acker(1,3) )&lt;br /&gt;&#xD;
	= Acker( 0, Acker(1,2) )&lt;br /&gt;&#xD;
	= Acker( 0, Acker(1,1) )&lt;br /&gt;&#xD;
	= Acker( 0, Acker(1,0) )&lt;br /&gt;&#xD;
	= Acker( 1,0 )&lt;br /&gt;&#xD;
	= Acker( 0, Acker(1,6) )&lt;br /&gt;&#xD;
	= Acker( 0, Acker(1,5) )&lt;br /&gt;&#xD;
	= Acker( 0, Acker(1,4) )&lt;br /&gt;&#xD;
	= Acker( 0, Acker(1,3) )&lt;br /&gt;&#xD;
	= Acker( 0, Acker(1,2) )&lt;br /&gt;&#xD;
	= Acker( 0, Acker(1,1) )&lt;br /&gt;&#xD;
	= Acker( 0, Acker(1,0) )&lt;br /&gt;&#xD;
	= Acker( 1,0 )&lt;br /&gt;&#xD;
	= 9&lt;/li&gt;&#xD;
&lt;/ul&gt;</content>
  <attach>Ackr&#x51FD;&#x6578;11127142.cpp	WM6503e2249677a.cpp</attach>
  <rcount></rcount>
  <rank></rank>
  <hit>82</hit>
  <lang>1</lang>
</data>
