<?xml version="1.0"?>
<data version="3.0" time="2024-06-30 08:54:28" type="post" filename="b000000006.xml">
  <open_time>0000-00-00</open_time>
  <close_time>0000-00-00</close_time>
  <lang_name>Big5</lang_name>
  <board_id>1001296417</board_id>
  <node>000000006</node>
  <site>1000110001</site>
  <pt>2023-09-17 15:24:02</pt>
  <poster>11127115</poster>
  <realname>&#x9673;&#x59FF;&#x5B89;  </realname>
  <email>ciyo1102@gmail.com</email>
  <homepage> </homepage>
  <subject>103 </subject>
  <content>&lt;p&gt;&lt;span style="font-size:16px"&gt;&#x7C21;&#x4ECB;Acker&#x51FD;&#x6578;&#xFF0C;&#x4E26;&#x5217;&#x51FA;Acker(2,3)&#x7684;&#x6C42;&#x89E3;&#x904E;&#x7A0B;&#x3002;&lt;/span&gt;&lt;/p&gt;&#xD;
&#xD;
&lt;p&gt;&lt;span style="font-size:8px"&gt;&#x25CF;&#x70BA;&#x4E00;&#x905E;&#x8FF4;&#x4F46;&#x4E0D;&#x70BA;&#x539F;&#x59CB;&#x905E;&#x8FF4;&#x7684;&#x51FD;&#x6578;&#xFF0C;&#x8F38;&#x5165;&#x5169;&#x81EA;&#x7136;&#x6578;&#xFF0C;&#x8F38;&#x51FA;&#x4E00;&#x81EA;&#x7136;&#x6578;&#xFF0C;&#x8F38;&#x51FA;&#x589E;&#x9577;&#x901F;&#x5EA6;&#x9AD8;&lt;/span&gt;&lt;/p&gt;&#xD;
&#xD;
&lt;p&gt;&lt;span style="font-size:8px"&gt;&#x25CF;Acker( 2, 3 )&lt;br /&gt;&#xD;
= Acker( 1, Acker( 2, 2 ) )&lt;br /&gt;&#xD;
= Acker( 1, Acker( 2, 1 ) )&lt;br /&gt;&#xD;
= Acker( 1, Acker( 2, 0 ) )&lt;br /&gt;&#xD;
= Acker( 1, 1 )&lt;br /&gt;&#xD;
= Acker( 0, Acker( 1, 0 ) )&lt;br /&gt;&#xD;
= Acker( 0, 1 )&lt;br /&gt;&#xD;
= Acker( 0, 1 )&lt;br /&gt;&#xD;
= Acker( 0, 2 )&lt;br /&gt;&#xD;
= Acker( 0, Acker( 1, 2 ) )&lt;br /&gt;&#xD;
= Acker( 0, Acker( 1, 1 ) )&lt;br /&gt;&#xD;
= Acker( 0, Acker( 1, 0 ) )&lt;br /&gt;&#xD;
= Acker( 0, 1 )&lt;br /&gt;&#xD;
= Acker( 0, 1 )&lt;br /&gt;&#xD;
= Acker( 0, 2 )&lt;br /&gt;&#xD;
= Acker( 0, 3 )&lt;br /&gt;&#xD;
= Acker( 0, 4 )&lt;br /&gt;&#xD;
= Acker( 0, Acker( 1, 4 ) )&lt;br /&gt;&#xD;
= Acker( 0, Acker( 1, 3 ) )&lt;br /&gt;&#xD;
= Acker( 0, Acker( 1, 2 ) )&lt;br /&gt;&#xD;
= Acker( 0, Acker( 1, 1 ) )&lt;br /&gt;&#xD;
= Acker( 0, Acker( 1, 0 ) )&lt;br /&gt;&#xD;
= Acker( 0, 1 )&lt;br /&gt;&#xD;
= Acker( 0, 1 )&lt;br /&gt;&#xD;
= Acker( 0, 2 )&lt;br /&gt;&#xD;
= Acker( 0, 3 )&lt;br /&gt;&#xD;
= Acker( 0, 4 )&lt;br /&gt;&#xD;
= Acker( 0, 5 )&lt;br /&gt;&#xD;
= Acker( 0, 6 )&lt;br /&gt;&#xD;
= Acker( 0, Acker( 1, 6 ) )&lt;br /&gt;&#xD;
= Acker( 0, Acker( 1, 5 ) )&lt;br /&gt;&#xD;
= Acker( 0, Acker( 1, 4 ) )&lt;br /&gt;&#xD;
= Acker( 0, Acker( 1, 3 ) )&lt;br /&gt;&#xD;
= Acker( 0, Acker( 1, 2 ) )&lt;br /&gt;&#xD;
= Acker( 0, Acker( 1, 1 ) )&lt;br /&gt;&#xD;
= Acker( 0, Acker( 1, 0 ) )&lt;br /&gt;&#xD;
= Acker( 0, 1 )&lt;br /&gt;&#xD;
= Acker( 0, 1 )&lt;br /&gt;&#xD;
= Acker( 0, 2 )&lt;br /&gt;&#xD;
= Acker( 0, 3 )&lt;br /&gt;&#xD;
= Acker( 0, 4 )&lt;br /&gt;&#xD;
= Acker( 0, 5 )&lt;br /&gt;&#xD;
= Acker( 0, 6 )&lt;br /&gt;&#xD;
= Acker( 0, 7 )&lt;br /&gt;&#xD;
= Acker( 0, 8 )&lt;br /&gt;&#xD;
= 9&lt;/span&gt;&lt;/p&gt;</content>
  <attach>11127115 Acker.cpp	WM6506b7c7281d6.cpp</attach>
  <rcount></rcount>
  <rank></rank>
  <hit>64</hit>
  <lang>1</lang>
</data>
