<?xml version="1.0"?>
<data version="3.0" time="2024-06-30 08:54:28" type="post" filename="b000000011.xml">
  <open_time>0000-00-00</open_time>
  <close_time>0000-00-00</close_time>
  <lang_name>Big5</lang_name>
  <board_id>1001296417</board_id>
  <node>000000011</node>
  <site>1000110001</site>
  <pt>2023-09-19 16:36:32</pt>
  <poster>11127103</poster>
  <realname>&#x738B;&#x8283;&#x7A4E;  </realname>
  <email>penley20595005@gmail.com</email>
  <homepage>  </homepage>
  <subject>104 </subject>
  <content>&lt;p&gt;&#x751A;&#x9EBC;&#x60C5;&#x6CC1;&#x4E0B;&#x9069;&#x5408;&#x4F7F;&#x7528;&#x905E;&#x8FF4; ? &#x70BA;&#x4EC0;&#x9EBC; ?&lt;/p&gt;&#xD;
&#xD;
&lt;p&gt;&#x4F7F;&#x7528;&#x905E;&#x8FF4;&#x4F86;&#x89E3;&#x6C7A;&#x7684;&#x554F;&#x984C;&#x67B6;&#x69CB;&#x9700;&#x8981;&#x5177;&#x6709;&#x4E00;&#x5B9A;&#x7684;&#x91CD;&#x8907;&#x6027;&#x3001;&#x898F;&#x5F8B;&#x6027;&#x7B49;&#xFF0C;&#x80FD;&#x5920;&#x5C07;&#x554F;&#x984C;&#x5206;&#x89E3;&#x6210;&#x898F;&#x6A21;&#x8F03;&#x5C0F;&#x7684;&#x554F;&#x984C;&#x3002;&#x4E26;&#x4E14;&#x9700;&#x8981;&#x627E;&#x5230;&#x6B64;&#x554F;&#x984C;&#x7684;&#x7D42;&#x6B62;&#x689D;&#x4EF6;&#xFF0C;&#x8981;&#x78BA;&#x4FDD;&#x6B64;&#x554F;&#x984C;&#x4E0D;&#x6703;&#x7121;&#x7AAE;&#x547C;&#x53EB;&#x3002;&lt;/p&gt;&#xD;
&#xD;
&lt;p&gt;&#x800C;&#x4F7F;&#x7528;&#x905E;&#x8FF4;&#x80FD;&#x5920;&#x4F7F;&#x8907;&#x96DC;&#x7684;&#x554F;&#x984C;&#x7528;&#x8F03;&#x7C21;&#x55AE;&#x7684;&#x65B9;&#x5F0F;&#x53BB;&#x8655;&#x7406;&#xFF0C;&#x6703;&#x76F8;&#x5C0D;&#x8F03;&#x7C21;&#x6F54;&#x4E14;&#x66F4;&#x5BB9;&#x6613;&#x7406;&#x89E3;&#xFF0C;&#x4E14;&#x5982;&#x679C;&#x9700;&#x8981;&#x9664;&#x932F;&#x6642;&#x4E5F;&#x6703;&#x66F4;&#x5BB9;&#x6613;&#x3002;&lt;/p&gt; </content>
  <attach></attach>
  <rcount></rcount>
  <rank></rank>
  <hit>46</hit>
  <lang>1</lang>
</data>
