<?xml version="1.0"?>
<data version="3.0" time="2024-06-30 08:54:28" type="post" filename="b000000010000000002.xml">
  <open_time>0000-00-00</open_time>
  <close_time>0000-00-00</close_time>
  <lang_name>Big5</lang_name>
  <board_id>1001296417</board_id>
  <node>000000010000000002</node>
  <site>1000110001</site>
  <pt>2023-09-21 13:38:22</pt>
  <poster>11277028</poster>
  <realname>&#x6C5F;&#x6668;&#x9298;  </realname>
  <email>gugugu1127@gmail.com</email>
  <homepage>  </homepage>
  <subject>Re: 102  </subject>
  <content>&lt;p&gt;1. &#x9644;&#x4E0A;&#x7684;&#x7A0B;&#x5F0F;&#x57F7;&#x884C;&#x5F8C;&#x51FA;&#x4F86;&#x7684;&#x7D50;&#x679C;&#x4E26;&#x4E0D;&#x5728;&#x4F60;&#x6240;&#x63D0;&#x4F9B;&#x7684;vector&#x4E2D;&#x3002;&lt;br /&gt;&#xD;
2. &#x984C;&#x76EE;&#x8981;&#x6C42;&#x7684;&#x662F;&#x6574;&#x6578;&#xFF0C;&#x578B;&#x5225;&#x61C9;&#x8A72;&#x4F7F;&#x7528;int&#x505A;&#x5BA3;&#x544A;&lt;br /&gt;&#xD;
3. pivotIndex &#x4EE3;&#x8868;&#x7684;&#x662F;&#x57FA;&#x6E96;&#x9EDE;&#x7684;&#x5EA7;&#x6A19;&#xFF0C;&#x540C;&#x6A23;&#x4E0D;&#x61C9;&#x8A72;&#x4EE5;float&#x5BA3;&#x544A;&lt;/p&gt; </content>
  <attach></attach>
  <rcount></rcount>
  <rank></rank>
  <hit>1</hit>
  <lang>1</lang>
</data>
