<?xml version="1.0"?>
<data version="3.0" time="2024-06-30 08:54:28" type="post" filename="b000000010000000001.xml">
  <open_time>0000-00-00</open_time>
  <close_time>0000-00-00</close_time>
  <lang_name>Big5</lang_name>
  <board_id>1001296417</board_id>
  <node>000000010000000001</node>
  <site>1000110001</site>
  <pt>2023-09-20 00:51:37</pt>
  <poster>11127101</poster>
  <realname>&#x85CD;&#x81F3;&#x5955;  </realname>
  <email>jefflan101@gmail.com</email>
  <homepage> </homepage>
  <subject>Re: 102  </subject>
  <content>&lt;p&gt;&#x539F;&#x7A0B;&#x5F0F;&#x78BC;&#x5177;&#x6709;&#x88AB;&#x5FFD;&#x7565;&#x7684;&#x6F0F;&#x6D1E;&#xFF0C;&#x5DF2;&#x9032;&#x884C;&#x66F4;&#x52D5;&#x3002;&lt;/p&gt;&#xD;
&#xD;
&lt;p&gt;&#x203B;&#x9806;&#x4FBF;&#x88DC;&#x5145;&#xFF0C;&#x73FE;&#x4ECA;&#x7248;&#x672C;&#x7684;Dev C++&#x70BA;C++98&#xFF0C;&#x8A72;&#x7A0B;&#x5F0F;&#x7121;&#x6CD5;&#x4F7F;&#x7528;&#xFF0C;&#x9700;&#x984D;&#x5916;&#x8F09;&#x5165;Cygwin &#x7B49;&#x5176;&#x4ED6;&#x7248;&#x7684;&#x7DE8;&#x8B6F;&#x5668;&#x7D44;&#x614B;&#x3002;&lt;/p&gt;&#xD;
&#xD;
&lt;p&gt;&amp;nbsp; &amp;nbsp;&#x5982;&#x679C;&#x662F;&#x4F7F;&#x7528;code blocks&#xFF0C;&#x4F60;&#x53EF;&#x80FD;&#x9700;&#x8981;&#x5728;Global Compiler Settings&#x7684;Other compiler options&#x88E1;&#x52A0;&#x4E0A;:&lt;/p&gt;&#xD;
&#xD;
&lt;p&gt;&amp;nbsp; &amp;nbsp; &amp;nbsp; &amp;nbsp; &amp;nbsp; -fexec-charset=BIG-5&lt;/p&gt;&#xD;
&#xD;
&lt;p&gt;&amp;nbsp; &amp;nbsp;&#x9019;&#x884C;&#x7A0B;&#x5F0F;&#xFF0C;&#x4F7F;&#x5F97;&#x7A0B;&#x5F0F;&#x80FD;&#x6B63;&#x5E38;&#x57F7;&#x884C;&#x3002;&lt;/p&gt;</content>
  <attach></attach>
  <rcount></rcount>
  <rank></rank>
  <hit>6</hit>
  <lang>1</lang>
</data>
