<?xml version="1.0"?>
<data version="3.0" time="2024-06-30 08:54:28" type="post" filename="b000000002.xml">
  <open_time>0000-00-00</open_time>
  <close_time>0000-00-00</close_time>
  <lang_name>Big5</lang_name>
  <board_id>1001296417</board_id>
  <node>000000002</node>
  <site>1000110001</site>
  <pt>2023-09-14 14:52:39</pt>
  <poster>11127116</poster>
  <realname>&#x66FE;&#x8A6E;&#x6DF3;  </realname>
  <email>kevin47338647@gmail.com</email>
  <homepage>  </homepage>
  <subject>101 </subject>
  <content>&lt;p&gt;&#x905E;&#x8FF4;&#x662F;&#x4E00;&#x7A2E;&#x5BEB;&#x7A0B;&#x5F0F;&#x7684;&#x65B9;&#x6CD5;&#xFF0C;&#x900F;&#x904E;&#x5C07;&#x5927;&#x554F;&#x984C;&#x62C6;&#x89E3;&#x70BA;&#x53EF;&#x4EE5;&#x4E0D;&#x65B7;&#x91CD;&#x8907;&#x7684;&#x5C0F;&#x6B65;&#x9A5F;&#xFF0C;&#x5C07;&#x5C0F;&#x6B65;&#x9A5F;&#x5305;&#x88DD;&#x9032;&#x51FD;&#x5F0F;&#x5F8C;&#xFF0C;&#x900F;&#x904E;&#x4E0D;&#x65B7;&#x547C;&#x53EB;&#x81EA;&#x5DF1;&#x4F86;&#x9054;&#x6210;&#x89E3;&#x6C7A;&#x554F;&#x984C;&#x7684;&#x76EE;&#x6A19;&#xFF0C;&#x4E26;&#x4E14;&#x5728;&#x905E;&#x8FF4;&#x4E2D;&#x5B58;&#x5728;&#x8457;&#x4E2D;&#x6B62;&#x689D;&#x4EF6;&#xFF0C;&#x7528;&#x65BC;&#x5C0B;&#x627E;&#x554F;&#x984C;&#x7684;&#x6700;&#x5C0F;&#x55AE;&#x4F4D;&#xFF0C;&#x7372;&#x5F97;&#x6700;&#x5C0F;&#x55AE;&#x4F4D;&#x5F8C;&#x5373;&#x53EF;&#x900F;&#x904E;&#x5F97;&#x5230;&#x7684;&#x65B0;&#x8CC7;&#x8A0A;&#xFF0C;&#x56DE;&#x982D;&#x53BB;&#x89E3;&#x5927;&#x4E00;&#x9EDE;&#x7684;&#x554F;&#x984C;&#xFF0C;&#x4EE5;&#x6B64;&#x985E;&#x63A8;&#x76F4;&#x81F3;&#x672C;&#x4F86;&#x7684;&#x5927;&#x554F;&#x984C;&#x88AB;&#x89E3;&#x6C7A;&#x3002;&lt;/p&gt; </content>
  <attach></attach>
  <rcount></rcount>
  <rank></rank>
  <hit>67</hit>
  <lang>1</lang>
</data>
