<?xml version="1.0"?>
<data version="3.0" time="2024-06-30 08:54:28" type="post" filename="b000000003000000002.xml">
  <open_time>0000-00-00</open_time>
  <close_time>0000-00-00</close_time>
  <lang_name>Big5</lang_name>
  <board_id>1001296417</board_id>
  <node>000000003000000002</node>
  <site>1000110001</site>
  <pt>2023-09-15 10:08:26</pt>
  <poster>11813</poster>
  <realname>&#x5433;&#x5B9C;&#x9D3B;  </realname>
  <email>yhwu@cycu.edu.tw</email>
  <homepage>https://www.researchgate.net/profile/Yi-Hung-Wu-2  </homepage>
  <subject>Re: 104  </subject>
  <content>&lt;p&gt;&lt;span style="color:#0000cd"&gt;Nice answer!&lt;/span&gt;&lt;/p&gt;&#xD;
&#xD;
&lt;p&gt;&lt;span style="color:#0000cd"&gt;&#x95DC;&#x9375;&#x8A5E;&#xFF1A;&#x91CD;&#x8907;&#x6027;&#x7684;&#x7D50;&#x69CB;&#x3001;&#x660E;&#x78BA;&#x7684;&#x4E2D;&#x6B62;&#x689D;&#x4EF6;&#x3002;&lt;/span&gt;&lt;/p&gt; </content>
  <attach></attach>
  <rcount></rcount>
  <rank></rank>
  <hit>1</hit>
  <lang>1</lang>
</data>
