<?xml version="1.0"?>
<data version="3.0" time="2024-06-30 08:54:28" type="post" filename="b000000014000000001.xml">
  <open_time>0000-00-00</open_time>
  <close_time>0000-00-00</close_time>
  <lang_name>Big5</lang_name>
  <board_id>1001296417</board_id>
  <node>000000014000000001</node>
  <site>1000110001</site>
  <pt>2023-09-20 22:19:18</pt>
  <poster>11277028</poster>
  <realname>&#x6C5F;&#x6668;&#x9298;  </realname>
  <email>gugugu1127@gmail.com</email>
  <homepage>  </homepage>
  <subject>Re: 101  </subject>
  <content>&lt;p&gt;&#x4EC0;&#x9EBC;&#x662F;&#x7121;&#x6CD5;&#x5F88;&#x597D;&#x76F4;&#x63A5;&#x8655;&#x7406;&#x7684;&#x554F;&#x984C;?&lt;br /&gt;&#xD;
&#x6CE8;&#x610F;&#x8CBC;&#x6587;&#x7684;&#x932F;&#x5B57;(&lt;span style="color:#ff0000"&gt;&#x5F97;&lt;/span&gt;&#x5230;&#x3001;&lt;span style="color:#ff0000"&gt;&#x8FF4;&lt;/span&gt;&#x5708;)&lt;/p&gt; </content>
  <attach></attach>
  <rcount></rcount>
  <rank></rank>
  <hit>1</hit>
  <lang>1</lang>
</data>
