<?xml version="1.0"?>
<data version="3.0" time="2024-06-30 08:54:28" type="post" filename="b000000004.xml">
  <open_time>0000-00-00</open_time>
  <close_time>0000-00-00</close_time>
  <lang_name>Big5</lang_name>
  <board_id>1001296417</board_id>
  <node>000000004</node>
  <site>1000110001</site>
  <pt>2023-09-14 16:35:15</pt>
  <poster>03109309</poster>
  <realname>&#x5442;&#x6C9B;&#x9716;  </realname>
  <email>0</email>
  <homepage>  </homepage>
  <subject>101 </subject>
  <content>&lt;p&gt;&#x905E;&#x8FF4;&#x662F;&#x7A0B;&#x5F0F;&#x64B0;&#x5BEB;&#x7684;&#x6280;&#x5DE7;:&lt;br /&gt;&#xD;
&#x905E;&#x8FF4;&#x53EF;&#x4EE5;&#x900F;&#x904E;&#x7C21;&#x5316;&#x5927;&#x554F;&#x984C;&#x6210;&#x8F03;&#x5C0F;&#x7684;&#x76F8;&#x540C;&#x554F;&#x984C;, &#x800C;&#x554F;&#x984C;&#x7684;&#x5927;&#x5C0F;&#x901A;&#x5E38;&#x548C;&#x8CC7;&#x6599;&#x91CF;&#x6709;&#x95DC;, &#x4E26;&#x4E14;&#x53EF;&#x4EE5;&#x900F;&#x904E;&#x76F8;&#x540C;&#x7684;&#x89E3;&#x6C7A;&#x65B9;&#x6CD5;&#x4F86;&#x89E3;&#x6C7A;&#x6BCF;&#x4E00;&#x5C64;&#x7684;&#x554F;&#x984C;, &#x76F4;&#x5230;&#x7C21;&#x5316;&#x5230;&#x80FD;&#x76F4;&#x63A5;&#x8655;&#x7406;&#x7684;&#x5C0F;&#x554F;&#x984C;&#x6216;&#x5230;&#x9054;&#x905E;&#x8FF4;&#x7684;&#x7D42;&#x6B62;&#x689D;&#x4EF6;(base case)&#x5247;&#x958B;&#x59CB;&#x8FD4;&#x56DE;, &#x9010;&#x4E00;&#x89E3;&#x6C7A;&#x554F;&#x984C;&#x4E26;&#x56DE;&#x50B3;&#x81F3;&#x4E0A;&#x4E00;&#x5C64;&#x7684;&#x554F;&#x984C;&#x76F4;&#x5230;&#x89E3;&#x6C7A;&#x6700;&#x521D;&#x7684;&#x554F;&#x984C;&#x3002;&lt;br /&gt;&#xD;
&#x905E;&#x8FF4;&#x7684;&#x512A;&#x9EDE;: &#x7A0B;&#x5F0F;&#x8F03;&#x70BA;&#x7CBE;&#x7C21;, &#x53EF;&#x4EE5;&#x900F;&#x904E;&#x5BEB;&#x4E00;&#x4EFD;&#x7A0B;&#x5F0F;&#x78BC;&#x91CD;&#x8907;&#x547C;&#x53EB;&#x5C31;&#x597D;, &#x4E26;&#x4E14;&#x7A0B;&#x5F0F;&#x5BB9;&#x6613;&#x89E3;&#x91CB;&#x3002;&lt;/p&gt; </content>
  <attach></attach>
  <rcount></rcount>
  <rank></rank>
  <hit>66</hit>
  <lang>1</lang>
</data>
