<?xml version="1.0"?>
<data version="3.0" time="2024-06-30 08:54:28" type="post" filename="b000000009.xml">
  <open_time>0000-00-00</open_time>
  <close_time>0000-00-00</close_time>
  <lang_name>Big5</lang_name>
  <board_id>1001296417</board_id>
  <node>000000009</node>
  <site>1000110001</site>
  <pt>2023-09-18 21:30:16</pt>
  <poster>11127110</poster>
  <realname>&#x8A31;&#x81F3;&#x6600;  </realname>
  <email>alberthsu919@gmail.com</email>
  <homepage>  </homepage>
  <subject>104 </subject>
  <content>&lt;p&gt;&#x4EC0;&#x9EBC;&#x60C5;&#x6CC1;&#x4E0B;&#x9069;&#x5408;&#x4F7F;&#x7528;&#x905E;&#x8FF4;&#xFF1F;&#x70BA;&#x4EC0;&#x9EBC;&#xFF1F;&lt;/p&gt;&#xD;
&#xD;
&lt;p&gt;&#x4F7F;&#x7528;&#x905E;&#x8FF4;&#x4F86;&#x89E3;&#x6C7A;&#x7684;&#x554F;&#x984C;&#xFF0C;&#x9700;&#x8981;&#x80FD;&#x5920;&#x62C6;&#x89E3;&#x6210;&#x8207;&#x539F;&#x59CB;&#x554F;&#x984C;&#x985E;&#x578B;&#x5B8C;&#x5168;&#x76F8;&#x540C;&#x7684;&#x8F03;&#x5C0F;&#x554F;&#x984C;&#x3002;&lt;br /&gt;&#xD;
&#x9069;&#x7576;&#x4F7F;&#x7528;&#x905E;&#x8FF4;&#x53EF;&#x4EE5;&#x8B93;&#x7A0B;&#x5F0F;&#x78BC;&#x66F4;&#x70BA;&#x7C21;&#x6F54;&#x3002;&lt;br /&gt;&#xD;
&#x905E;&#x8FF4;&#x662F;&#x900F;&#x904E;&#x89E3;&#x6C7A;&#x76F8;&#x540C;&#x554F;&#x984C;&#x7684;&#x8F03;&#x5C0F;&#x5BE6;&#x4F8B;&#xFF0C;&#x518D;&#x89E3;&#x6C7A;&#x5176;&#x66F4;&#x5C0F;&#x7684;&#x5BE6;&#x4F8B;&#x4F86;&#x89E3;&#x6C7A;&#x9019;&#x500B;&#x65B0;&#x554F;&#x984C;&#x3002;&#x6700;&#x7D42;&#x5C0E;&#x81F4;&#x65B0;&#x554F;&#x984C;&#x8B8A;&#x5F97;&#x975E;&#x5E38;&#x5C0F;&#xFF0C;&#x89E3;&#x6C7A;&#x65B9;&#x6CD5;&#x986F;&#x800C;&#x6613;&#x898B;&#xFF0C;&#x4E26;&#x4FC3;&#x6210;&#x539F;&#x59CB;&#x5927;&#x554F;&#x984C;&#x7684;&#x89E3;&#x6C7A;&#x3002;&lt;br /&gt;&#xD;
&#x905E;&#x8FF4;&#x6F14;&#x7B97;&#x6CD5;&#x5FC5;&#x9808;&#x6709;&#x4E00;&#x500B;&#x57FA;&#x672C;&#x60C5;&#x6CC1;&#xFF0C;&#x5F62;&#x6210;&#x6709;&#x6548;&#x7684;&#x7D42;&#x6B62;&#x689D;&#x4EF6;&#xFF0C;&#x907F;&#x514D;&#x905E;&#x8FF4;&#x51FD;&#x6578;&#x7121;&#x9650;&#x56DE;&#x50B3;&#x547C;&#x53EB;&#x3002;&lt;/p&gt; </content>
  <attach></attach>
  <rcount></rcount>
  <rank></rank>
  <hit>39</hit>
  <lang>1</lang>
</data>
