<?xml version="1.0"?>
<data version="3.0" time="2024-06-30 08:54:28" type="post" filename="b000000014.xml">
  <open_time>0000-00-00</open_time>
  <close_time>0000-00-00</close_time>
  <lang_name>Big5</lang_name>
  <board_id>1001296417</board_id>
  <node>000000014</node>
  <site>1000110001</site>
  <pt>2023-09-20 20:03:51</pt>
  <poster>11127112</poster>
  <realname>&#x838A;&#x6C9B;&#x5112;  </realname>
  <email>a0922166067@gmail.com</email>
  <homepage>  </homepage>
  <subject>101 </subject>
  <content>&lt;p&gt;&lt;strong&gt;&lt;span style="font-size:14px"&gt;&#x4EE5;&#x81EA;&#x5DF1;&#x7684;&#x8A71;&#x63CF;&#x8FF0;&#x905E;&#x8FF4;recursion&#x662F;&#x4EC0;&#x9EBC;&#x3002;&lt;/span&gt;&lt;/strong&gt;&lt;/p&gt;&#xD;
&#xD;
&lt;p&gt;&#x905E;&#x8FF4;&#x7684;&#x76EE;&#x7684;&#x662F;&#x70BA;&#x4E86;&#x5C07;&#x4E00;&#x500B;&#x7121;&#x6CD5;&#x5F88;&#x597D;&#x76F4;&#x63A5;&#x8655;&#x7406;&#x7684;&#x554F;&#x984C;&#xFF0C;&#x7D93;&#x904E;&#x9069;&#x7576;&#x7684;&#x62C6;&#x89E3;&#xFF0C;&#x5C07;&#x5B83;&#x8B8A;&#x6210;&#x4E00;&#x500B;&#x4E00;&#x500B;&#x76F8;&#x540C;&#x7684;&#x89E3;&#x6CD5;&#xFF0C;&#x4F46;&#x5927;&#x5C0F;&#x4E0D;&#x540C;&#x7684;&#x554F;&#x984C;&#xFF0C;&#x900F;&#x904E;&#x9032;&#x884C;&#x76F8;&#x540C;&#x7684;&#x6B65;&#x9A5F;&#xFF0C;&#x6700;&#x5F8C;&#x7684;&#x5230;&#x81EA;&#x5DF1;&#x60F3;&#x8981;&#x7684;&#x5230;&#x7684;&#x7B54;&#x6848;&#x3002;&#x5728;&#x905E;&#x8FF4;&#x4E2D;&#x96D6;&#x7136;&#x6211;&#x5011;&#x5C07;&#x554F;&#x984C;&#x7C21;&#x5316;&#xFF0C;&#x5F9E;&#x800C;&#x80FD;&#x7528;&#x66F4;&#x7CBE;&#x7C21;&#x7684;&#x65B9;&#x5F0F;&#x53BB;&#x64B0;&#x5BEB;&#x7A0B;&#x5F0F;&#x78BC;&#xFF0C;&#x4F46;&#x4E0D;&#x4EE3;&#x8868;&#x905E;&#x8FF4;&#x7684;&#x6548;&#x7387;&#x5C31;&#x4E00;&#x5B9A;&#x8F03;&#x597D;&#xFF0C;&#x4E5F;&#x6709;&#x53EF;&#x80FD;&#x6703;&#x767C;&#x751F;&#xFF0C;&#x56DE;&#x5708;&#x8DD1;&#x7684;&#x6548;&#x7387;&#x53CD;&#x800C;&#x4F86;&#x7684;&#x6BD4;&#x905E;&#x8FF4;&#x9AD8;&#x3002;&amp;nbsp;&lt;/p&gt; </content>
  <attach></attach>
  <rcount></rcount>
  <rank></rank>
  <hit>34</hit>
  <lang>1</lang>
</data>
