<?xml version="1.0"?>
<data version="3.0" time="2024-06-30 08:54:28" type="post" filename="b000000013.xml">
  <open_time>0000-00-00</open_time>
  <close_time>0000-00-00</close_time>
  <lang_name>Big5</lang_name>
  <board_id>1001296417</board_id>
  <node>000000013</node>
  <site>1000110001</site>
  <pt>2023-09-19 21:04:31</pt>
  <poster>11127129</poster>
  <realname>&#x5F35;&#x8ED2;&#x5049;  </realname>
  <email>billy.wilai@gmail.com</email>
  <homepage>  </homepage>
  <subject>101 </subject>
  <content>&lt;p&gt;&lt;span style="font-size:14px"&gt;&#x4EE5;&#x81EA;&#x5DF1;&#x7684;&#x8A71;&#x63CF;&#x8FF0;&#x905E;&#x8FF4;recursion&#x662F;&#x4EC0;&#x9EBC;&#x3002;&lt;/span&gt;&lt;/p&gt;&#xD;
&#xD;
&lt;p&gt;&#x905E;&#x8FF4;&#x662F;&#x4E00;&#x7A2E;&#x5BEB;&#x7A0B;&#x5F0F;&#x7684;&#x6280;&#x5DE7;&#xFF0C;&#x4F7F;&#x4E00;&#x500B;&#x51FD;&#x5F0F;&#x53EF;&#x4EE5;&#x547C;&#x53EB;&#x81EA;&#x5DF1;&#x4F86;&#x7E2E;&#x5C0F;&#x4E26;&#x89E3;&#x6C7A;&#x554F;&#x984C;&#xFF0C;&#x901A;&#x5E38;&#x5728;&#x554F;&#x984C;&#x53EF;&#x4EE5;&#x5206;&#x89E3;&#x6210;&#x76F8;&#x4F3C;&#x4F46;&#x8F03;&#x5C0F;&#x7684;&#x554F;&#x984C;&#x6642;&#x4F7F;&#x7528;&#xFF0C;&#x7136;&#x5F8C;&#x9010;&#x6B65;&#x89E3;&#x6C7A;&#x9019;&#x4E9B;&#x5C0F;&#x554F;&#x984C;&#xFF0C;&#x6700;&#x5F8C;&#x56DE;&#x6536;&#x5C0F;&#x554F;&#x984C;&#x7684;&#x89E3;&#x4EE5;&#x7372;&#x5F97;&#x539F;&#x59CB;&#x554F;&#x984C;&#x7684;&#x89E3;&#x7B54;&#x3002;&#x905E;&#x8FF4;&#x901A;&#x5E38;&#x4F86;&#x8655;&#x7406;&#x6578;&#x64DA;&#x7D50;&#x69CB;&#xFF08;&#x5982;&#x6A39;&#x3001;&#x5716;&#x3001;&#x5217;&#x8868;&#xFF09;&#x7684;&#x904D;&#x6B77;&#x548C;&#x641C;&#x7D22;&#xFF0C;&#x4EE5;&#x53CA;&#x89E3;&#x6C7A;&#x5177;&#x6709;&#x91CD;&#x8907;&#x6027;&#x7D50;&#x69CB;&#x7684;&#x554F;&#x984C;&#x3002;&lt;/p&gt; </content>
  <attach></attach>
  <rcount></rcount>
  <rank></rank>
  <hit>53</hit>
  <lang>1</lang>
</data>
