<?xml version="1.0"?>
<data version="3.0" time="2024-06-30 08:54:28" type="post" filename="b000000007000000001.xml">
  <open_time>0000-00-00</open_time>
  <close_time>0000-00-00</close_time>
  <lang_name>Big5</lang_name>
  <board_id>1001296417</board_id>
  <node>000000007000000001</node>
  <site>1000110001</site>
  <pt>2023-09-18 23:01:26</pt>
  <poster>11813</poster>
  <realname>&#x5433;&#x5B9C;&#x9D3B;  </realname>
  <email>yhwu@cycu.edu.tw</email>
  <homepage>https://www.researchgate.net/profile/Yi-Hung-Wu-2  </homepage>
  <subject>Re: 105  </subject>
  <content>&lt;p&gt;&#x6709;&#x7B26;&#x865F;&lt;span style="color:#ff0000"&gt;&#x6574;&#x578B;&lt;/span&gt;&#x6EA2;&#x4F4D;&amp;nbsp; &lt;span style="color:#b22222"&gt;&#x4E0D;&#x592A;&#x7406;&#x60F3;&#x7684;&#x82F1;&#x7FFB;&#x4E2D;&#xFF0C;&#x5225;&#x7167;&#x55AE;&#x5168;&#x6536;&#xFF01;&lt;/span&gt;&lt;/p&gt;&#xD;
&#xD;
&lt;p&gt;&lt;span style="color:#ff0000"&gt;&#x65E2;&#x7136;&#x4EFB;&#x4F55;&#x6574;&#x6578;&#x578B;&#x614B;&#x90FD;&#x6709;&#x4E0A;&#x9650;&#xFF0C;&#x53EF;&#x4EE5;&#x7A81;&#x7834;&#x9650;&#x5236;&#x7684;&#x7D42;&#x6975;&#x65B9;&#x6CD5;&#x662F;&#x4EC0;&#x9EBC;&#xFF1F;&lt;/span&gt;&lt;/p&gt; </content>
  <attach></attach>
  <rcount></rcount>
  <rank></rank>
  <hit>1</hit>
  <lang>1</lang>
</data>
