<?xml version="1.0"?>
<data version="3.0" time="2024-06-30 08:54:28" type="post" filename="b000000006000000001.xml">
  <open_time>0000-00-00</open_time>
  <close_time>0000-00-00</close_time>
  <lang_name>Big5</lang_name>
  <board_id>1001296417</board_id>
  <node>000000006000000001</node>
  <site>1000110001</site>
  <pt>2023-09-17 17:39:17</pt>
  <poster>11813</poster>
  <realname>&#x5433;&#x5B9C;&#x9D3B;  </realname>
  <email>yhwu@cycu.edu.tw</email>
  <homepage>https://www.researchgate.net/profile/Yi-Hung-Wu-2  </homepage>
  <subject>Re: 103  </subject>
  <content>&lt;p&gt;OK&lt;/p&gt;&#xD;
&#xD;
&lt;p&gt;&lt;span style="color:#b22222"&gt;&#x5148;&#x770B;&#x904E;&#x524D;&#x9762;&#x7684;&#x8CBC;&#x6587;&#xFF0C;&#x5167;&#x5BB9;&#x82E5;&#x91CD;&#x8907;&#x53EF;&#x80FD;&#x5F97;&#x4E0D;&#x5230;&#x5206;&#x6578;&#x3002;&lt;/span&gt;&lt;/p&gt;&#xD;
&#xD;
&lt;p&gt;wiki. &lt;a href="https://zh.wikipedia.org/zh-tw/%E9%98%BF%E5%85%8B%E6%9B%BC%E5%87%BD%E6%95%B8" target="_blank"&gt;https://zh.wikipedia.org/zh-tw/%E9%98%BF%E5%85%8B%E6%9B%BC%E5%87%BD%E6%95%B8&lt;/a&gt;&lt;/p&gt; </content>
  <attach></attach>
  <rcount></rcount>
  <rank></rank>
  <hit>1</hit>
  <lang>1</lang>
</data>
