<?xml version="1.0"?>
<data version="3.0" time="2024-06-30 09:16:38" type="post" filename="b000000002000000001.xml">
  <open_time>0000-00-00</open_time>
  <close_time>0000-00-00</close_time>
  <lang_name>Big5</lang_name>
  <board_id>1001162652</board_id>
  <node>000000002000000001</node>
  <site>1000110001</site>
  <pt>2022-11-22 23:07:26</pt>
  <poster>11813</poster>
  <realname>&#x5433;&#x5B9C;&#x9D3B;  </realname>
  <email>yhwu@cycu.edu.tw</email>
  <homepage>https://www.researchgate.net/profile/Yi-Hung-Wu-2  </homepage>
  <subject>Re: 205. &#x63D0;&#x51FA;&#x4E8C;&#x7A2E;&#x9078;&#x64C7;&#x4F47;&#x5217;&#x7684;&#x7B56;&#x7565;&#xFF0C;&#x4E26;&#x8209;&#x4F8B;&#x6BD4;&#x8F03;&#x4E8C;&#x8005;&#x3002;  </subject>
  <content>&lt;p&gt;&#x96D6;&#x7136;&#x8CBC;&#x6587;&#x6558;&#x8FF0;&#x4E5F;&#x4E0D;&#x932F;&#xFF0C;&#x4E0D;&#x904E;&#xFF0C;&#x9084;&#x662F;&#x8AA4;&#x89E3;&#x4E86;&#x984C;&#x610F;&#xFF1A;&amp;quot;&#x9078;&#x64C7;&#x4F47;&#x5217;&#x7684;&#x7B56;&#x7565;&amp;quot;&#x662F;&#x6307;&#x65B0;&#x8A02;&#x55AE;&#x9762;&#x5C0D;&#x4E8C;&#x500B;&#x4EE5;&#x4E0A;&#x7684;&#x4F47;&#x5217;&#xFF0C;&#x8A72;&#x5982;&#x4F55;&#x9078;&#x64C7;&#xFF1F;&lt;/p&gt;&#xD;
&#xD;
&lt;p&gt;&#x4F5C;&#x696D;#4&#x984C;&#x76EE;&#x63CF;&#x8FF0;&#x4E86;&#x4E00;&#x500B;SQF&#x7B56;&#x7565;&#xFF0C;&#x5617;&#x8A66;&#x63D0;&#x51FA;&#x7B2C;&#x4E8C;&#x7A2E;&#xFF0C;&#x7136;&#x5F8C;&#x6BD4;&#x8F03;&#x4E8C;&#x8005;&#x7684;&#x512A;&#x52A3;&#x3002;&lt;/p&gt; </content>
  <attach></attach>
  <rcount></rcount>
  <rank></rank>
  <hit>1</hit>
  <lang>1</lang>
</data>
