<?xml version="1.0"?>
<data version="3.0" time="2024-06-30 09:16:38" type="post" filename="b000000002.xml">
  <open_time>0000-00-00</open_time>
  <close_time>0000-00-00</close_time>
  <lang_name>Big5</lang_name>
  <board_id>1001162652</board_id>
  <node>000000002</node>
  <site>1000110001</site>
  <pt>2022-11-22 15:15:10</pt>
  <poster>11027143</poster>
  <realname>&#x8A31;&#x62D3;&#x5BB8;  </realname>
  <email>hnes0311@gmail.com</email>
  <homepage>  </homepage>
  <subject>205. &#x63D0;&#x51FA;&#x4E8C;&#x7A2E;&#x9078;&#x64C7;&#x4F47;&#x5217;&#x7684;&#x7B56;&#x7565;&#xFF0C;&#x4E26;&#x8209;&#x4F8B;&#x6BD4;&#x8F03;&#x4E8C;&#x8005;&#x3002; </subject>
  <content>&lt;p&gt;Time-driven&#x8207;Event-driven&lt;br /&gt;&#xD;
&#x4EE5;&#x9280;&#x884C;&#x54E1;&#x8FA6;&#x4E8B;&#x70BA;&#x4F8B;&#x3002;&lt;/p&gt;&#xD;
&#xD;
&lt;p&gt;Time-driven&#x9700;&#x8981;&#x8A73;&#x7D30;&#x8A18;&#x9304;&lt;strong&gt;&#x6BCF;&#x4E00;&#x500B;&#x6642;&#x9593;&#x9EDE;&lt;/strong&gt;&#x6240;&#x767C;&#x751F;&#x7684;&#x4E8B;&#xFF0C;&#x5118;&#x7BA1;&#x5BE6;&#x4F5C;&#x8D77;&#x4F86;&#x8F03;&#x70BA;&#x5BB9;&#x6613;&#xFF0C;&#x4F46;&#x662F;&#x56E0;&#x70BA;&#x7CFB;&#x7D71;&#x9700;&#x8981;&#x4E0D;&#x65B7;&#x7684;&#x82B1;&#x8CBB;&#x8CC7;&#x6E90;&#x53BB;&#x91CD;&#x8907;&#x57F7;&#x884C;&lt;strong&gt;&lt;span style="font-family:Arial,Helvetica,sans-serif"&gt;Polling&lt;/span&gt;&lt;/strong&gt;&#x7684;&#x52D5;&#x4F5C;&#xFF0C;&#x56E0;&#x6B64;&#x6548;&#x7387;&#x8F03;&#x5DEE;&#x3002;&lt;/p&gt;&#xD;
&#xD;
&lt;p&gt;Event-driven&#x5247;&#x662F;&#x53EF;&#x4EE5;&#x8B93;&#x7CFB;&#x7D71;&#x8655;&#x65BC;&lt;strong&gt;&#x5F85;&#x6A5F;&lt;/strong&gt;&#x7684;&#x72C0;&#x614B;&#xFF0C;&#x76F4;&#x5230;&#x6709;&lt;strong&gt;&#x4E8B;&#x4EF6;&lt;/strong&gt;&#x767C;&#x751F;&#x6642;&#x518D;&#x505A;&#x8655;&#x7406;&lt;strong&gt;&#xFF0C;&lt;/strong&gt;&#x56E0;&#x6B64;&#x53EF;&#x4EE5;&#x7BC0;&#x7701;&#x8CC7;&#x6E90;&#x4E0D;&#x5FC5;&#x8981;&#x7684;&#x6D6A;&#x8CBB;&#xFF0C;&#x4EE5;&#x63D0;&#x5347;&#x6548;&#x7387;&#x3002;&lt;/p&gt; </content>
  <attach></attach>
  <rcount></rcount>
  <rank></rank>
  <hit>21</hit>
  <lang>1</lang>
</data>
