<?xml version="1.0"?>
<data version="3.0" time="2024-06-30 09:16:38" type="post" filename="b000000006.xml">
  <open_time>0000-00-00</open_time>
  <close_time>0000-00-00</close_time>
  <lang_name>Big5</lang_name>
  <board_id>1001162652</board_id>
  <node>000000006</node>
  <site>1000110001</site>
  <pt>2022-11-29 23:17:51</pt>
  <poster>11027140</poster>
  <realname>&#x9673;&#x8283;&#x777F;  </realname>
  <email>fx794486@gmail.com</email>
  <homepage>  </homepage>
  <subject>201. &#x8209;&#x4F8B;&#x8AAA;&#x660E;&#x55AE;&#x4E00;&#x4F47;&#x5217;&#x6A21;&#x64EC;&#x5982;&#x4F55;&#x8A08;&#x7B97;&#x5E73;&#x5747;&#x7B49;&#x5019;&#x6642;&#x9593;waiting time&#x3002; </subject>
  <content>&lt;p&gt;&lt;img alt="" src="/user/1/1/11027140/images/%E8%B3%87%E6%96%992.jpg" style="height:1108px; width:1478px" /&gt;&#x5982;&#x679C;&#x73FE;&#x5728;&#x9019;&#x7B46;&#x8CC7;&#x6599;&#x62B5;&#x9054;&#x7684;&#x6642;&#x9593;&#x6BD4;&#x4E0A;&#x4E00;&#x7B46;&#x8CC7;&#x6599;&#x7D50;&#x675F;&#x7684;&#x6642;&#x9593;&#x5C0F;&#x7684;&#x8A71;&#x7B49;&#x5F85;&#x7684;&#x6642;&#x9593;&#x6703;&#x7B49;&#x65BC; &#x4E0A;&#x4E00;&#x7B46;&#x8CC7;&#x6599;&#x7D50;&#x675F;&#x7684;&#x6642;&#x9593;-&#x73FE;&#x5728;&#x9019;&#x7B46;&#x8CC7;&#x6599;&#x62B5;&#x9054;&#x7684;&#x6642;&#x9593;&lt;/p&gt;&#xD;
&#xD;
&lt;p&gt;&#x53CD;&#x4E4B;&#x5982;&#x679C;&#x73FE;&#x5728;&#x9019;&#x7B46;&#x8CC7;&#x6599;&#x62B5;&#x9054;&#x7684;&#x6642;&#x9593;&#x6BD4;&#x4E0A;&#x4E00;&#x7B46;&#x8CC7;&#x6599;&#x7D50;&#x675F;&#x7684;&#x6642;&#x9593;&#x5927;&#x798D;&#x662F;&#x7B2C;&#x4E00;&#x7B46;&#x8CC7;&#x6599;&#x7B49;&#x5F85;&#x7684;&#x6642;&#x9593;&#x6703;&#x7B49;&#x65BC; &#x96F6;&lt;/p&gt;&#xD;
&#xD;
&lt;p&gt;&#x5E73;&#x5747;&#x7B49;&#x5F85;&#x6642;&#x9593;&#x662F;&#x6240;&#x6709;&#x8CC7;&#x6599;&#x7B49;&#x5F85;&#x6642;&#x9593;&#x7684;&#x52A0;&#x7E3D;&#x4E26;&#x9664;&#x4E0A;&#x8CC7;&#x6599;&#x7E3D;&#x6578;&lt;/p&gt; </content>
  <attach></attach>
  <rcount></rcount>
  <rank></rank>
  <hit>9</hit>
  <lang>1</lang>
</data>
