<?xml version="1.0"?>
<data version="3.0" time="2024-06-30 09:16:38" type="post" filename="b000000005.xml">
  <open_time>0000-00-00</open_time>
  <close_time>0000-00-00</close_time>
  <lang_name>Big5</lang_name>
  <board_id>1001162652</board_id>
  <node>000000005</node>
  <site>1000110001</site>
  <pt>2022-11-29 11:37:10</pt>
  <poster>11027154</poster>
  <realname>&#x5ED6;&#x6893;&#x9038;  </realname>
  <email>joe3727@gmail.com</email>
  <homepage>  </homepage>
  <subject>205. &#x63D0;&#x51FA;&#x4E8C;&#x7A2E;&#x9078;&#x64C7;&#x4F47;&#x5217;&#x7684;&#x7B56;&#x7565;&#xFF0C;&#x4E26;&#x8209;&#x4F8B;&#x6BD4;&#x8F03;&#x4E8C;&#x8005;&#x3002; </subject>
  <content>&lt;p&gt;&#x770B;&#x96FB;&#x5F71;&#x6392;&#x968A;: queue&lt;/p&gt;&#xD;
&#xD;
&lt;p&gt;&#x5148;&#x9032;&#x5148;&#x51FA;&lt;/p&gt;&#xD;
&#xD;
&lt;p&gt;&#x8463;&#x4E8B;&#x9577;&#x6392;&#x968A;:priority_queue&lt;/p&gt;&#xD;
&#xD;
&lt;p&gt;&#x6B0A;&#x91CD;&#x5927;&#x7684;&#x512A;&#x5148;&#x8655;&#x7406;&lt;/p&gt; </content>
  <attach></attach>
  <rcount></rcount>
  <rank></rank>
  <hit>5</hit>
  <lang>1</lang>
</data>
