<?xml version="1.0"?>
<data version="3.0" time="2024-06-30 09:13:36" type="board" filename="list.xml" id="1001296428">
  <board_id>1001296428</board_id>
  <bname>a:5:{s:4:"Big5";s:35:"&#x9650;&#x6642;&#x6436;&#x7B54; 221-225(20240630_copy)";s:6:"GB2312";s:25:"QA 221-225(20240630_copy)";s:2:"en";s:25:"QA 221-225(20240630_copy)";s:6:"EUC-JP";s:15:"(20240630_copy)";s:11:"user_define";s:15:"(20240630_copy)";}</bname>
  <manager>11813</manager>
  <title>&#x64C7;&#x4E00;&#x56DE;&#x7B54;&#xFF0C;&#x9EDE;&#x8B9A;10&#x6B21;&#x6216;3&#x4EBA;&#x7559;&#x597D;&#x8A55;&#x53EF;&#x5F97;QA&#x8A55;&#x5206;&#xFF01;&#xD;
&#x6A19;&#x984C;&#x8A3B;&#x660E;&#x984C;&#x865F;&#x53CA;&#x984C;&#x76EE;&#xFF0C;&#x5167;&#x5BB9;&#x4E0D;&#x5B9C;&#x5C07;&#x76F4;&#x63A5;&#x522A;&#x6587;&#xFF01;&#xD;
221. &#x8209;&#x4F8B;&#x89E3;&#x8AAA;&#x4E2D;&#x5E8F;&#x8D70;&#x8A2A;&#x4E8C;&#x5143;&#x641C;&#x5C0B;&#x6A39;&#x662F;&#x5426;&#x7A69;&#x5B9A;&#x6392;&#x5E8F;&#x3002;&#xD;
222. &#x64B0;&#x5BEB;&#x7A0B;&#x5F0F;&#x78BC;&#x6307;&#x51FA;&#x5982;&#x4F55;&#x70BA;&#x4E8C;&#x5143;&#x641C;&#x5C0B;&#x6A39;&#x65B0;&#x589E;&#x7BC0;&#x9EDE;&#x3002;&#xD;
223. &#x76F8;&#x540C;&#x641C;&#x5C0B;&#x9375;&#x7684;&#x4E8C;&#x7B46;&#x8CC7;&#x6599;&#x5982;&#x4F55;&#x5B58;&#x5165;&#x4E8C;&#x5143;&#x641C;&#x5C0B;&#x6A39;&#xFF1F;&#xD;
224. &#x5982;&#x4F55;&#x5C07;&#x4E8C;&#x5143;&#x641C;&#x5C0B;&#x6A39;&#x5B58;&#x6A94;&#x5F8C;&#x518D;&#x8B80;&#x5165;&#x53EF;&#x6062;&#x5FA9;&#x539F;&#x72C0;&#xFF1F;&#xD;
225. &#x5DF2;&#x6392;&#x5E8F;&#x8CC7;&#x6599;&#x5982;&#x4F55;&#x5EFA;&#x7ACB;&#x4E00;&#x68F5;&#x5E73;&#x8861;&#x7684;&#x4E8C;&#x5143;&#x641C;&#x5C0B;&#x6A39;&#xFF1F;&#xD;
</title>
  <owner_id>10139144</owner_id>
  <open_time>2023-12-13 00:00:00</open_time>
  <close_time>2023-12-27 23:59:00</close_time>
  <share_time>2024-01-10 12:00:00</share_time>
  <switch></switch>
  <with_attach>no</with_attach>
  <vpost>0</vpost>
  <default_order>pt</default_order>
  <post_times>0</post_times>
  <extras></extras>
  <poster>student,assistant,teacher</poster>
  <after_finish></after_finish>
  <fb_comment>N</fb_comment>
  <board>
    <node id="000000001" type="F" data="b000000001.xml"/>
    <node id="000000001000000001" type="F" data="b000000001000000001.xml"/>
    <node id="000000002" type="F" data="b000000002.xml"/>
    <node id="000000002000000001" type="F" data="b000000002000000001.xml"/>
    <node id="000000003" type="F" data="b000000003.xml"/>
    <node id="000000003000000001" type="F" data="b000000003000000001.xml"/>
    <node id="000000004" type="F" data="b000000004.xml"/>
    <node id="000000004000000001" type="F" data="b000000004000000001.xml"/>
    <node id="000000005" type="F" data="b000000005.xml"/>
  </board>
  <quint/>
</data>
