<?xml version="1.0"?>
<data version="3.0" time="2024-06-30 09:17:14" type="post" filename="b000000001.xml">
  <open_time>0000-00-00</open_time>
  <close_time>0000-00-00</close_time>
  <lang_name>Big5</lang_name>
  <board_id>1001162655</board_id>
  <node>000000001</node>
  <site>1000110001</site>
  <pt>2022-12-18 22:35:03</pt>
  <poster>11020105</poster>
  <realname>&#x7C21;&#x5065;&#x6D32;  </realname>
  <email>jay0982854390@gmail.com</email>
  <homepage>  </homepage>
  <subject>216. &#x8209;&#x4F8B;&#x89E3;&#x8AAA;&#x5E0C;&#x723E;&#x6392;&#x5E8F;shell sort&#x662F;&#x5426;&#x7A69;&#x5B9A;stable&#x3002; </subject>
  <content>&lt;p&gt;&#x5047;&#x8A2D; &#x73FE;&#x5728;&#x6709;&#x4E00;&#x7D44;&#x6578;&#x5B57;&#x70BA;{4,&lt;span style="color:#ff0000"&gt;3&lt;/span&gt;,&lt;span style="color:#0000ff"&gt;3&lt;/span&gt;,8,7}&#xFF0C;&#x5C07;gap=2,&#x5C31;&#x6703;&#x662F;&#x7531;[4,&lt;span style="color:#0000ff"&gt;3,&lt;/span&gt;7]&#x4EE5;&#x53CA;[&lt;span style="color:#ff0000"&gt;3&lt;/span&gt;,8]&#x9019;&#x5169;&#x7D44;&#x5167;&#x6BD4;&#x8F03;&#xFF0C;&#x6BD4;&#x8F03;&#x5B8C;&#x5F8C;&#x70BA;{&lt;span style="color:#0000ff"&gt;3&lt;/span&gt;,&lt;span style="color:#ff0000"&gt;3&lt;/span&gt;,4,8,7}&#xFF0C;&#x4E4B;&#x5F8C;&#x518D;&#x4EE5;gap=1&#x4E0B;&#x53BB;&#x6BD4;&#x8F03;&#xFF0C;&#x7522;&#x751F;&#x51FA;&#x6392;&#x5E8F;&#x70BA;{&lt;span style="color:#0000ff"&gt;3&lt;/span&gt;,&lt;span style="color:#ff0000"&gt;3&lt;/span&gt;,4,7,8}&#x7531;&#x9019;&#x88E1;&#x53EF;&#x4EE5;&#x770B;&#x51FA;&#x82E5;&#x662F;&#x6709;&#x76F8;&#x540C;&#x6578;&#x5B57;&#x5728;&#x6578;&#x5217;&#x4E2D;&#xFF0C;&#x53EF;&#x80FD;&#x6703;&#x5C0E;&#x81F4;&lt;strong&gt;&#x539F;&#x5148;&#x5728;&#x524D;&#x7684;&lt;/strong&gt;&#x6703;&#x6392;&#x5230;&lt;strong&gt;&#x539F;&#x5148;&#x5728;&#x5F8C;&#x7684;&lt;/strong&gt;&#x5F8C;&#x9762;&#xFF0C;&#x9019;&#x4E5F;&#x5C31;&#x662F;shell sort&#x4E0D;&#x7A69;&#x5B9A;&#x7684;&#x539F;&#x56E0;&#x3002;&lt;/p&gt; </content>
  <attach></attach>
  <rcount></rcount>
  <rank></rank>
  <hit>25</hit>
  <lang>1</lang>
</data>
