<?xml version="1.0"?>
<data version="3.0" time="2024-06-30 09:17:14" type="post" filename="b000000003000000001.xml">
  <open_time>0000-00-00</open_time>
  <close_time>0000-00-00</close_time>
  <lang_name>Big5</lang_name>
  <board_id>1001162655</board_id>
  <node>000000003000000001</node>
  <site>1000110001</site>
  <pt>2022-12-19 19:55:57</pt>
  <poster>11813</poster>
  <realname>&#x5433;&#x5B9C;&#x9D3B;  </realname>
  <email>yhwu@cycu.edu.tw</email>
  <homepage>https://www.researchgate.net/profile/Yi-Hung-Wu-2  </homepage>
  <subject>Re: 217. &#x8209;&#x4F8B;&#x89E3;&#x8AAA;&#x5FEB;&#x901F;&#x6392;&#x5E8F;quick sort&#x662F;&#x5426;&#x7A69;&#x5B9A;stable&#x3002;  </subject>
  <content>&lt;p&gt;&amp;quot;&#x628A;&#x5927;&#x65BC;&#x7B49;&#x65BC;&#x6BD4;&#x8F03;&#x5B50;&#x7684;&#x6578;&#x5747;&#x653E;&#x7F6E;&#x5728;&#x5927;&#x6578;&#x6578;&#x7D44;&#x4E2D;&amp;quot; &#x548C; &amp;quot;&#x628A; &#x5C0F;&#x65BC;&#x7B49;&#x65BC;&#x6BD4;&#x8F03;&#x5B50;&#x7684;&#x6578;&#x5747;&#x653E;&#x7F6E;&#x5728;&#x5C0F;&#x6578;&#x6578;&#x7D44;&#x4E2D;&amp;quot;&lt;/p&gt;&#xD;
&#xD;
&lt;p&gt;&lt;span style="color:#b22222"&gt;&#x61C9;&#x8A72;&#x4E0D;&#x6703;&#x540C;&#x6642;&#x6210;&#x7ACB;&#xFF0C;&amp;quot;&#x7B49;&#x65BC;&amp;quot;&#x7684;&#x6578;&#x8981;&#x653E;&#x5728;&#x54EA;&#x4E00;&#x7D44;&#xFF1F;&#x6F14;&#x7B97;&#x6CD5;&#x8A2D;&#x8A08;&#x53EA;&#x6703;&#x64C7;&#x4E00;&#x3002;&lt;/span&gt;&lt;/p&gt;&#xD;
&#xD;
&lt;p&gt;&lt;span style="color:#b22222"&gt;&#x660E;&#x78BA;&#x6307;&#x51FA;&#x6F14;&#x7B97;&#x6CD5;&#x6B65;&#x9A5F;(&#x4E0D;&#x80FD;&#x6A21;&#x64EC;&#x5169;&#x53EF;)&#xFF0C;&#x518D;&#x8209;&#x4F8B;&#x8AAA;&#x660E;&#x3002;&lt;/span&gt;&lt;/p&gt; </content>
  <attach></attach>
  <rcount></rcount>
  <rank></rank>
  <hit>1</hit>
  <lang>1</lang>
</data>
