<?xml version="1.0"?>
<data version="3.0" time="2024-06-30 09:16:50" type="post" filename="b000000001.xml">
  <open_time>0000-00-00</open_time>
  <close_time>0000-00-00</close_time>
  <lang_name>Big5</lang_name>
  <board_id>1001162653</board_id>
  <node>000000001</node>
  <site>1000110001</site>
  <pt>2022-12-01 04:18:39</pt>
  <poster>11027119</poster>
  <realname>&#x79E6;&#x5609;&#x6607;  </realname>
  <email>c20021219@gmail.com</email>
  <homepage> </homepage>
  <subject>206. &#x64B0;&#x5BEB;&#x7A0B;&#x5F0F;&#x78BC;&#x8AAA;&#x660E;&#x6C23;&#x6CE1;&#x6392;&#x5E8F;bubble sort&#x5982;&#x4F55;&#x63D0;&#x65E9;&#x7D50;&#x675F;&#x57F7;&#x884C;&#x3002; </subject>
  <content>&lt;p style="margin-left:0cm; margin-right:0cm"&gt;&lt;span style="color:black"&gt;&lt;span style="font-family:&#x65B0;&#x7D30;&#x660E;&#x9AD4;,serif"&gt;&lt;span style="font-size:10.0pt"&gt;&#x53EF;&#x4EE5;&#x63D0;&#x524D;&#x7D50;&#x675F;&#x7684;&lt;/span&gt;&lt;/span&gt;&lt;/span&gt;&lt;span style="color:black"&gt;&lt;span style="font-family:Arial,sans-serif"&gt;&lt;span style="font-size:10.0pt"&gt;bubble sort&lt;/span&gt;&lt;/span&gt;&lt;/span&gt;&lt;span style="color:black"&gt;&lt;span style="font-family:&#x65B0;&#x7D30;&#x660E;&#x9AD4;,serif"&gt;&lt;span style="font-size:10.0pt"&gt;&#xFF0C;&#x65B0;&#x589E;&#x4E86;&#x4E00;&#x500B;&#x5224;&#x65B7;&#xFF0C;&#x82E5;&lt;/span&gt;&lt;/span&gt;&lt;/span&gt;&lt;span style="font-family:&#x65B0;&#x7D30;&#x660E;&#x9AD4;,serif"&gt;&lt;span style="font-size:10.0pt"&gt;&#x672A;&#x6392;&#x5E8F;&lt;span style="color:black"&gt;&#x7684;&#x8CC7;&#x6599;&#x4E2D;&#xFF0C;&#x6BD4;&#x5C0D;&#x6642;&#x90FD;&#x6C92;&#x6709;&#x9032;&#x884C;&lt;/span&gt;&#x4EA4;&#x63DB;&#x4F4D;&#xFF0C;&#x5247;&lt;/span&gt;&lt;/span&gt;&lt;span style="font-family:Arial,sans-serif"&gt;&lt;span style="font-size:10.0pt"&gt;change = false &lt;/span&gt;&lt;/span&gt;&lt;span style="font-family:&#x65B0;&#x7D30;&#x660E;&#x9AD4;,serif"&gt;&lt;span style="font-size:10.0pt"&gt;&#xFF0C;&lt;span style="color:black"&gt;&#x4EE3;&#x8868;&#x8CC7;&#x6599;&#x5DF2;&#x6392;&#x5E8F;&#x597D;&#xFF0C;&#x63D0;&#x65E9;&#x7D50;&#x675F;&#x6392;&#x5E8F;&#x3002;&lt;/span&gt;&lt;/span&gt;&lt;/span&gt;&lt;/p&gt;&#xD;
&#xD;
&lt;p style="margin-left:0cm; margin-right:0cm"&gt;&lt;span style="color:black"&gt;&lt;span style="font-family:&#x65B0;&#x7D30;&#x660E;&#x9AD4;,serif"&gt;&lt;span style="font-size:10.0pt"&gt;&#x7531;&#x5716;&#x4E2D;&#x53EF;&#x77E5;&#x6539;&#x826F;&#x7248;&#x7684;&#x6392;&#x5E8F;&#x7D50;&#x679C;&#x4E26;&#x6C92;&#x6709;&#x8207;&#x539F;&#x672C;&lt;/span&gt;&lt;/span&gt;&lt;/span&gt;&lt;span style="color:black"&gt;&lt;span style="font-family:Arial,sans-serif"&gt;&lt;span style="font-size:10.0pt"&gt;bubble sort&lt;/span&gt;&lt;/span&gt;&lt;/span&gt;&lt;span style="color:black"&gt;&lt;span style="font-family:&#x65B0;&#x7D30;&#x660E;&#x9AD4;,serif"&gt;&lt;span style="font-size:10.0pt"&gt;&#x7684;&#x7D50;&#x679C;&#x6709;&#x6240;&#x4E0D;&#x540C;&#xFF0C;&#x4F46;&lt;/span&gt;&lt;/span&gt;&lt;/span&gt;&lt;span style="color:black"&gt;&lt;span style="font-family:Arial,sans-serif"&gt;&lt;span style="font-size:10.0pt"&gt;times(&lt;/span&gt;&lt;/span&gt;&lt;/span&gt;&lt;span style="color:black"&gt;&lt;span style="font-family:&#x65B0;&#x7D30;&#x660E;&#x9AD4;,serif"&gt;&lt;span style="font-size:10.0pt"&gt;&#x9032;&#x5165;&#x8FF4;&#x5708;&#x6B21;&#x6578;&lt;/span&gt;&lt;/span&gt;&lt;/span&gt;&lt;span style="color:black"&gt;&lt;span style="font-family:Arial,sans-serif"&gt;&lt;span style="font-size:10.0pt"&gt;)&lt;/span&gt;&lt;/span&gt;&lt;/span&gt;&lt;span style="color:black"&gt;&lt;span style="font-family:&#x65B0;&#x7D30;&#x660E;&#x9AD4;,serif"&gt;&lt;span style="font-size:10.0pt"&gt;&#x537B;&#x80FD;&#x5920;&#x6BD4;&#x539F;&#x672C;&#x5C11;&#xFF0C;&#x4E5F;&#x8868;&#x793A;&#x6548;&#x7387;&#x63D0;&#x5347;&#x3002;&lt;/span&gt;&lt;/span&gt;&lt;/span&gt;&lt;/p&gt;&#xD;
&#xD;
&lt;p&gt;&lt;img alt="" src="/user/1/1/11027119/images/%E8%9E%A2%E5%B9%95%E6%93%B7%E5%8F%96%E7%95%AB%E9%9D%A2%202022-12-01%20041310.png" style="height:1002px; width:1864px" /&gt;&lt;/p&gt;</content>
  <attach></attach>
  <rcount></rcount>
  <rank></rank>
  <hit>50</hit>
  <lang>1</lang>
</data>
