<?xml version="1.0"?>
<data version="3.0" time="2024-06-30 09:11:10" type="post" filename="b000000014.xml">
  <open_time>0000-00-00</open_time>
  <close_time>0000-00-00</close_time>
  <lang_name>Big5</lang_name>
  <board_id>1001296418</board_id>
  <node>000000014</node>
  <site>1000110001</site>
  <pt>2023-10-04 20:18:13</pt>
  <poster>11127119</poster>
  <realname>&#x6731;&#x8C50;&#x5B87;  </realname>
  <email>rickychuchu0923@gmail.com</email>
  <homepage>  </homepage>
  <subject>106 </subject>
  <content>&lt;p&gt;&#x53EF;&#x80FD;&#x662F;&#x56E0;&#x70BA;&#x7121;&#x7AAE;&#x8FF4;&#x5708;&#xFF0C;&#x5728;&#x905E;&#x8FF4;&#x51FD;&#x6578;&#x4E2D;&#xFF0C;&#x5FC5;&#x9808;&#x6709;&#x4E00;&#x500B;&#x7D42;&#x6B62;&#x689D;&#x4EF6;&#xFF0C;&#x4EE5;&#x9632;&#x6B62;&#x7121;&#x9650;&#x905E;&#x8FF4;&#x3002;&#x5982;&#x679C;&#x5FD8;&#x8A18;&#x5B9A;&#x7FA9;&#x7D42;&#x6B62;&#x689D;&#x4EF6;&#x6216;&#x8005;&#x7D42;&#x6B62;&#x689D;&#x4EF6;&#x932F;&#x8AA4;&#xFF0C;&#x90A3;&#x9EBC;&#x905E;&#x8FF4;&#x53EF;&#x80FD;&#x6C38;&#x9060;&#x4E0D;&#x6703;&#x505C;&#x6B62;&#xFF0C;&#x5C0E;&#x81F4;&#x7121;&#x9650;&#x8FF4;&#x5708;&#xFF0C;&#x6700;&#x7D42;&#x8017;&#x76E1;&#x8A18;&#x61B6;&#x9AD4;&#x8CC7;&#x6E90;&lt;/p&gt; </content>
  <attach></attach>
  <rcount></rcount>
  <rank></rank>
  <hit>12</hit>
  <lang>1</lang>
</data>
