<?xml version="1.0"?>
<data version="3.0" time="2024-06-30 09:11:10" type="post" filename="b000000002.xml">
  <open_time>0000-00-00</open_time>
  <close_time>0000-00-00</close_time>
  <lang_name>Big5</lang_name>
  <board_id>1001296418</board_id>
  <node>000000002</node>
  <site>1000110001</site>
  <pt>2023-09-23 10:47:41</pt>
  <poster>11127137</poster>
  <realname>&#x9EC3;&#x4E59;&#x5BB6;  </realname>
  <email>u810025@gmail.com</email>
  <homepage>https://ja-errorpro.cf </homepage>
  <subject>110 </subject>
  <content>&lt;p&gt;&lt;span style="font-size:18px"&gt;&lt;strong&gt;&#x4F5C;&#x696D;&#x4E00;&#x975C;&#x614B;&#x9663;&#x5217;&#x548C;&#x52D5;&#x614B;&#x9663;&#x5217;&#x6709;&#x4F55;&#x5DEE;&#x7570;&#xFF1F;&#x6307;&#x51FA;&#x5176;&#x512A;&#x7F3A;&#x9EDE;&#x3002;&lt;/strong&gt;&lt;/span&gt;&lt;/p&gt;&#xD;
&#xD;
&lt;table border="1" cellpadding="1" cellspacing="1" style="width:500px"&gt;&#xD;
	&lt;tbody&gt;&#xD;
		&lt;tr&gt;&#xD;
			&lt;td style="text-align:center"&gt;&amp;nbsp;&lt;/td&gt;&#xD;
			&lt;td style="text-align:center"&gt;&#x975C;&#x614B;&#x9663;&#x5217;&lt;/td&gt;&#xD;
			&lt;td style="text-align:center"&gt;&#x52D5;&#x614B;&#x9663;&#x5217;(C-style)&lt;/td&gt;&#xD;
			&lt;td style="text-align:center"&gt;&#x52D5;&#x614B;&#x9663;&#x5217;(std::vector)&lt;/td&gt;&#xD;
		&lt;/tr&gt;&#xD;
		&lt;tr&gt;&#xD;
			&lt;td style="text-align:center"&gt;&#x5927;&#x5C0F;&lt;/td&gt;&#xD;
			&lt;td style="text-align:center"&gt;&#x7DE8;&#x8B6F;&#x6642;&#x671F;&#x5C31;&#x5DF2;&#x78BA;&#x5B9A;&lt;/td&gt;&#xD;
			&lt;td style="text-align:center"&gt;&#x53EF;&#x5728;&#x7A0B;&#x5F0F;&#x904B;&#x884C;&#x6642;&#x66F4;&#x6539;&#x5927;&#x5C0F;&lt;/td&gt;&#xD;
			&lt;td style="text-align:center"&gt;&#x53EF;&#x5728;&#x7A0B;&#x5F0F;&#x904B;&#x884C;&#x6642;&#x66F4;&#x6539;&#x5927;&#x5C0F;&lt;/td&gt;&#xD;
		&lt;/tr&gt;&#xD;
		&lt;tr&gt;&#xD;
			&lt;td style="text-align:center"&gt;&#x8A18;&#x61B6;&#x9AD4;&#x5206;&#x914D;&lt;/td&gt;&#xD;
			&lt;td style="text-align:center"&gt;&#x9023;&#x7E8C;&lt;/td&gt;&#xD;
			&lt;td style="text-align:center"&gt;&#x53EF;&#x5206;&#x914D;&#x6210;&#x9023;&#x7E8C;&lt;/td&gt;&#xD;
			&lt;td style="text-align:center"&gt;&#x9023;&#x7E8C;&lt;/td&gt;&#xD;
		&lt;/tr&gt;&#xD;
		&lt;tr&gt;&#xD;
			&lt;td style="text-align:center"&gt;&amp;nbsp;&#x8A18;&#x61B6;&#x9AD4;&#x7BA1;&#x7406;&lt;/td&gt;&#xD;
			&lt;td style="text-align:center"&gt;&#x81EA;&#x52D5;&#x5206;&#x914D;&#x3001;&#x91CB;&#x653E;&lt;/td&gt;&#xD;
			&lt;td style="text-align:center"&gt;&#x9700;&#x624B;&#x52D5;&#x5206;&#x914D;&#x3001;&#x91CB;&#x653E;&lt;/td&gt;&#xD;
			&lt;td style="text-align:center"&gt;&#xD;
			&lt;p&gt;&#x81EA;&#x52D5;&#x5206;&#x914D;&#x3001;&#x91CB;&#x653E;&lt;/p&gt;&#xD;
			&lt;/td&gt;&#xD;
		&lt;/tr&gt;&#xD;
		&lt;tr&gt;&#xD;
			&lt;td style="text-align:center"&gt;&#x5143;&#x7D20;&#x5B58;&#x53D6;&lt;/td&gt;&#xD;
			&lt;td style="text-align:center"&gt;&#x6700;&#x5FEB;&lt;/td&gt;&#xD;
			&lt;td style="text-align:center"&gt;&#x7A0D;&#x5FEB;&lt;/td&gt;&#xD;
			&lt;td style="text-align:center"&gt;&#x5728;&#x6975;&#x7AEF;&#x60C5;&#x6CC1;&#x4E0B;&#x8F03;&#x6162;&lt;/td&gt;&#xD;
		&lt;/tr&gt;&#xD;
		&lt;tr&gt;&#xD;
			&lt;td style="text-align:center"&gt;&#x5143;&#x7D20;&#x64CD;&#x4F5C;&lt;/td&gt;&#xD;
			&lt;td style="text-align:center"&gt;&#x9700;&#x81EA;&#x5DF1;&#x5BEB;&lt;/td&gt;&#xD;
			&lt;td style="text-align:center"&gt;&#x9700;&#x81EA;&#x5DF1;&#x5BEB;&lt;/td&gt;&#xD;
			&lt;td style="text-align:center"&gt;&#x63D0;&#x4F9B;&#x5404;&#x7A2E;&#x4ECB;&#x9762;&#x65B9;&#x4FBF;&#x64CD;&#x4F5C;&lt;/td&gt;&#xD;
		&lt;/tr&gt;&#xD;
		&lt;tr&gt;&#xD;
			&lt;td style="text-align:center"&gt;&#x5B89;&#x5168;&#x6027;&lt;/td&gt;&#xD;
			&lt;td style="text-align:center"&gt;&#x82E5;&#x6709;&#x4E0D;&#x7576;&#x8A18;&#x61B6;&#x9AD4;&#x5B58;&#x53D6;&#x7D50;&#x679C;&#x70BA;&#x672A;&#x5B9A;&#x7FA9;&#x884C;&#x70BA;&lt;/td&gt;&#xD;
			&lt;td style="text-align:center"&gt;&#x82E5;&#x6709;&#x4E0D;&#x7576;&#x8A18;&#x61B6;&#x9AD4;&#x5B58;&#x53D6;&#x7D50;&#x679C;&#x70BA;&#x672A;&#x5B9A;&#x7FA9;&#x884C;&#x70BA;&#xFF1B;&#x5982;&#x679C;&#x4F7F;&#x7528;&#x5B8C;&#x6C92;&#x6709;&#x91CB;&#x653E;&#x8A18;&#x61B6;&#x9AD4;&#x6703;&#x9020;&#x6210;memory leak&lt;/td&gt;&#xD;
			&lt;td style="text-align:center"&gt;&#x4F7F;&#x7528;at()&#x5B58;&#x53D6;&#x5143;&#x7D20;&#x56E0;&#x70BA;&#x6709;bounds checking&#x5C07;&#x6BD4;&#x4F7F;&#x7528;operator[]&#x8F03;&#x5B89;&#x5168;&lt;/td&gt;&#xD;
		&lt;/tr&gt;&#xD;
	&lt;/tbody&gt;&#xD;
&lt;/table&gt;&#xD;
&#xD;
&lt;p&gt;&lt;span style="font-size:14px"&gt;&#x512A;&#x7F3A;&#x9EDE;&#xFF1A;&lt;/span&gt;&lt;/p&gt;&#xD;
&#xD;
&lt;p&gt;&#x975C;&#x614B;&#x9663;&#x5217;&#x7C21;&#x55AE;&#x5FEB;&#x901F;&#x3001;&#x4E0D;&#x9700;&#x8981;&#x505A;&#x984D;&#x5916;&#x7684;memory allocation&#x589E;&#x52A0;&#x958B;&#x92B7;&#xFF0C;&#x9069;&#x7528;&#x65BC;&#x5143;&#x7D20;&#x6578;&#x91CF;&#x56FA;&#x5B9A;&#x4E14;&#x5DF2;&#x77E5;&#x5927;&#x5C0F;&#x7684;&#x60C5;&#x6CC1;&#xFF0C;&#x4F46;&#x7121;&#x6CD5;&#x8ABF;&#x6574;&#x5927;&#x5C0F;&#x6240;&#x4EE5;&#x53EF;&#x80FD;&#x9020;&#x6210;&#x7A7A;&#x9593;&#x6D6A;&#x8CBB;&#x3002;&lt;/p&gt;&#xD;
&#xD;
&lt;p&gt;&#x52D5;&#x614B;&#x9663;&#x5217;&#x9069;&#x7528;&#x65BC;&#x5143;&#x7D20;&#x6578;&#x91CF;&#x4E0D;&#x78BA;&#x5B9A;&#x7684;&#x60C5;&#x6CC1;&#xFF0C;&#x53EF;&#x4EE5;&#x4E00;&#x76F4;&#x65B0;&#x589E;&#x8CC7;&#x6599;&#x800C;&#x4E0D;&#x9700;&#x8981;&#x5728;&#x4E4E;&#x5927;&#x5C0F;&#xFF0C;&#x4E14;&#x63D0;&#x4F9B;&#x65B9;&#x4FBF;&#x7684;member function&#x4F86;&#x64CD;&#x4F5C;&#x5143;&#x7D20;&#xFF0C;&#x4F46;&#x5118;&#x7BA1;&#x5BE6;&#x4F5C;&#x4E0A;&#x5DF2;&#x7D93;&#x9032;&#x884C;&#x5404;&#x7A2E;&#x6700;&#x4F73;&#x5316;&#x4F46;&#x9084;&#x662F;&#x6709;&#x53EF;&#x80FD;&#x6BD4;&#x975C;&#x614B;&#x9663;&#x5217;&#x9084;&#x8017;&#x6027;&#x80FD;&lt;/p&gt;&#xD;
&#xD;
&lt;p&gt;ref:&amp;nbsp;https://en.cppreference.com/w/&lt;/p&gt;</content>
  <attach></attach>
  <rcount></rcount>
  <rank></rank>
  <hit>124</hit>
  <lang>1</lang>
</data>
