<?xml version="1.0"?>
<data version="3.0" time="2024-06-30 09:11:10" type="post" filename="b000000010.xml">
  <open_time>0000-00-00</open_time>
  <close_time>0000-00-00</close_time>
  <lang_name>Big5</lang_name>
  <board_id>1001296418</board_id>
  <node>000000010</node>
  <site>1000110001</site>
  <pt>2023-10-03 18:24:11</pt>
  <poster>11127109</poster>
  <realname>&#x9B4F;&#x76C8;&#x59CD;  </realname>
  <email>reginawei.tw@gmail.com</email>
  <homepage>  </homepage>
  <subject>110 </subject>
  <content>&lt;p&gt;&amp;nbsp; 110. &#x4F5C;&#x696D;&#x4E00;&#x975C;&#x614B;&#x9663;&#x5217;&#x548C;&#x52D5;&#x614B;&#x9663;&#x5217;&#x6709;&#x4F55;&#x5DEE;&#x7570;&#xFF1F;&#x6307;&#x51FA;&#x5176;&#x512A;&#x7F3A;&#x9EDE;&#x3002;*&lt;/p&gt;&#xD;
&#xD;
&lt;table align="left" border="1" cellpadding="0" cellspacing="0" style="border-collapse:collapse; border:none; margin-left:6.75pt; margin-right:6.75pt; width:708px"&gt;&#xD;
	&lt;tbody&gt;&#xD;
		&lt;tr&gt;&#xD;
			&lt;td style="vertical-align:top; width:32px"&gt;&#xD;
			&lt;/td&gt;&#xD;
			&lt;td style="vertical-align:top; width:316px"&gt;&#xD;
			&lt;p&gt;&lt;span style="font-family:&#x65B0;&#x7D30;&#x660E;&#x9AD4;,serif"&gt;&#x52D5;&#x614B;&#x9663;&#x5217;&lt;/span&gt;&lt;/p&gt;&#xD;
			&lt;/td&gt;&#xD;
			&lt;td style="vertical-align:top; width:360px"&gt;&#xD;
			&lt;p&gt;&lt;span style="font-family:&#x65B0;&#x7D30;&#x660E;&#x9AD4;,serif"&gt;&#x975C;&#x614B;&#x9663;&#x5217;&lt;/span&gt;&lt;/p&gt;&#xD;
			&lt;/td&gt;&#xD;
		&lt;/tr&gt;&#xD;
		&lt;tr&gt;&#xD;
			&lt;td style="vertical-align:top; width:32px"&gt;&#xD;
			&lt;p&gt;&lt;span style="font-family:&#x65B0;&#x7D30;&#x660E;&#x9AD4;,serif"&gt;&#x4F7F;&#x7528;&lt;/span&gt;&lt;/p&gt;&#xD;
			&lt;/td&gt;&#xD;
			&lt;td style="vertical-align:top; width:316px"&gt;&#xD;
			&lt;p&gt;&lt;span style="font-family:DengXian"&gt;&#x521D;&#x59CB;&#x4E0D;&#x9700;&#x8981;&#x6307;&#x5B9A;&#x9663;&#x5217;&#x5927;&#x5C0F;&#xFF0C;&#x53EF;&#x4EE5;&#x52D5;&#x614B;&#x589E;&#x6E1B;&#x5143;&#x7D20;&lt;/span&gt;&lt;/p&gt;&#xD;
			&lt;/td&gt;&#xD;
			&lt;td style="vertical-align:top; width:360px"&gt;&#xD;
			&lt;p&gt;&lt;span style="font-family:DengXian"&gt;&#x9808;&lt;/span&gt;&lt;span style="font-family:&#x65B0;&#x7D30;&#x660E;&#x9AD4;,serif"&gt;&#x4E8B;&#x5148;&#x5BA3;&#x544A;&lt;/span&gt;&lt;span style="font-family:DengXian"&gt;&#x9663;&#x5217;&#x5927;&#x5C0F;&lt;/span&gt;&lt;span style="font-family:&#x65B0;&#x7D30;&#x660E;&#x9AD4;,serif"&gt;&#xFF0C;&#x4E0D;&#x80FD;&#x52D5;&#x614B;&#x8ABF;&#x6574;&lt;/span&gt;&lt;/p&gt;&#xD;
			&lt;/td&gt;&#xD;
		&lt;/tr&gt;&#xD;
		&lt;tr&gt;&#xD;
			&lt;td style="vertical-align:top; width:32px"&gt;&#xD;
			&lt;p&gt;&lt;span style="font-family:&#x65B0;&#x7D30;&#x660E;&#x9AD4;,serif"&gt;&#x512A;&#x9EDE;&lt;/span&gt;&lt;/p&gt;&#xD;
			&lt;/td&gt;&#xD;
			&lt;td style="vertical-align:top; width:316px"&gt;&#xD;
			&lt;ul&gt;&#xD;
				&lt;li&gt;&lt;span style="font-family:DengXian"&gt;&#x5F48;&#x6027;&#x8F03;&#x9AD8;&#xFF0C;&#x53EF;&#x4EE5;&#x52D5;&#x614B;&#x8ABF;&#x6574;&#x5927;&#x5C0F;&lt;/span&gt;&lt;/li&gt;&#xD;
				&lt;li&gt;&lt;span style="font-family:DengXian"&gt;&#x907F;&#x514D;&#x4E86;&#x56FA;&#x5B9A;&#x5927;&#x5C0F;&#x53EF;&#x80FD;&#x9020;&#x6210;&#x7684;&#x8A18;&#x61B6;&#x9AD4;&#x6D6A;&#x8CBB;&lt;/span&gt;&lt;/li&gt;&#xD;
			&lt;/ul&gt;&#xD;
&#xD;
			&lt;p style="margin-left:18.0pt; margin-right:0cm"&gt;&amp;nbsp;&lt;/p&gt;&#xD;
			&lt;/td&gt;&#xD;
			&lt;td style="vertical-align:top; width:360px"&gt;&#xD;
			&lt;ul&gt;&#xD;
				&lt;li&gt;&lt;span style="font-family:DengXian"&gt;&#x5B58;&#x53D6;&#x901F;&#x5EA6;&#x8F03;&#x5FEB;&lt;/span&gt;&lt;/li&gt;&#xD;
				&lt;li&gt;&lt;span style="font-family:DengXian"&gt;&#x4E0D;&#x9700;&#x8981;&#x984D;&#x5916;&#x7684;&#x8A18;&#x61B6;&#x9AD4;&#x7BA1;&#x7406;&lt;/span&gt;&lt;/li&gt;&#xD;
			&lt;/ul&gt;&#xD;
			&lt;/td&gt;&#xD;
		&lt;/tr&gt;&#xD;
		&lt;tr&gt;&#xD;
			&lt;td style="vertical-align:top; width:32px"&gt;&#xD;
			&lt;p&gt;&lt;span style="font-family:&#x65B0;&#x7D30;&#x660E;&#x9AD4;,serif"&gt;&#x7F3A;&#x9EDE;&lt;/span&gt;&lt;/p&gt;&#xD;
			&lt;/td&gt;&#xD;
			&lt;td style="vertical-align:top; width:316px"&gt;&#xD;
			&lt;ul&gt;&#xD;
				&lt;li&gt;&lt;span style="font-family:DengXian"&gt;&#x8F03;&#x975C;&#x614B;&#x9663;&#x5217;&#x7A0D;&#x6162;&lt;/span&gt;&lt;span style="color:#a52a2a"&gt; &lt;span style="font-family:&#x65B0;&#x7D30;&#x660E;&#x9AD4;,serif"&gt;(&lt;/span&gt;&lt;span style="font-family:DengXian"&gt;&#x56E0;&#x70BA;&#x53EF;&#x80FD;&#x9700;&#x8981;&#x91CD;&#x65B0;&#x914D;&#x7F6E;&#x8A18;&#x61B6;&#x9AD4;&#x548C;&#x8907;&#x88FD;&#x5143;&#x7D20;&lt;/span&gt;&lt;span style="font-family:&#x65B0;&#x7D30;&#x660E;&#x9AD4;,serif"&gt;)&lt;/span&gt;&lt;/span&gt;&lt;/li&gt;&#xD;
				&lt;li&gt;&lt;span style="font-family:DengXian"&gt;&#x9700;&#x8981;&#x984D;&#x5916;&#x7684;&#x8A18;&#x61B6;&#x9AD4;&#x7BA1;&#x7406;&lt;/span&gt;&lt;span style="font-family:&#x65B0;&#x7D30;&#x660E;&#x9AD4;,serif"&gt;&#xFF0C;&lt;/span&gt;&lt;span style="font-family:DengXian"&gt;&#x53EF;&#x80FD;&#x7522;&#x751F;&#x8A18;&#x61B6;&#x9AD4;&#x788E;&#x7247;&#x3002;&lt;/span&gt;&lt;/li&gt;&#xD;
			&lt;/ul&gt;&#xD;
			&lt;/td&gt;&#xD;
			&lt;td style="vertical-align:top; width:360px"&gt;&#xD;
			&lt;ul&gt;&#xD;
				&lt;li&gt;&lt;span style="font-family:DengXian"&gt;&#x5EFA;&#x7ACB;&#x9663;&#x5217;&#x6642;&#x78BA;&#x5B9A;&#x5927;&#x5C0F;&#xFF0C;&#x7121;&#x6CD5;&#x66F4;&#x52D5;&lt;/span&gt;&lt;/li&gt;&#xD;
				&lt;li&gt;&lt;span style="font-family:DengXian"&gt;&#x53EF;&#x80FD;&#x6703;&#x9020;&#x6210;&#x8A18;&#x61B6;&#x9AD4;&#x6D6A;&#x8CBB;&lt;/span&gt; &lt;span style="color:#a52a2a"&gt;&lt;span style="font-family:&#x65B0;&#x7D30;&#x660E;&#x9AD4;,serif"&gt;(&lt;/span&gt;&lt;span style="font-family:DengXian"&gt;&#x56E0;&#x70BA;&#x9810;&#x5148;&lt;/span&gt;&lt;span style="font-family:&#x65B0;&#x7D30;&#x660E;&#x9AD4;,serif"&gt;&#x8A2D;&#x5B9A;&lt;/span&gt;&lt;span style="font-family:DengXian"&gt;&#x4E86;&#x56FA;&#x5B9A;&#x5927;&#x5C0F;&#x7684;&#x8A18;&#x61B6;&#x9AD4;&lt;/span&gt;&lt;span style="font-family:&#x65B0;&#x7D30;&#x660E;&#x9AD4;,serif"&gt;)&lt;/span&gt;&lt;/span&gt;&lt;/li&gt;&#xD;
			&lt;/ul&gt;&#xD;
			&lt;/td&gt;&#xD;
		&lt;/tr&gt;&#xD;
		&lt;tr&gt;&#xD;
			&lt;td style="vertical-align:top; width:32px"&gt;&#xD;
			&lt;p&gt;&lt;span style="font-family:&#x65B0;&#x7D30;&#x660E;&#x9AD4;,serif"&gt;&#x4F8B;&#x5B50;&lt;/span&gt;&lt;/p&gt;&#xD;
			&lt;/td&gt;&#xD;
			&lt;td style="vertical-align:top; width:316px"&gt;&#xD;
			&lt;ul&gt;&#xD;
				&lt;li&gt;vector &amp;lt;string&amp;gt; name ;&lt;/li&gt;&#xD;
			&lt;/ul&gt;&#xD;
			&lt;/td&gt;&#xD;
			&lt;td style="vertical-align:top; width:360px"&gt;&#xD;
			&lt;ul&gt;&#xD;
				&lt;li&gt;&amp;nbsp;char name[100] ;&lt;/li&gt;&#xD;
			&lt;/ul&gt;&#xD;
			&lt;/td&gt;&#xD;
		&lt;/tr&gt;&#xD;
		&lt;tr&gt;&#xD;
			&lt;td style="vertical-align:top; width:32px"&gt;&#xD;
			&lt;p&gt;&lt;span style="font-family:&#x65B0;&#x7D30;&#x660E;&#x9AD4;,serif"&gt;&#x793A;&#x610F;&lt;/span&gt;&lt;/p&gt;&#xD;
			&lt;/td&gt;&#xD;
			&lt;td style="vertical-align:top; width:316px"&gt;&#xD;
			&lt;p&gt;&lt;a href="/user/1/1/11127109/images/dynamics_2d_array.png"&gt;&lt;img alt="" src="/user/1/1/11127109/images/dynamics_2d_array%281%29.png" style="height:209px; width:300px" /&gt;&lt;/a&gt;&lt;/p&gt;&#xD;
			&lt;/td&gt;&#xD;
			&lt;td style="vertical-align:top; width:360px"&gt;&#xD;
			&lt;p&gt;&lt;img alt="" src="/user/1/1/11127109/images/images.png" style="height:98px; width:300px" /&gt;&lt;/p&gt;&#xD;
			&lt;/td&gt;&#xD;
		&lt;/tr&gt;&#xD;
	&lt;/tbody&gt;&#xD;
&lt;/table&gt; </content>
  <attach></attach>
  <rcount></rcount>
  <rank></rank>
  <hit>27</hit>
  <lang>1</lang>
</data>
