<?xml version="1.0"?>
<data version="3.0" time="2024-06-30 09:11:10" type="post" filename="b000000011.xml">
  <open_time>0000-00-00</open_time>
  <close_time>0000-00-00</close_time>
  <lang_name>Big5</lang_name>
  <board_id>1001296418</board_id>
  <node>000000011</node>
  <site>1000110001</site>
  <pt>2023-10-04 08:30:21</pt>
  <poster>11127110</poster>
  <realname>&#x8A31;&#x81F3;&#x6600;  </realname>
  <email>alberthsu919@gmail.com</email>
  <homepage>  </homepage>
  <subject>108 </subject>
  <content>&lt;p&gt;&lt;span style="font-family:&#x65B0;&#x7D30;&#x660E;&#x9AD4;,serif"&gt;&#x82E5;&#x905E;&#x8FF4;&#x5230;&#x67D0;&#x5C64;&#x5C31;&#x7570;&#x5E38;&#x7D42;&#x6B62;&#xFF0C;&#x8981;&#x5982;&#x4F55;&#x5F37;&#x5236;&#x5B83;&#x7E7C;&#x7E8C;&#x57F7;&#x884C;&#x5230;&#x4E0B;&#x4E00;&#x5C64;&#xFF1F;&lt;/span&gt;&lt;/p&gt;&#xD;
&#xD;
&lt;p&gt;&lt;span style="font-family:&#x65B0;&#x7D30;&#x660E;&#x9AD4;,serif"&gt;&#x7576;&#x5728;&#x905E;&#x8FF4;&#x4E2D;&#x9047;&#x5230;&#x7570;&#x5E38;&#x60C5;&#x6CC1;&#x4E26;&#x5E0C;&#x671B;&#x7E7C;&#x7E8C;&#x57F7;&#x884C;&#x5230;&#x4E0B;&#x4E00;&#x5C64;&#x6642;&#xFF0C;&#x53EF;&#x4EE5;&#x4F7F;&#x7528;&#x4F8B;&#x5916;&#x8655;&#x7406;&#x4F86;&#x5BE6;&#x73FE;&#x3002;&#x4EE5;&#x4E0B;&#x4E94;&#x500B;&#x6B65;&#x9A5F;&#xFF1A;&lt;/span&gt;&lt;/p&gt;&#xD;
&#xD;
&lt;p&gt;1.&lt;span style="font-family:&#x65B0;&#x7D30;&#x660E;&#x9AD4;,serif"&gt;&#x4F7F;&#x7528;&lt;/span&gt;try-catch&lt;span style="font-family:&#x65B0;&#x7D30;&#x660E;&#x9AD4;,serif"&gt;&#xFF1A;&#x5728;&#x905E;&#x8FF4;&#x4F7F;&#x7528;&lt;/span&gt;try&lt;span style="font-family:&#x65B0;&#x7D30;&#x660E;&#x9AD4;,serif"&gt;&#x4F86;&#x5305;&#x570D;&#x53EF;&#x80FD;&#x6703;&#x5F15;&#x767C;&#x7570;&#x5E38;&#x7684;&#x7A0B;&#x5F0F;&#x5340;&#x584A;&#x3002;&lt;/span&gt;&lt;/p&gt;&#xD;
&#xD;
&lt;p&gt;2.&lt;span style="font-family:&#x65B0;&#x7D30;&#x660E;&#x9AD4;,serif"&gt;&#x6AA2;&#x67E5;&#x7570;&#x5E38;&#x689D;&#x4EF6;&#xFF1A;&#x6AA2;&#x67E5;&#x662F;&#x5426;&#x9054;&#x5230;&#x67D0;&#x500B;&#x689D;&#x4EF6;&#xFF0C;&#x5982;&#x679C;&#x689D;&#x4EF6;&#x6EFF;&#x8DB3;&#xFF0C;&#x4F7F;&#x7528;&lt;/span&gt;throw&lt;span style="font-family:&#x65B0;&#x7D30;&#x660E;&#x9AD4;,serif"&gt;&#x62CB;&#x51FA;&#x7570;&#x5E38;&#x8CC7;&#x8A0A;&#x3002;&lt;/span&gt;&lt;/p&gt;&#xD;
&#xD;
&lt;p&gt;3.&lt;span style="font-family:&#x65B0;&#x7D30;&#x660E;&#x9AD4;,serif"&gt;&#x6355;&#x7372;&#x7570;&#x5E38;&#xFF1A;&#x4F7F;&#x7528;&lt;/span&gt;catch&lt;span style="font-family:&#x65B0;&#x7D30;&#x660E;&#x9AD4;,serif"&gt;&#x4F86;&#x6355;&#x7372;&#x62CB;&#x51FA;&#x7684;&#x7570;&#x5E38;&#x3002;&#x5728;&lt;/span&gt;catch&lt;span style="font-family:&#x65B0;&#x7D30;&#x660E;&#x9AD4;,serif"&gt;&#x4E2D;&#xFF0C;&#x53EF;&#x4EE5;&#x8655;&#x7406;&#x7570;&#x5E38;&#xFF0C;&#x5370;&#x51FA;&#x932F;&#x8AA4;&#x8A0A;&#x606F;&#x6216;&#x5176;&#x4ED6;&#x64CD;&#x4F5C;&#x3002;&lt;/span&gt;&lt;/p&gt;&#xD;
&#xD;
&lt;p&gt;4.&lt;span style="font-family:&#x65B0;&#x7D30;&#x660E;&#x9AD4;,serif"&gt;&#x7E7C;&#x7E8C;&#x57F7;&#x884C;&#xFF1A;&#x7570;&#x5E38;&#x88AB;&#x62CB;&#x51FA;&#x4E26;&#x6355;&#x7372;&#x5F8C;&#xFF0C;&#x7A0B;&#x5F0F;&#x6703;&#x7E7C;&#x7E8C;&#x57F7;&#x884C;&#x4E0B;&#x4E00;&#x5C64;&#x905E;&#x8FF4;&#x6216;&#x5176;&#x4ED6;&#x7A0B;&#x5F0F;&#x78BC;&#x3002;&lt;/span&gt;&lt;/p&gt;&#xD;
&#xD;
&lt;p&gt;5.&lt;span style="font-family:&#x65B0;&#x7D30;&#x660E;&#x9AD4;,serif"&gt;&#x5B8C;&#x6210;&#x6BCF;&#x500B;&#x5C64;&#x7D1A;&#x7684;&#x7A0B;&#x5F0F;&#x78BC;&#x3002;&lt;/span&gt;&lt;/p&gt;&#xD;
&#xD;
&lt;p&gt;&lt;span style="font-family:&#x65B0;&#x7D30;&#x660E;&#x9AD4;,serif"&gt;&#x7528;&#x4F8B;&#x5916;&#x8655;&#x7406;&#x4F86;&#x7BA1;&#x7406;&#x7570;&#x5E38;&#x60C5;&#x6CC1;&#xFF0C;&#x6703;&#x589E;&#x52A0;&#x7A0B;&#x5F0F;&#x78BC;&#x7684;&#x8907;&#x96DC;&#x6027;&#x8207;&#x932F;&#x8AA4;&#x7387;&#xFF0C;&#x6211;&#x5011;&#x61C9;&#x8A72;&#x4F9D;&#x7167;&#x9700;&#x6C42;&#x8B39;&#x614E;&#x4F7F;&#x7528;&#x3002;&lt;/span&gt;&lt;/p&gt; </content>
  <attach></attach>
  <rcount></rcount>
  <rank></rank>
  <hit>20</hit>
  <lang>1</lang>
</data>
