<?xml version="1.0"?>
<data version="3.0" time="2024-06-30 09:11:10" type="post" filename="b000000013.xml">
  <open_time>0000-00-00</open_time>
  <close_time>0000-00-00</close_time>
  <lang_name>Big5</lang_name>
  <board_id>1001296418</board_id>
  <node>000000013</node>
  <site>1000110001</site>
  <pt>2023-10-04 19:47:12</pt>
  <poster>03109309</poster>
  <realname>&#x5442;&#x6C9B;&#x9716;  </realname>
  <email>0</email>
  <homepage> </homepage>
  <subject>109 </subject>
  <content>&lt;p&gt;&lt;strong&gt;&#x5982;&#x4F55;&#x5E6B;&#x9663;&#x5217;&#x5143;&#x7D20;&#x8A2D;&#x5B9A;&#x975E;&#x96F6;&#x7684;&#x521D;&#x59CB;&#x503C;&#xFF1F;&lt;/strong&gt;&lt;/p&gt;&#xD;
&#xD;
&lt;p&gt;&#x53EF;&#x4EE5;&#x4F7F;&#x7528;C++ &#x6A19;&#x982D;&#x6A94;&amp;lt;algorithm&amp;gt;&#x5167;&#x7684;fill&#x51FD;&#x6578;&#xFF0C;fill&#x51FD;&#x6578;&#x80FD;&#x5C07;&#x4E00;&#x500B;&#x5340;&#x9593;&#x7684;&#x5143;&#x7D20;&#x90FD;&#x8CE6;&#x4E88;&#x4E00;&#x500B;&#x76F8;&#x540C;&#x7684;&#x503C;&lt;br /&gt;&#xD;
fill&#x51FD;&#x6578;: fill(vec.begin(),vec.end(),value)&lt;br /&gt;&#xD;
&#x524D;&#x5169;&#x500B;&#x53C3;&#x6578;&#x70BA;&#x52D5;&#x614B;&#x9663;&#x5217;&#x7684;&#x7BC4;&#x570D;&#xFF0C;&#x7B2C;&#x4E09;&#x500B;&#x53C3;&#x6578;&#x70BA;&#x60F3;&#x8981;&#x7D66;&#x7684;&#x503C;&lt;/p&gt;&#xD;
&#xD;
&lt;p&gt;&#x4EE5;&#x4E0B;&#x662F;&#x6211;&#x7684;&#x6E2C;&#x8A66;&#x7D50;&#x679C;:&lt;/p&gt;&#xD;
&#xD;
&lt;p&gt;&lt;img alt="" src="/user/0/3/03109309/images/%E9%99%A3%E5%88%97%E5%80%BC%E5%88%9D%E5%A7%8B%E5%8C%961.png" style="height:466px; width:1000px" /&gt;&lt;/p&gt;&#xD;
&#xD;
&lt;p&gt;&lt;img alt="" src="/user/0/3/03109309/images/%E9%99%A3%E5%88%97%E5%80%BC%E5%88%9D%E5%A7%8B%E5%8C%962.png" style="height:466px; width:1000px" /&gt;&lt;/p&gt;</content>
  <attach></attach>
  <rcount></rcount>
  <rank></rank>
  <hit>23</hit>
  <lang>1</lang>
</data>
