<?xml version="1.0"?>
<data version="3.0" time="2024-06-30 09:11:10" type="post" filename="b000000001000000001.xml">
  <open_time>0000-00-00</open_time>
  <close_time>0000-00-00</close_time>
  <lang_name>Big5</lang_name>
  <board_id>1001296418</board_id>
  <node>000000001000000001</node>
  <site>1000110001</site>
  <pt>2023-09-23 13:27:38</pt>
  <poster>11127131</poster>
  <realname>&#x6881;&#x5609;&#x8AFE;  </realname>
  <email>justinliang0520@gmail.com</email>
  <homepage>  </homepage>
  <subject>Re: 106  </subject>
  <content>&lt;p&gt;&#x6C83;&#x6C83;&#x6C83; &#x53B2;&#x5BB3;&#x4E86;&#x5440;&#x9D6C;&#x7A0B;&lt;/p&gt; </content>
  <attach></attach>
  <rcount></rcount>
  <rank></rank>
  <hit>1</hit>
  <lang>1</lang>
</data>
