<?xml version="1.0"?>
<data version="3.0" time="2024-06-30 09:11:10" type="post" filename="b000000008.xml">
  <open_time>0000-00-00</open_time>
  <close_time>0000-00-00</close_time>
  <lang_name>Big5</lang_name>
  <board_id>1001296418</board_id>
  <node>000000008</node>
  <site>1000110001</site>
  <pt>2023-10-03 11:33:50</pt>
  <poster>11127161</poster>
  <realname>&#x5289;&#x82B7;&#x5998;  </realname>
  <email>chihyun161616@gmail.com</email>
  <homepage>  </homepage>
  <subject>107 </subject>
  <content>&lt;p&gt;&#x984C;&#x76EE;:&amp;nbsp;&#x4F5C;&#x696D;&#x4E00;&#x63A1;&#x7528;&#x4EC0;&#x9EBC;&#x8CC7;&#x6599;&#x7D50;&#x69CB;&#x5132;&#x5B58;&#x8B80;&#x5165;&#x8CC7;&#x6599;&#xFF0C;&#x9808;&#x8AAA;&#x660E;&#x539F;&#x56E0;&#x3002;&lt;/p&gt;&#xD;
&#xD;
&lt;p&gt;&#x5728;&#x4E00;&#x958B;&#x59CB;&#x8A2D;&#x4E86;&#x4E00;&#x500B;Maze&#x7684;class&#xFF0C;class&#x5305;&#x542B;&#x4E86;&#x8B80;&#x6A94;&#x3001;&#x627E;&#x65B9;&#x5411;&#x3001;&#x5370;&#x51FA;&#x5730;&#x5716;&#x7B49;function&#xFF0C;&#x5728;&#x9019;&#x5176;&#x4E2D;&#x6211;&#x5BA3;&#x544A;&#x4E86;&#x52D5;&#x614B;&#x9663;&#x5217;vector&amp;lt;string&amp;gt;lines&#x4F86;&#x5B58;&#x8B80;&#x6A94;&#x8B80;&#x5230;&#x7684;&#x5730;&#x5716;&#xFF0C;&#x56E0;&#x70BA;&#x4E0D;&#x80FD;&#x78BA;&#x5B9A;&#x5730;&#x5716;&#x6703;&#x6709;&#x591A;&#x5927;&#xFF0C;&#x6240;&#x4EE5;&#x4F7F;&#x7528;&#x52D5;&#x614B;&#x9663;&#x5217;&#x53EF;&#x4EE5;&#x907F;&#x514D;&#x5B58;&#x653E;&#x4F4D;&#x7F6E;&#x4E0D;&#x5920;&#x7684;&#x554F;&#x984C;&#xFF0C;&#x7576;&#x9700;&#x8981;&#x6DFB;&#x52A0;&#x5143;&#x7D20;&#x6642;&#xFF0C;&#x53EF;&#x4EE5;&#x81EA;&#x52D5;&#x8ABF;&#x6574;&#x5176;&#x5927;&#x5C0F;&#xFF0C;&#x4E0D;&#x7528;&#x624B;&#x52D5;&#x8ABF;&#x6574;&#x5167;&#x5B58;&#xFF0C;&#x9019;&#x4F7F;&#x5F97;&#x7A0B;&#x5F0F;&#x78BC;&#x66F4;&#x7C21;&#x55AE;&#x4E14;&#x4E0D;&#x5BB9;&#x6613;&#x51FA;&#x932F;&#xFF0C;&#x4E14;&#x6211;&#x5C07;&#x6B64;&#x8CC7;&#x6599;&#x8A2D;&#x70BA;private&#xFF0C;&#x907F;&#x514D;&#x5176;&#x4ED6;function&#x66F4;&#x6539;&#x5230;&#x52D5;&#x614B;&#x9663;&#x5217;&#x5C0E;&#x81F4;&#x8CC7;&#x6599;&#x4E82;&#x6389;&#x3002;&lt;/p&gt; </content>
  <attach></attach>
  <rcount></rcount>
  <rank></rank>
  <hit>37</hit>
  <lang>1</lang>
</data>
