<?xml version="1.0"?>
<data version="3.0" time="2024-06-30 09:11:10" type="post" filename="b000000011000000001.xml">
  <open_time>0000-00-00</open_time>
  <close_time>0000-00-00</close_time>
  <lang_name>Big5</lang_name>
  <board_id>1001296418</board_id>
  <node>000000011000000001</node>
  <site>1000110001</site>
  <pt>2023-10-18 16:35:29</pt>
  <poster>11813</poster>
  <realname>&#x5433;&#x5B9C;&#x9D3B;  </realname>
  <email>yhwu@cycu.edu.tw</email>
  <homepage>https://www.researchgate.net/profile/Yi-Hung-Wu-2 </homepage>
  <subject>Re: 108  </subject>
  <content>&lt;p&gt;&lt;span style="color:#ff0000"&gt;&#x91CD;&#x9EDE;&#x6C92;&#x6709;&#x56DE;&#x7B54;&#xFF1A;&#x5982;&#x4F55;&#x5F37;&#x5236;&#x5B83;&#x7E7C;&#x7E8C;&#x57F7;&#x884C;&#x5230;&#x4E0B;&#x4E00;&#x5C64;&#xFF1F;&#x5982;&#x4F55;&#x7E7C;&#x7E8C;&#x57F7;&#x884C;&#x4E0B;&#x4E00;&#x5C64;&#x905E;&#x8FF4;&#xFF1F;&lt;/span&gt;&lt;/p&gt;</content>
  <attach></attach>
  <rcount></rcount>
  <rank></rank>
  <hit>2</hit>
  <lang>1</lang>
</data>
