<?xml version="1.0"?>
<data version="3.0" time="2024-06-30 09:11:10" type="post" filename="b000000012.xml">
  <open_time>0000-00-00</open_time>
  <close_time>0000-00-00</close_time>
  <lang_name>Big5</lang_name>
  <board_id>1001296418</board_id>
  <node>000000012</node>
  <site>1000110001</site>
  <pt>2023-10-04 18:27:49</pt>
  <poster>11127133</poster>
  <realname>&#x9673;&#x4E59;&#x83C1;  </realname>
  <email>fiona99107@gmail.com</email>
  <homepage>  </homepage>
  <subject>107 </subject>
  <content>&lt;p&gt;107. &lt;span style="font-family:&#x65B0;&#x7D30;&#x660E;&#x9AD4;,serif"&gt;&#x4F5C;&#x696D;&#x4E00;&#x63A1;&#x7528;&#x4EC0;&#x9EBC;&#x8CC7;&#x6599;&#x7D50;&#x69CB;&#x5132;&#x5B58;&#x8B80;&#x5165;&#x8CC7;&#x6599;&#xFF0C;&#x9808;&#x8AAA;&#x660E;&#x539F;&#x56E0;&#x3002;&lt;/span&gt;&lt;/p&gt;&#xD;
&#xD;
&lt;p&gt;&lt;span style="font-family:&#x65B0;&#x7D30;&#x660E;&#x9AD4;,serif"&gt;&#x4E8C;&#x7DAD;&#x52D5;&#x614B;&#x9663;&#x5217;&#xFF0C;&#x56E0;&#x70BA;&#x6BCF;&#x500B;&#x8B80;&#x5165;&#x7684;&#x5730;&#x5716;&#x5927;&#x5C0F;&#x90FD;&#x4E0D;&#x56FA;&#x5B9A;&#xFF0C;&#x6240;&#x4EE5;&#x9700;&#x8981;&#x4E00;&#x500B;&#x53EF;&#x4EE5;&#x81EA;&#x7531;&#x66F4;&#x6539;&#x5927;&#x5C0F;&#x7684;&#x9663;&#x5217;&#x53BB;&#x5B58;&#x653E;&#x5B57;&#x5143;&#xFF0C;&#x96D6;&#x7136;&#x4E5F;&#x53EF;&#x4EE5;&#x628A;&#x975C;&#x614B;&#x9663;&#x5217;&#x7684;&#x5927;&#x5C0F;&#x8A2D;&#x70BA;&#x5F88;&#x5927;&#x503C;&#xFF0C;&#x4F46;&#x5F88;&#x5BB9;&#x6613;&#x5C0E;&#x81F4;&#x7A7A;&#x9593;&#x6D6A;&#x8CBB;&#xFF0C;&#x6240;&#x4EE5;&#x63A1;&#x7528;&#x4E8C;&#x7DAD;&#x52D5;&#x614B;&#x9663;&#x5217;&#x66F4;&#x597D;&#x3002;&lt;/span&gt;&lt;/p&gt; </content>
  <attach></attach>
  <rcount></rcount>
  <rank></rank>
  <hit>17</hit>
  <lang>1</lang>
</data>
