<?xml version="1.0"?>
<data version="3.0" time="2024-06-30 09:11:10" type="post" filename="b000000006.xml">
  <open_time>0000-00-00</open_time>
  <close_time>0000-00-00</close_time>
  <lang_name>Big5</lang_name>
  <board_id>1001296418</board_id>
  <node>000000006</node>
  <site>1000110001</site>
  <pt>2023-10-02 23:15:30</pt>
  <poster>11127124</poster>
  <realname>&#x4F55;&#x4FCA;&#x9706;  </realname>
  <email>ju482239@gmail.com</email>
  <homepage>  </homepage>
  <subject>107 </subject>
  <content>&lt;p&gt;107. &#x4F5C;&#x696D;&#x4E00;&#x63A1;&#x7528;&#x4EC0;&#x9EBC;&#x8CC7;&#x6599;&#x7D50;&#x69CB;&#x5132;&#x5B58;&#x8B80;&#x5165;&#x8CC7;&#x6599;&#xFF0C;&#x9808;&#x8AAA;&#x660E;&#x539F;&#x56E0;&#x3002;&lt;br /&gt;&#xD;
&lt;br /&gt;&#xD;
&#x4F5C;&#x696D;&#x4E00;&#x6211;&#x5148;&#x5B9A;&#x7FA9;&#x4E00;&#x500B;Maze&#x985E;&#x5225;&#xFF0C;&#x5728;&#x88E1;&#x9762;&#x5275;&#x5EFA;&#x4E00;&#x500B;&#x4E8C;&#x7DAD;&#x5411;&#x91CF;&amp;nbsp;vector&amp;lt;vector&amp;lt;char&amp;gt;&amp;gt;&amp;nbsp;&lt;br /&gt;&#xD;
&#xFF0C;&#x5176;&#x4E2D;&#x6BCF;&#x500B;&#x5143;&#x7D20;&#x662F;&#x4E00;&#x500B;&#x5B57;&#x5143;&#xFF08;char&#xFF09;&#xFF0C;&#x4EE3;&#x8868;&#x8FF7;&#x5BAE;&#x683C;&#x5B50;&#x7684;&#x72C0;&#x614B;&#x3002;&lt;br /&gt;&#xD;
&lt;br /&gt;&#xD;
&#x5229;&#x7528;&#x4E8C;&#x7DAD;&#x5411;&#x91CF;&#x7684;&#x539F;&#x56E0;&#x662F;&#x56E0;&#x70BA;&#x8FF7;&#x5BAE;&#x5927;&#x5C0F;&#x4E0D;&#x56FA;&#x5B9A;&#xFF0C;&#x800C;vector&#x53EF;&#x4EE5;&#x52D5;&#x614B;&#x6539;&#x8B8A;&#x5927;&#x5C0F;&#xFF0C;&#x4E5F;&#x63D0;&#x4F9B;&#x5F88;&#x591A;&#x65B9;&#x4FBF;&#x7684;&#x51FD;&#x5F0F;&#x3002;&lt;/p&gt; </content>
  <attach></attach>
  <rcount></rcount>
  <rank></rank>
  <hit>20</hit>
  <lang>1</lang>
</data>
