<?xml version="1.0"?>
<data version="3.0" time="2024-06-30 09:15:40" type="post" filename="b000000011000000001.xml">
  <open_time>0000-00-00</open_time>
  <close_time>0000-00-00</close_time>
  <lang_name>Big5</lang_name>
  <board_id>1001162648</board_id>
  <node>000000011000000001</node>
  <site>1000110001</site>
  <pt>2022-10-11 10:44:38</pt>
  <poster>11027108</poster>
  <realname>&#x5442;&#x5EAD;&#x744B;  </realname>
  <email>vivian.lu1011@gmail.com</email>
  <homepage>  </homepage>
  <subject>Re: 111. &#x5BEB;&#x51FA;C++&#x7A0B;&#x5F0F;&#x78BC;&#x8AAA;&#x660E;&#x50B3;&#x503C;&#x547C;&#x53EB;call by value&#x3002;  </subject>
  <content>&lt;p&gt;&#x8AAA;&#x660E;&#x5F97;&#x5F88;&#x6E05;&#x695A;&#xFF0C;&#x8D85;&#x68D2;&#x7684;!&lt;/p&gt; </content>
  <attach></attach>
  <rcount></rcount>
  <rank></rank>
  <hit>1</hit>
  <lang>1</lang>
</data>
