<?xml version="1.0"?>
<data version="3.0" time="2024-06-30 09:15:41" type="post" filename="b000000016.xml">
  <open_time>0000-00-00</open_time>
  <close_time>0000-00-00</close_time>
  <lang_name>Big5</lang_name>
  <board_id>1001162648</board_id>
  <node>000000016</node>
  <site>1000110001</site>
  <pt>2022-10-11 21:45:50</pt>
  <poster>11027109</poster>
  <realname>&#x5433;&#x6600;&#x851A;  </realname>
  <email>wing222430@gmail.com</email>
  <homepage>  </homepage>
  <subject>111. &#x5BEB;&#x51FA;C++&#x7A0B;&#x5F0F;&#x78BC;&#x8AAA;&#x660E;&#x50B3;&#x503C;&#x547C;&#x53EB;call by value&#x3002; </subject>
  <content>&lt;p&gt;function&#x4E2D;&#x8B8A;&#x6578;&#x7684;&#x8A18;&#x61B6;&#x9AD4;&#x4F4D;&#x7F6E;&#x8207;main&#x4E2D;&#x8B8A;&#x6578;&#x7684;&#x7D00;&#x9AD4;&#x4F4D;&#x7F6E;&#x4E0D;&#x540C;&#xFF0C;call by value&#x6642;&#x5C07;&#x8B8A;&#x6578;&#x503C;&#x50B3;&#x7D66;&#x526F;&#x7A0B;&#x5F0F;&#x6216;&#x662F;function&#x4E26;&#x4E0D;&#x6703;&#x6539;&#x8B8A;&#x539F;&#x503C;&#x3002;&lt;/p&gt;&#xD;
&#xD;
&lt;p&gt;&#x4E5F;&#x5C31;&#x662F;&#x8AAA;&#x50B3;&#x9032;function&#x7684;&#x8B8A;&#x6578;&#x503C;&#x53EA;&#x5B58;&#x5728;&#x5728;function&#x4E2D;&#xFF0C;&#x51FA;function&#x4E5F;&#x4E0D;&#x6703;&#x56DE;&#x50B3;&#x3002;&lt;/p&gt;&#xD;
&#xD;
&lt;p&gt;&lt;img alt="" src="/user/1/1/11027109/images/2022-10-11%20%281%29.png" style="height:435px; width:568px" /&gt;&lt;/p&gt;&#xD;
&#xD;
&lt;p&gt;&lt;img alt="" src="/user/1/1/11027109/images/2022-10-11%20(3).png" style="height:244px; width:595px" /&gt;&lt;/p&gt; </content>
  <attach></attach>
  <rcount></rcount>
  <rank></rank>
  <hit>36</hit>
  <lang>1</lang>
</data>
