<?xml version="1.0"?>
<data version="3.0" time="2024-06-30 09:15:40" type="post" filename="b000000002.xml">
  <open_time>0000-00-00</open_time>
  <close_time>0000-00-00</close_time>
  <lang_name>Big5</lang_name>
  <board_id>1001162648</board_id>
  <node>000000002</node>
  <site>1000110001</site>
  <pt>2022-09-28 22:15:34</pt>
  <poster>11027129</poster>
  <realname>&#x5289;&#x5B97;&#x5D34;  </realname>
  <email>wilson41587@gmail.com</email>
  <homepage>  </homepage>
  <subject>113. &#x5C07;&#x6B64;&#x5F8C;&#x5E8F;&#x5F0F;postfix&#x8F49;&#x4E2D;&#x5E8F;&#x5F0F;infix&#xFF0C;&#x4E26;&#x8A73;&#x8FF0;&#x6B65;&#x9A5F;&#x3002;* a b + c * d e + f * + w z + * </subject>
  <content>&lt;p&gt;&#x5F8C;&#x5E8F;&#x8868;&#x793A;&#x6CD5;: &amp;lt;&#x904B;&#x7B97;&#x5143;1&amp;gt; &amp;lt;&#x904B;&#x7B97;&#x5143;2&amp;gt; &amp;lt;&#x904B;&#x7B97;&#x5B50;&amp;gt;&lt;/p&gt;&#xD;
&#xD;
&lt;p&gt;&#x4E2D;&#x5E8F;&#x8868;&#x793A;&#x6CD5;:&amp;lt;&#x904B;&#x7B97;&#x5143;1&amp;gt; &amp;lt;&#x904B;&#x7B97;&#x5B50;&amp;gt; &amp;lt;&#x904B;&#x7B97;&#x5143;2&amp;gt;&lt;/p&gt;&#xD;
&#xD;
&lt;p&gt;&#x5F8C;&#x5E8F;&#x8F49;&#x4E2D;&#x5E8F;:&#x5169;&#x500B;&#x904B;&#x7B97;&#x5B50;+&#x4E00;&#x500B;&#x904B;&#x7B97;&#x70BA;&#x5373;&#x53EF;&#x8F49;&#x6210;&#x4E2D;&#x5E8F;&lt;/p&gt;&#xD;
&#xD;
&lt;p&gt;&lt;img alt="&#x958B;&#x555F;&#x76F8;&#x7247;" src="https://scontent.xx.fbcdn.net/v/t1.15752-9/308015003_5530003467083383_4373640924627570706_n.jpg?stp=dst-jpg_s320x320&amp;amp;_nc_cat=107&amp;amp;ccb=1-7&amp;amp;_nc_sid=aee45a&amp;amp;_nc_ohc=gR-uEdwMrYsAX_8O_t5&amp;amp;_nc_ad=z-m&amp;amp;_nc_cid=0&amp;amp;_nc_ht=scontent.xx&amp;amp;oh=03_AVKb5iYUG1EB-1u-HbrmYErxv6ldmVPeE-ry4rWo19FJwg&amp;amp;oe=635B84F5" /&gt;&lt;/p&gt;&#xD;
&#xD;
&lt;p&gt;P.S.&#x984C;&#x76EE;&#x539F;&#x70BA; * a b + c * d e + f * + w z + *&amp;nbsp;&lt;/p&gt;&#xD;
&#xD;
&lt;p&gt;&#x56E0;&#x4E0D;&#x7B26;&#x5408;&#x5F8C;&#x5E8F;&#xFF0C;&#x7B2C;&#x4E00;&#x500B;*&#x8A8D;&#x5B9A;&#x70BA;&#x300C;&#x8A3B;&#x8A18;&#x300D;&lt;/p&gt;&#xD;
&#xD;
&lt;p&gt;&#x5982;&#x6709;&#x932F;&#x8AA4;&#x96A8;&#x6642;&#x90FD;&#x53EF;&#x4EE5;&#x63D0;&#x51FA;&#x7CFE;&#x6B63;&#xFF0C;&#x8B1D;&#x8B1D;&lt;/p&gt; </content>
  <attach></attach>
  <rcount></rcount>
  <rank></rank>
  <hit>57</hit>
  <lang>1</lang>
</data>
