<?xml version="1.0"?>
<data version="3.0" time="2024-06-30 09:15:40" type="post" filename="b000000001000000002.xml">
  <open_time>0000-00-00</open_time>
  <close_time>0000-00-00</close_time>
  <lang_name>Big5</lang_name>
  <board_id>1001162648</board_id>
  <node>000000001000000002</node>
  <site>1000110001</site>
  <pt>2022-09-28 22:00:07</pt>
  <poster>11027129</poster>
  <realname>&#x5289;&#x5B97;&#x5D34;  </realname>
  <email>wilson41587@gmail.com</email>
  <homepage>  </homepage>
  <subject>Re: 111. &#x5BEB;&#x51FA;C++&#x7A0B;&#x5F0F;&#x78BC;&#x8AAA;&#x660E;&#x50B3;&#x503C;&#x547C;&#x53EB;call by value&#x3002;  </subject>
  <content>&lt;p&gt;&#x5167;&#x5BB9;&#x5B8C;&#x6574;&#xFF0C;&#x7BC4;&#x4F8B;&#x7C21;&#x55AE;&#x6E05;&#x6670;&#x3002;&lt;/p&gt;&#xD;
&#xD;
&lt;p&gt;&#x8A55;&#x50F9;:&#x2605; ( &#x9019;&#x662F;&#x516D;&#x9846;&#x661F;&#x591A;&#x51FA;&#x4F86;&#x7684;&#x4E00;&#x9846; )&lt;/p&gt; </content>
  <attach></attach>
  <rcount></rcount>
  <rank></rank>
  <hit>2</hit>
  <lang>1</lang>
</data>
