<?xml version="1.0"?>
<data version="3.0" time="2024-06-30 09:15:41" type="post" filename="b000000012000000001.xml">
  <open_time>0000-00-00</open_time>
  <close_time>0000-00-00</close_time>
  <lang_name>Big5</lang_name>
  <board_id>1001162648</board_id>
  <node>000000012000000001</node>
  <site>1000110001</site>
  <pt>2022-10-11 12:19:41</pt>
  <poster>11027131</poster>
  <realname>&#x674E;&#x8679;&#x6600;  </realname>
  <email>lhy1x37@gmail.com</email>
  <homepage>  </homepage>
  <subject>Re: 111. &#x5BEB;&#x51FA;C++&#x7A0B;&#x5F0F;&#x78BC;&#x8AAA;&#x660E;&#x50B3;&#x503C;&#x547C;&#x53EB;call by value&#x3002;  </subject>
  <content>&lt;p&gt;&#x8B1B;&#x89E3;&#x5F97;&#x5F88;&#x6E05;&#x695A;(&#xE51;&amp;bull;&#x300;&#x3142;&amp;bull;&#x301;)&#x648;&#x2727;&lt;/p&gt; </content>
  <attach></attach>
  <rcount></rcount>
  <rank></rank>
  <hit>2</hit>
  <lang>1</lang>
</data>
