<?xml version="1.0"?>
<data version="3.0" time="2024-06-30 09:15:40" type="post" filename="b000000009.xml">
  <open_time>0000-00-00</open_time>
  <close_time>0000-00-00</close_time>
  <lang_name>Big5</lang_name>
  <board_id>1001162648</board_id>
  <node>000000009</node>
  <site>1000110001</site>
  <pt>2022-10-09 14:42:51</pt>
  <poster>11027139</poster>
  <realname>&#x8A31;&#x66F8;&#x7DAD;  </realname>
  <email>xushuwei1122@gmail.com</email>
  <homepage>  </homepage>
  <subject>111. &#x5BEB;&#x51FA;C++&#x7A0B;&#x5F0F;&#x78BC;&#x8AAA;&#x660E;&#x50B3;&#x503C;&#x547C;&#x53EB;call by value&#x3002; </subject>
  <content>&lt;p&gt;&#x9019;&#x662F;&#x6211;&#x5BEB;&#x7684;&#x7BC4;&#x4F8B;&#x7A0B;&#x5F0F;&#x78BC;&#x4EE5;&#x53CA;&#x57F7;&#x884C;&#x51FA;&#x4F86;&#x7684;&#x7D50;&#x679C;&#xFF0C;call_by_value&#x7684;&#x89E3;&#x91CB;&#x5728;&#x5716;&#x7247;&#x4E0B;&#x65B9;&#x3002;&lt;/p&gt;&#xD;
&#xD;
&lt;p&gt;&lt;img alt="" src="/user/1/1/11027139/images/call_by_value.png" style="height:652px; width:536px" /&gt;&lt;/p&gt;&#xD;
&#xD;
&lt;p&gt;&#x5F9E;&#x7D50;&#x679C;&#x53EF;&#x4EE5;&#x770B;&#x5230;:&lt;br /&gt;&#xD;
Call by value: &#x53C3;&#x6578;&#x5728;&#x88AB;&#x526F;&#x7A0B;&#x5F0F;&#x547C;&#x53EB;&#x4E4B;&#x5F8C;&#xFF0C;&#x4E3B;&#x7A0B;&#x5F0F;&#x7684;&#x53C3;&#x6578;&#x7684;&#x503C;&#x4E0D;&#x6703;&#x53D7;&#x5230;&#x51FD;&#x5F0F;&#x7684;&#x5F71;&#x97FF;&#xFF0C;&#x4EE5;&#x53CA;&#x51FD;&#x5F0F;&#x548C;&#x4E3B;&#x7A0B;&#x5F0F;&#x6240;&#x4F7F;&#x7528;&#x7684;&#x53C3;&#x6578;&#x7684;&#x8A18;&#x61B6;&#x9AD4;&#x4F4D;&#x7F6E;&#x662F;&#x4E0D;&#x540C;&#x7684;&#x3002;&lt;/p&gt; </content>
  <attach></attach>
  <rcount></rcount>
  <rank></rank>
  <hit>33</hit>
  <lang>1</lang>
</data>
