<?xml version="1.0"?>
<data version="3.0" time="2024-06-30 09:15:41" type="post" filename="b000000014.xml">
  <open_time>0000-00-00</open_time>
  <close_time>0000-00-00</close_time>
  <lang_name>Big5</lang_name>
  <board_id>1001162648</board_id>
  <node>000000014</node>
  <site>1000110001</site>
  <pt>2022-10-11 21:02:44</pt>
  <poster>11027102</poster>
  <realname>&#x4EC7;&#x701A;&#x6176;  </realname>
  <email>tim1357929@gmail.com</email>
  <homepage>  </homepage>
  <subject>111. &#x5BEB;&#x51FA;C++&#x7A0B;&#x5F0F;&#x78BC;&#x8AAA;&#x660E;&#x50B3;&#x503C;&#x547C;&#x53EB;call by value&#x3002; </subject>
  <content>&lt;p&gt;&lt;img alt="" src="/user/1/1/11027102/images/%E8%9E%A2%E5%B9%95%E6%93%B7%E5%8F%96%E7%95%AB%E9%9D%A2%202022-10-11%20204211.png" style="height:982px; width:1586px" /&gt;&lt;img alt="" src="/user/1/1/11027102/images/hihiihihiihihihihihihhi%281%29.png" style="height:440px; width:1476px" /&gt;&#x5F9E;&#x7D50;&#x679C;&#x53EF;&#x4EE5;&#x770B;&#x51FA;call by value&#x8B8A;&#x6578;&#x88AB;&#x547C;&#x53EB;&#x4E4B;&#x5F8C;&#xFF0C;main&#x8B8A;&#x6578;&#x4E0D;&#x6703;&#x88AB;&#x526F;&#x7A0B;&#x5F0F;&#x6240;&#x5F71;&#x97FF;&#xFF0C;&#x4EE5;&#x53CA;main&#x548C;&#x526F;&#x7A0B;&#x5F0F;&#x7684;&#x8A18;&#x61B6;&#x9AD4;&#x4F4D;&#x7F6E;&#x662F;&#x4E0D;&#x540C;&#x7684;&#x3002;&lt;/p&gt;&#xD;
&#xD;
&lt;p&gt;&#x800C;call by refrence&#x8B8A;&#x6578;&#x88AB;&#x8B8A;&#x6578;&#x547C;&#x53EB;&#x4E4B;&#x5F8C;&#xFF0C;main&#x8B8A;&#x6578;&#x6703;&#x88AB;&#x526F;&#x7A0B;&#x5F0F;&#x6240;&#x5F71;&#x97FF;&#xFF0C;main&#x548C;&#x526F;&#x7A0B;&#x5F0F;&#x7684;&#x8A18;&#x61B6;&#x9AD4;&#x4F4D;&#x7F6E;&#x662F;&#x76F8;&#x540C;&#x7684;&#x3002;&lt;/p&gt;&#xD;
&#xD;
&lt;p&gt;&#x6709;&#x6B64;&#x53EF;&#x77E5;call by value &amp;amp; call by refrence&#x6700;&#x5927;&#x7684;&#x5DEE;&#x7570;&#x5C31;&#x662F;&#x4E00;&#x500B;&#x662F;&#x50B3;&#x6578;&#x503C;&#x9032;&#x53BB;&#x53E6;&#x4E00;&#x500B;&#x662F;&#x50B3;&#x8A18;&#x61B6;&#x9AD4;&#x9032;&#x53BB;&#x3002;&lt;/p&gt; </content>
  <attach></attach>
  <rcount></rcount>
  <rank></rank>
  <hit>12</hit>
  <lang>1</lang>
</data>
