<?xml version="1.0"?>
<data version="3.0" time="2024-06-30 09:15:40" type="post" filename="b000000004.xml">
  <open_time>0000-00-00</open_time>
  <close_time>0000-00-00</close_time>
  <lang_name>Big5</lang_name>
  <board_id>1001162648</board_id>
  <node>000000004</node>
  <site>1000110001</site>
  <pt>2022-09-29 22:50:32</pt>
  <poster>11027154</poster>
  <realname>&#x5ED6;&#x6893;&#x9038;  </realname>
  <email>joe3727@gmail.com</email>
  <homepage>  </homepage>
  <subject>113. &#x5C07;&#x6B64;&#x5F8C;&#x5E8F;&#x5F0F;postfix&#x8F49;&#x4E2D;&#x5E8F;&#x5F0F;infix&#xFF0C;&#x4E26;&#x8A73;&#x8FF0;&#x6B65;&#x9A5F;&#x3002;* a b + c * d e + f * + w z + * </subject>
  <content>&lt;p&gt;&lt;span style="font-size:22px"&gt;&#x89E3;&#x984C;&#x89C0;&#x5FF5;&lt;/span&gt;&lt;/p&gt;&#xD;
&#xD;
&lt;p&gt;&lt;br /&gt;&#xD;
&#x4EE5;Stack&#x6F14;&#x793A;&#x8F49;&#x63DB;&#x6B65;&#x9A5F;&#xFF0C;&#x4F9D;&#x5E8F;&#x904D;&#x6B77;&#x5F8C;&#x5E8F;&#x5F0F;&#x5143;&#x7D20;&#xFF0C;&#x4F9D;&#x7167;&#x4E0B;&#x5217;&#x689D;&#x4EF6;&#x505A;&#x8F49;&#x63DB;&lt;br /&gt;&#xD;
&#x689D;&#x4EF6;&#x4E00;: &#x9047;&#x5230;&#x904B;&#x7B97;&#x7B26;&#x865F;&#x6642;&#xFF0C;&#x53D6;&#x51FA;&#x9802;&#x7AEF;&#x5169;&#x6578;&#x503C;&#x904B;&#x7B97;&#xFF0C;&#x4E26;&#x5C07;&#x7D50;&#x5B58;&#x653E;stack&lt;/p&gt;&#xD;
&#xD;
&lt;p&gt;&#x689D;&#x4EF6;&#x4E8C;: &#x9047;&#x5230;&#x975E;&#x904B;&#x7B97;&#x7B26;&#x865F;&#x6642;(&#x5982;&#x6574;&#x6578;)&#xFF0C;&#x76F4;&#x63A5;&#x5B58;&#x653E;&#x81F3;stack&lt;/p&gt;&#xD;
&#xD;
&lt;p&gt;&lt;br /&gt;&#xD;
&lt;span style="font-size:22px"&gt;&#x7D50;&#x8AD6;&lt;/span&gt;&lt;br /&gt;&#xD;
&#x82E5;&#x70BA;&#x5408;&#x6CD5;&#x7684;&#x5F8C;&#x5E8F;&#x5F0F;&#xFF0C;&#x5230;&#x6700;&#x5F8C;stack&#x5167;&#x53EA;&#x6703;&#x5269;&#x4E0B;&#x4E00;&#x500B;&#x6578;&#x503C;&#x3002;&#x4E26;&#x5728;&#x9047;&#x5230;&#x904B;&#x7B97;&#x7B26;&#x865F;&#x6642;&#xFF0C;stack&#x81F3;&#x5C11;&#x6709;&#x5169;&#x6578;&#x503C;&#x3002;&lt;/p&gt;&#xD;
&#xD;
&lt;p&gt;&lt;a href="https://www.flexclip.com/share/1383765eb3295a3feb8486df1dde794933f6f17.html"&gt;&#x7BC4;&#x4F8B;&#x5F71;&#x7247;&lt;/a&gt;&lt;/p&gt; </content>
  <attach></attach>
  <rcount></rcount>
  <rank></rank>
  <hit>40</hit>
  <lang>1</lang>
</data>
