<?xml version="1.0"?>
<data version="3.0" time="2024-06-30 09:15:40" type="post" filename="b000000001000000003.xml">
  <open_time>0000-00-00</open_time>
  <close_time>0000-00-00</close_time>
  <lang_name>Big5</lang_name>
  <board_id>1001162648</board_id>
  <node>000000001000000003</node>
  <site>1000110001</site>
  <pt>2022-09-29 12:55:17</pt>
  <poster>11813</poster>
  <realname>&#x5433;&#x5B9C;&#x9D3B;  </realname>
  <email>yhwu@cycu.edu.tw</email>
  <homepage>https://www.researchgate.net/profile/Yi-Hung-Wu-2  </homepage>
  <subject>Re: 111. &#x5BEB;&#x51FA;C++&#x7A0B;&#x5F0F;&#x78BC;&#x8AAA;&#x660E;&#x50B3;&#x503C;&#x547C;&#x53EB;call by value&#x3002;  </subject>
  <content>&lt;p&gt;&#x4E8C;&#x8005;&#x5C0D;&#x6BD4;&#x883B;&#x6E05;&#x695A;&#x7684;&#xFF01;&lt;/p&gt;&#xD;
&#xD;
&lt;p&gt;&lt;span style="color:#800080"&gt;&#x5982;&#x679C;&#x662F;&#x4E0B;&#x5217;&#x5BEB;&#x6CD5;&#xFF0C;&#x61C9;&#x8A72;&#x7B97;&#x662F;&#x54EA;&#x4E00;&#x7A2E;&#xFF1F;&lt;/span&gt;&lt;/p&gt;&#xD;
&#xD;
&lt;p&gt;&lt;span style="color:#800080"&gt;void correctSwap(int *a, int *b) ...&lt;/span&gt;&lt;br /&gt;&#xD;
&amp;nbsp;&lt;/p&gt; </content>
  <attach></attach>
  <rcount></rcount>
  <rank></rank>
  <hit>1</hit>
  <lang>1</lang>
</data>
