<?xml version="1.0"?>
<data version="3.0" time="2024-06-30 09:15:40" type="post" filename="b000000008.xml">
  <open_time>0000-00-00</open_time>
  <close_time>0000-00-00</close_time>
  <lang_name>Big5</lang_name>
  <board_id>1001162648</board_id>
  <node>000000008</node>
  <site>1000110001</site>
  <pt>2022-10-08 18:23:13</pt>
  <poster>11027113</poster>
  <realname>&#x5442;&#x5B63;&#x8ED2;  </realname>
  <email>samlu0509@gmail.com</email>
  <homepage> </homepage>
  <subject>114. &#x5BEB;&#x51FA;C++&#x7A0B;&#x5F0F;&#x78BC;&#x8AAA;&#x660E;&#x540C;&#x985E;&#x5225;&#x5169;&#x500B;&#x65B9;&#x6CD5;&#x5982;&#x4F55;&#x5BE6;&#x73FE;&#x591A;&#x8F09;overloading&#x3002; </subject>
  <content>&lt;p&gt;&lt;img alt="" src="/user/1/1/11027113/images/%E8%9E%A2%E5%B9%95%E6%93%B7%E5%8F%96%E7%95%AB%E9%9D%A2%202022-10-08%20180832%282%29.png" style="height:602px; width:468px" /&gt;&lt;img alt="" src="/user/1/1/11027113/images/%E8%9E%A2%E5%B9%95%E6%93%B7%E5%8F%96%E7%95%AB%E9%9D%A2%202022-10-08%20180914.png" style="height:136px; width:382px" /&gt;&lt;/p&gt;&#xD;
&#xD;
&lt;p&gt;&#x540C;&#x4E00;&#x500B;class&#x4E2D;&#xFF0C;&#x81F3;&#x5C11;&#x6709;&#x5169;&#x500B;&#x76F8;&#x540C;&#x540D;&#x7A31;&#x7684;function&#xFF0C;&#x4F46;&#x662F;&#x50B3;&#x5165;&#x503C;&#x4E0D;&#x540C;(&#x5982;&#x5716;&#x4E00;&#x6240;&#x793A;)&#xFF0C;&#x9019;&#x6A23;&#x5C31;&#x662F;&#x591A;&#x8F09;(Overload)&#x3002;&lt;/p&gt;&#xD;
&#xD;
&lt;p&gt;&#x53E6;&#x5916;function&#x540D;&#x7A31;&#x76F8;&#x540C;&#xFF0C;&#x50B3;&#x5165;&#x503C;&#x4E5F;&#x76F8;&#x540C;&#xFF0C;&#x53EA;&#x6709;&#x56DE;&#x50B3;&#x578B;&#x614B;&#x4E0D;&#x540C;&#xFF0C;&#x9019;&#x6A23;&#x4E26;&#x4E0D;&#x662F;&#x591A;&#x8F09;&#x3002;&lt;/p&gt;</content>
  <attach></attach>
  <rcount></rcount>
  <rank></rank>
  <hit>30</hit>
  <lang>1</lang>
</data>
