<?xml version="1.0"?>
<data version="3.0" time="2024-06-30 09:15:41" type="post" filename="b000000016000000001.xml">
  <open_time>0000-00-00</open_time>
  <close_time>0000-00-00</close_time>
  <lang_name>Big5</lang_name>
  <board_id>1001162648</board_id>
  <node>000000016000000001</node>
  <site>1000110001</site>
  <pt>2022-10-11 21:58:04</pt>
  <poster>11027111</poster>
  <realname>&#x984F;&#x9091;&#x5C91;  </realname>
  <email>22692amy@gmail.com</email>
  <homepage>  </homepage>
  <subject>Re: 111. &#x5BEB;&#x51FA;C++&#x7A0B;&#x5F0F;&#x78BC;&#x8AAA;&#x660E;&#x50B3;&#x503C;&#x547C;&#x53EB;call by value&#x3002;  </subject>
  <content>&lt;p&gt;&#x8B1D;&#x8B1D; &#x6211;&#x53EF;&#x4EE5;&#x6E05;&#x695A;&#x7406;&#x89E3;call_by_value&#x662F;&#x600E;&#x9EBC;&#x904B;&#x4F5C;&#x4E86;&lt;/p&gt; </content>
  <attach></attach>
  <rcount></rcount>
  <rank></rank>
  <hit>1</hit>
  <lang>1</lang>
</data>
