<?xml version="1.0"?>
<data version="3.0" time="2024-06-30 09:17:04" type="post" filename="b000000001.xml">
  <open_time>0000-00-00</open_time>
  <close_time>0000-00-00</close_time>
  <lang_name>Big5</lang_name>
  <board_id>1001162654</board_id>
  <node>000000001</node>
  <site>1000110001</site>
  <pt>2022-12-01 09:17:18</pt>
  <poster>11027119</poster>
  <realname>&#x79E6;&#x5609;&#x6607;  </realname>
  <email>c20021219@gmail.com</email>
  <homepage> </homepage>
  <subject>211. &#x8209;&#x4F8B;&#x6BD4;&#x8F03;&#x6C23;&#x6CE1;&#x6392;&#x5E8F;&#x548C;&#x9078;&#x64C7;&#x6392;&#x5E8F;&#x7684;&#x8CC7;&#x6599;&#x4EA4;&#x63DB;swap&#x6B21;&#x6578;&#xFF0C;&#x4F55;&#x8005;&#x8F03;&#x591A;&#xFF1F; </subject>
  <content>&lt;p&gt;&#x7531;&#x4E0B;&#x5716;&#x4E00;,&#x5716;&#x4E8C;&#x53EF;&#x77E5;&#x6C23;&#x6CE1;&#x6392;&#x5E8F;&#x548C;&#x9078;&#x64C7;&#x6392;&#x5E8F;&#x7684;swap&#x6B21;&#x6578;&#xFF0C;&#x6C92;&#x6709;&#x4E00;&#x5B9A;&#x8AB0;&#x6BD4;&#x8F03;&#x591A;&#xFF0C;&#x5169;&#x8005;&#x90FD;&#x6709;&#x53EF;&#x80FD;&#x662F;&#x591A;&#x6578;&#x6216;&#x5C11;&#x6578;&lt;/p&gt;&#xD;
&#xD;
&lt;p&gt;&#x9078;&#x64C7;&#x6392;&#x5E8F;&#x7684;swap&#x6B21;&#x6578;&#x70BA;n&#x6B21;(n&#x4EE3;&#x8868;&#x8CC7;&#x6599;&#x9577;&#x5EA6;)&lt;/p&gt;&#xD;
&#xD;
&lt;p&gt;&#x6C23;&#x6CE1;&#x6392;&#x5E8F;&#x5247;&#x4E0D;&#x4E00;&#x5B9A;&#x4F9D;&#x7167;&#x8CC7;&#x6599;&#x7684;&#x9806;&#x5E8F;&#x800C;&#x5B9A;&lt;/p&gt;&#xD;
&#xD;
&lt;p&gt;&#x5716;&#x4E00; (&#x4EE5;time&#x8868;&#x793A;swap&#x6B21;&#x6578;)&lt;/p&gt;&#xD;
&#xD;
&lt;p&gt;&lt;img alt="" src="/user/1/1/11027119/images/1%281%29.png" style="height:906px; width:1309px" /&gt;&lt;/p&gt;&#xD;
&#xD;
&lt;p&gt;&#x5716;&#x4E8C;&amp;nbsp;(&#x4EE5;time&#x8868;&#x793A;swap&#x6B21;&#x6578;)&lt;/p&gt;&#xD;
&#xD;
&lt;p&gt;&lt;img alt="" src="/user/1/1/11027119/images/2%281%29.png" style="height:919px; width:1159px" /&gt;&lt;/p&gt;</content>
  <attach></attach>
  <rcount></rcount>
  <rank></rank>
  <hit>91</hit>
  <lang>1</lang>
</data>
