<?xml version="1.0"?>
<data version="3.0" time="2024-06-30 09:17:04" type="post" filename="b000000002000000001.xml">
  <open_time>0000-00-00</open_time>
  <close_time>0000-00-00</close_time>
  <lang_name>Big5</lang_name>
  <board_id>1001162654</board_id>
  <node>000000002000000001</node>
  <site>1000110001</site>
  <pt>2022-12-13 15:09:30</pt>
  <poster>11813</poster>
  <realname>&#x5433;&#x5B9C;&#x9D3B;  </realname>
  <email>yhwu@cycu.edu.tw</email>
  <homepage>https://www.researchgate.net/profile/Yi-Hung-Wu-2  </homepage>
  <subject>Re: 214. &#x8209;&#x4F8B;&#x8AAA;&#x660E;&#x5408;&#x4F75;&#x6392;&#x5E8F;&#x7684;&#x905E;&#x8FF4;&#x6DF1;&#x5EA6;&#x548C;&#x8CC7;&#x6599;&#x7B46;&#x6578;&#x7684;&#x95DC;&#x4FC2;&#x3002;  </subject>
  <content>&lt;p&gt;OK&lt;/p&gt; </content>
  <attach></attach>
  <rcount></rcount>
  <rank></rank>
  <hit>1</hit>
  <lang>1</lang>
</data>
