<?xml version="1.0"?>
<data version="3.0" time="2024-06-30 09:12:45" type="post" filename="b000000007.xml">
  <open_time>0000-00-00</open_time>
  <close_time>0000-00-00</close_time>
  <lang_name>Big5</lang_name>
  <board_id>1001296423</board_id>
  <node>000000007</node>
  <site>1000110001</site>
  <pt>2023-11-26 00:54:42</pt>
  <poster>11127110</poster>
  <realname>&#x8A31;&#x81F3;&#x6600;  </realname>
  <email>alberthsu919@gmail.com</email>
  <homepage>  </homepage>
  <subject>201 </subject>
  <content>&lt;p&gt;&lt;span style="font-family:&#x65B0;&#x7D30;&#x660E;&#x9AD4;,serif"&gt;&#x8209;&#x4F8B;&#x8AAA;&#x660E;&#x55AE;&#x4E00;&#x4F47;&#x5217;&#x6A21;&#x64EC;&#x5982;&#x4F55;&#x8A08;&#x7B97;&#x5E73;&#x5747;&#x7B49;&#x5019;&#x6642;&#x9593;&lt;/span&gt;waiting time&lt;span style="font-family:&#x65B0;&#x7D30;&#x660E;&#x9AD4;,serif"&gt;&#x3002;&lt;/span&gt;&lt;/p&gt;&#xD;
&#xD;
&lt;p&gt;&lt;span style="font-family:&#x65B0;&#x7D30;&#x660E;&#x9AD4;,serif"&gt;&#x5E73;&#x5747;&#x7B49;&#x5019;&#x6642;&#x9593;&#x70BA;&#x6BCF;&#x500B;&#x4E8B;&#x4EF6;&#x9032;&#x5165;&#x4F47;&#x5217;&#x4E4B;&#x300C;&#x958B;&#x59CB;&#x57F7;&#x884C;&#x6642;&#x9593;&#x6E1B;&#x62B5;&#x9054;&#x6642;&#x9593;&#x300D;&#x4E4B;&#x5E73;&#x5747;&#x503C;&#x3002;&lt;/span&gt;&lt;/p&gt;&#xD;
&#xD;
&lt;p&gt;&lt;span style="font-family:&#x65B0;&#x7D30;&#x660E;&#x9AD4;,serif"&gt;&#x5982;&#x6709;&#x4EE5;&#x4E0B;&#x56DB;&#x7B46;&#x8CC7;&#x6599;&#xFF1A;&lt;/span&gt;&lt;/p&gt;&#xD;
&#xD;
&lt;table border="1" cellpadding="0" cellspacing="0" style="border-collapse:collapse; border:none"&gt;&#xD;
	&lt;tbody&gt;&#xD;
		&lt;tr&gt;&#xD;
			&lt;td style="vertical-align:top; width:184px"&gt;&#xD;
			&lt;p&gt;&lt;span style="font-family:&#x65B0;&#x7D30;&#x660E;&#x9AD4;,serif"&gt;&#x4E8B;&#x4EF6;&#x7DE8;&#x865F;&lt;/span&gt;&lt;/p&gt;&#xD;
			&lt;/td&gt;&#xD;
			&lt;td style="vertical-align:top; width:184px"&gt;&#xD;
			&lt;p&gt;&lt;span style="font-family:&#x65B0;&#x7D30;&#x660E;&#x9AD4;,serif"&gt;&#x62B5;&#x9054;&#x6642;&#x9593;&lt;/span&gt;&lt;/p&gt;&#xD;
			&lt;/td&gt;&#xD;
			&lt;td style="vertical-align:top; width:184px"&gt;&#xD;
			&lt;p&gt;&lt;span style="font-family:&#x65B0;&#x7D30;&#x660E;&#x9AD4;,serif"&gt;&#x5DE5;&#x4F5C;&#x8017;&#x6642;&lt;/span&gt;&lt;/p&gt;&#xD;
			&lt;/td&gt;&#xD;
		&lt;/tr&gt;&#xD;
		&lt;tr&gt;&#xD;
			&lt;td style="vertical-align:top; width:184px"&gt;&#xD;
			&lt;p&gt;1&lt;/p&gt;&#xD;
			&lt;/td&gt;&#xD;
			&lt;td style="vertical-align:top; width:184px"&gt;&#xD;
			&lt;p&gt;20&lt;/p&gt;&#xD;
			&lt;/td&gt;&#xD;
			&lt;td style="vertical-align:top; width:184px"&gt;&#xD;
			&lt;p&gt;5&lt;/p&gt;&#xD;
			&lt;/td&gt;&#xD;
		&lt;/tr&gt;&#xD;
		&lt;tr&gt;&#xD;
			&lt;td style="vertical-align:top; width:184px"&gt;&#xD;
			&lt;p&gt;2&lt;/p&gt;&#xD;
			&lt;/td&gt;&#xD;
			&lt;td style="vertical-align:top; width:184px"&gt;&#xD;
			&lt;p&gt;22&lt;/p&gt;&#xD;
			&lt;/td&gt;&#xD;
			&lt;td style="vertical-align:top; width:184px"&gt;&#xD;
			&lt;p&gt;4&lt;/p&gt;&#xD;
			&lt;/td&gt;&#xD;
		&lt;/tr&gt;&#xD;
		&lt;tr&gt;&#xD;
			&lt;td style="vertical-align:top; width:184px"&gt;&#xD;
			&lt;p&gt;3&lt;/p&gt;&#xD;
			&lt;/td&gt;&#xD;
			&lt;td style="vertical-align:top; width:184px"&gt;&#xD;
			&lt;p&gt;23&lt;/p&gt;&#xD;
			&lt;/td&gt;&#xD;
			&lt;td style="vertical-align:top; width:184px"&gt;&#xD;
			&lt;p&gt;2&lt;/p&gt;&#xD;
			&lt;/td&gt;&#xD;
		&lt;/tr&gt;&#xD;
		&lt;tr&gt;&#xD;
			&lt;td style="vertical-align:top; width:184px"&gt;&#xD;
			&lt;p&gt;4&lt;/p&gt;&#xD;
			&lt;/td&gt;&#xD;
			&lt;td style="vertical-align:top; width:184px"&gt;&#xD;
			&lt;p&gt;30&lt;/p&gt;&#xD;
			&lt;/td&gt;&#xD;
			&lt;td style="vertical-align:top; width:184px"&gt;&#xD;
			&lt;p&gt;3&lt;/p&gt;&#xD;
			&lt;/td&gt;&#xD;
		&lt;/tr&gt;&#xD;
	&lt;/tbody&gt;&#xD;
&lt;/table&gt;&#xD;
&#xD;
&lt;p&gt;&lt;span style="font-family:&#x65B0;&#x7D30;&#x660E;&#x9AD4;,serif"&gt;&#x6211;&#x5011;&#x53EF;&#x4EE5;&#x5F97;&#x77E5;&#xFF1A;&lt;/span&gt;&lt;/p&gt;&#xD;
&#xD;
&lt;table border="1" cellpadding="0" cellspacing="0" style="border-collapse:collapse; border:none; width:557px"&gt;&#xD;
	&lt;tbody&gt;&#xD;
		&lt;tr&gt;&#xD;
			&lt;td style="vertical-align:top; width:139px"&gt;&#xD;
			&lt;p&gt;&lt;span style="font-family:&#x65B0;&#x7D30;&#x660E;&#x9AD4;,serif"&gt;&#x4E8B;&#x4EF6;&#x7DE8;&#x865F;&lt;/span&gt;&lt;/p&gt;&#xD;
			&lt;/td&gt;&#xD;
			&lt;td style="vertical-align:top; width:139px"&gt;&#xD;
			&lt;p&gt;&lt;span style="font-family:&#x65B0;&#x7D30;&#x660E;&#x9AD4;,serif"&gt;&#x958B;&#x59CB;&#x57F7;&#x884C;&#x6642;&#x9593;&lt;/span&gt;&lt;/p&gt;&#xD;
			&lt;/td&gt;&#xD;
			&lt;td style="vertical-align:top; width:139px"&gt;&#xD;
			&lt;p&gt;&lt;span style="font-family:&#x65B0;&#x7D30;&#x660E;&#x9AD4;,serif"&gt;&#x96E2;&#x958B;&#x6642;&#x9593;&lt;/span&gt;&lt;/p&gt;&#xD;
			&lt;/td&gt;&#xD;
			&lt;td style="vertical-align:top; width:139px"&gt;&#xD;
			&lt;p&gt;&lt;span style="font-family:&#x65B0;&#x7D30;&#x660E;&#x9AD4;,serif"&gt;&#x7B49;&#x5019;&#x6642;&#x9593;&lt;/span&gt;&lt;/p&gt;&#xD;
			&lt;/td&gt;&#xD;
		&lt;/tr&gt;&#xD;
		&lt;tr&gt;&#xD;
			&lt;td style="vertical-align:top; width:139px"&gt;&#xD;
			&lt;p&gt;1&lt;/p&gt;&#xD;
			&lt;/td&gt;&#xD;
			&lt;td style="vertical-align:top; width:139px"&gt;&#xD;
			&lt;p&gt;20&lt;/p&gt;&#xD;
			&lt;/td&gt;&#xD;
			&lt;td style="vertical-align:top; width:139px"&gt;&#xD;
			&lt;p&gt;25&lt;/p&gt;&#xD;
			&lt;/td&gt;&#xD;
			&lt;td style="vertical-align:top; width:139px"&gt;&#xD;
			&lt;p&gt;0&lt;/p&gt;&#xD;
			&lt;/td&gt;&#xD;
		&lt;/tr&gt;&#xD;
		&lt;tr&gt;&#xD;
			&lt;td style="vertical-align:top; width:139px"&gt;&#xD;
			&lt;p&gt;2&lt;/p&gt;&#xD;
			&lt;/td&gt;&#xD;
			&lt;td style="vertical-align:top; width:139px"&gt;&#xD;
			&lt;p&gt;25&lt;/p&gt;&#xD;
			&lt;/td&gt;&#xD;
			&lt;td style="vertical-align:top; width:139px"&gt;&#xD;
			&lt;p&gt;29&lt;/p&gt;&#xD;
			&lt;/td&gt;&#xD;
			&lt;td style="vertical-align:top; width:139px"&gt;&#xD;
			&lt;p&gt;25-22=3&lt;/p&gt;&#xD;
			&lt;/td&gt;&#xD;
		&lt;/tr&gt;&#xD;
		&lt;tr&gt;&#xD;
			&lt;td style="vertical-align:top; width:139px"&gt;&#xD;
			&lt;p&gt;3&lt;/p&gt;&#xD;
			&lt;/td&gt;&#xD;
			&lt;td style="vertical-align:top; width:139px"&gt;&#xD;
			&lt;p&gt;29&lt;/p&gt;&#xD;
			&lt;/td&gt;&#xD;
			&lt;td style="vertical-align:top; width:139px"&gt;&#xD;
			&lt;p&gt;31&lt;/p&gt;&#xD;
			&lt;/td&gt;&#xD;
			&lt;td style="vertical-align:top; width:139px"&gt;&#xD;
			&lt;p&gt;29-23=6&lt;/p&gt;&#xD;
			&lt;/td&gt;&#xD;
		&lt;/tr&gt;&#xD;
		&lt;tr&gt;&#xD;
			&lt;td style="vertical-align:top; width:139px"&gt;&#xD;
			&lt;p&gt;4&lt;/p&gt;&#xD;
			&lt;/td&gt;&#xD;
			&lt;td style="vertical-align:top; width:139px"&gt;&#xD;
			&lt;p&gt;31&lt;/p&gt;&#xD;
			&lt;/td&gt;&#xD;
			&lt;td style="vertical-align:top; width:139px"&gt;&#xD;
			&lt;p&gt;34&lt;/p&gt;&#xD;
			&lt;/td&gt;&#xD;
			&lt;td style="vertical-align:top; width:139px"&gt;&#xD;
			&lt;p&gt;31-30=1&lt;/p&gt;&#xD;
			&lt;/td&gt;&#xD;
		&lt;/tr&gt;&#xD;
	&lt;/tbody&gt;&#xD;
&lt;/table&gt;&#xD;
&#xD;
&lt;p&gt;&lt;span style="font-family:&#x65B0;&#x7D30;&#x660E;&#x9AD4;,serif"&gt;&#x5E73;&#x5747;&#x7B49;&#x5019;&#x6642;&#x9593;&#xFF1A;(&lt;/span&gt;0+3+6+1&lt;font face="&#x65B0;&#x7D30;&#x660E;&#x9AD4;, serif"&gt;)&lt;/font&gt;/4=2.5&lt;span style="font-family:&#x65B0;&#x7D30;&#x660E;&#x9AD4;,serif"&gt;&#x3002;&lt;/span&gt;&lt;/p&gt; </content>
  <attach></attach>
  <rcount></rcount>
  <rank></rank>
  <hit>19</hit>
  <lang>1</lang>
</data>
