<?xml version="1.0"?>
<data version="3.0" time="2024-06-30 09:12:45" type="post" filename="b000000006000000001.xml">
  <open_time>0000-00-00</open_time>
  <close_time>0000-00-00</close_time>
  <lang_name>Big5</lang_name>
  <board_id>1001296423</board_id>
  <node>000000006000000001</node>
  <site>1000110001</site>
  <pt>2023-12-26 14:53:06</pt>
  <poster>11813</poster>
  <realname>&#x5433;&#x5B9C;&#x9D3B;  </realname>
  <email>yhwu@cycu.edu.tw</email>
  <homepage>https://www.researchgate.net/profile/Yi-Hung-Wu-2 </homepage>
  <subject>Re: 201  </subject>
  <content>&lt;p&gt;&#x8209;&#x4F8B;&#x8AAA;&#x660E; ... &#x5982;&#x4F55;&#x8A08;&#x7B97; ...&lt;/p&gt;&#xD;
&#xD;
&lt;p&gt;&lt;span style="color:#ff0000"&gt;No example? No calculation?&lt;/span&gt;&lt;/p&gt;</content>
  <attach></attach>
  <rcount></rcount>
  <rank></rank>
  <hit>2</hit>
  <lang>1</lang>
</data>
