<?xml version="1.0"?>
<data version="3.0" time="2024-06-30 09:12:45" type="post" filename="b000000002000000001.xml">
  <open_time>0000-00-00</open_time>
  <close_time>0000-00-00</close_time>
  <lang_name>Big5</lang_name>
  <board_id>1001296423</board_id>
  <node>000000002000000001</node>
  <site>1000110001</site>
  <pt>2023-12-26 14:43:40</pt>
  <poster>11813</poster>
  <realname>&#x5433;&#x5B9C;&#x9D3B;  </realname>
  <email>yhwu@cycu.edu.tw</email>
  <homepage>https://www.researchgate.net/profile/Yi-Hung-Wu-2  </homepage>
  <subject>Re: 205  </subject>
  <content>&lt;p&gt;&lt;span style="color:#ff0000"&gt;&#x984C;&#x610F;&#x662F;&#x9078;&#x64C7;&#x4F47;&#x5217;&#xFF0C;&#x4E26;&#x975E;&#x4F47;&#x5217;&#x5167;&#x7684;&#x512A;&#x5148;&#x6B21;&#x5E8F;&#x3002;&lt;/span&gt;&lt;/p&gt; </content>
  <attach></attach>
  <rcount></rcount>
  <rank></rank>
  <hit>1</hit>
  <lang>1</lang>
</data>
