<?xml version="1.0"?>
<data version="3.0" time="2024-06-30 09:12:45" type="post" filename="b000000001.xml">
  <open_time>0000-00-00</open_time>
  <close_time>0000-00-00</close_time>
  <lang_name>Big5</lang_name>
  <board_id>1001296423</board_id>
  <node>000000001</node>
  <site>1000110001</site>
  <pt>2023-11-16 14:02:36</pt>
  <poster>11127140</poster>
  <realname>&#x59DC;&#x7FA9;&#x65B0;  </realname>
  <email>jabeeschool@gmail.com</email>
  <homepage> </homepage>
  <subject>201 </subject>
  <content>&lt;p&gt;&lt;span style="font-size:20px"&gt;&#x8209;&#x4F8B;&#x8AAA;&#x660E;&#x55AE;&#x4E00;&#x4F47;&#x5217;&#x6A21;&#x64EC;&#x5982;&#x4F55;&#x8A08;&#x7B97;&#x5E73;&#x5747;&#x7B49;&#x5019;&#x6642;&#x9593;waiting time&lt;/span&gt;&lt;/p&gt;&#xD;
&#xD;
&lt;p&gt;&lt;span style="font-size:14px"&gt;&#x8A08;&#x7B97;&#x5E73;&#x5747;waiting time&#xFF0C;&#x9700;&#x8981;&#x7684;&#x8CC7;&#x6599;&#x70BA;&#xFF1A;&lt;/span&gt;&lt;/p&gt;&#xD;
&#xD;
&lt;ul&gt;&#xD;
	&lt;li&gt;&lt;span style="font-size:12px"&gt;&#x9032;&#x5165;&#x968A;&#x4F0D;&#x7684;&#x6642;&#x9593;&lt;/span&gt;&lt;/li&gt;&#xD;
	&lt;li&gt;&lt;span style="font-size:12px"&gt;&#x670D;&#x52D9;&#x6642;&#x9593;&lt;/span&gt;&lt;br /&gt;&#xD;
	&amp;nbsp;&lt;/li&gt;&#xD;
&lt;/ul&gt;&#xD;
&#xD;
&lt;p&gt;&#x8981;&#x8A08;&#x7B97;&#x5E73;&#x5747;&#x7B49;&#x5F85;&#x6642;&#x9593;&#xFF0C;&#x53EF;&#x4EE5;&#x5C07;&#x6240;&#x6709;&#x4EBA;&#x653E;&#x9032;Queue&#xFF0C;&#x61C9;&#x7528;&amp;nbsp;Queue &#x4E2D; first in, first out &#x7684;&#x6982;&#x5FF5;&#x3002;&lt;br /&gt;&#xD;
&#x5C07;&#x524D;&#x4E00;&#x4F4D;&#x7D50;&#x675F;&#x670D;&#x52D9;&#x7684;&#x6642;&#x9593;&#x6E1B;&#x53BB;&#x9032;&#x5165;Queue&#x7684;&#x6642;&#x9593;&#x5247;&#x70BA;&#x7576;&#x524D;&#x7BC0;&#x9EDE;&#x7684;&#x7B49;&#x5F85;&#x6642;&#x9593;&#xFF0C;&#x9032;&#x5165;&#x670D;&#x52D9;&#x5247;&#x79FB;&#x9664;front&#xFF0C;&#x6700;&#x5F8C;&#x518D;&#x5C07;&#x6240;&#x6709;&#x7B49;&#x5F85;&#x6642;&#x9593;&#x5E73;&#x5747;&#x5247;&#x70BA;&#x7B54;&#x6848;&#x3002;&lt;/p&gt;&#xD;
&#xD;
&lt;p&gt;&#x5047;&#x8A2D; &#x4ECA;&#x5929;&#x6709;4&#x500B;&#x5BA2;&#x6236;&#xFF1A;&lt;/p&gt;&#xD;
&#xD;
&lt;ol&gt;&#xD;
	&lt;li&gt;&#x9032;&#x5165;&#x6642;&#x9593;0&#x5206; &#x670D;&#x52D9;&#x6642;&#x9593;5&#x5206;&lt;/li&gt;&#xD;
	&lt;li&gt;&#x9032;&#x5165;&#x6642;&#x9593;2&#x5206; &#x670D;&#x52D9;&#x6642;&#x9593;10&#x5206;&lt;/li&gt;&#xD;
	&lt;li&gt;&#x9032;&#x5165;&#x6642;&#x9593;6&#x5206; &#x670D;&#x52D9;&#x6642;&#x9593;2&#x5206;&lt;/li&gt;&#xD;
	&lt;li&gt;&#x9032;&#x5165;&#x6642;&#x9593;9&#x5206; &#x670D;&#x52D9;&#x6642;&#x9593;5&#x5206;&lt;/li&gt;&#xD;
&lt;/ol&gt;&#xD;
&#xD;
&lt;p&gt;&amp;nbsp;&#x5247;&#x4EE5;&#x4E0A;&#x53EF;&#x5F97;&#x77E5;&lt;/p&gt;&#xD;
&#xD;
&lt;p&gt;1&#x865F; &#x9032;&#x5165;&#x6642;&#x7121;&#x9700;&#x7B49;&#x5F85;&#xFF08;&#x56E0;&#x70BA;&#x524D;&#x9762;&#x6C92;&#x4EBA;&#xFF09;&#x56E0;&#x6B64;waiting time &#x70BA; 0&#x3002;&lt;/p&gt;&#xD;
&#xD;
&lt;p&gt;2&#x865F; &#x9032;&#x5165;queue&#x6642;&#x70BA;2&#x5206; &#x524D;&#x4E00;&#x4F4D;&#x670D;&#x52D9;&#x7D50;&#x675F;&#x6642;&#x9593;&#x70BA; 0+5&amp;nbsp; &#x5247; waiting time &#x70BA; 5-2 = 3&#x3002;&lt;/p&gt;&#xD;
&#xD;
&lt;p&gt;3&#x865F; &#x9032;&#x5165;queue&#x6642;&#x9593;&#x70BA;6&#x5206; &#x524D;&#x4E00;&#x4F4D;&#x670D;&#x52D9;&#x7D50;&#x675F;&#x6642;&#x9593;&#x70BA; 5+10 &#xFF08;&#x524D;&#x9762;&#x958B;&#x59CB;&#x6642;&#x9593;&#xFF0B;&#x670D;&#x52D9;&#x6642;&#x9593;&#xFF09; &#x5247;waiting time&#x70BA; 15 - 6 = 9&#x3002;&lt;/p&gt;&#xD;
&#xD;
&lt;p&gt;4&#x865F; &#x9032;&#x5165;queue&#x6642;&#x9593;&#x70BA;9&#x5206;&amp;nbsp;&#x524D;&#x4E00;&#x4F4D;&#x670D;&#x52D9;&#x7D50;&#x675F;&#x6642;&#x9593;&#x70BA; 15+2&#xFF08;&#x524D;&#x9762;&#x958B;&#x59CB;&#x6642;&#x9593;&#xFF0B;&#x670D;&#x52D9;&#x6642;&#x9593;&#xFF09; &#x5247;waiting time&#x70BA; 17-9 = 8&#x3002;&lt;br /&gt;&#xD;
&lt;br /&gt;&#xD;
&#x5C07;&#x6240;&#x6709;&#x4EBA;&#x7684;waiting time&#x5E73;&#x5747;&#x5F8C;&#x70BA;&#x5E73;&#x5747;&#x7B49;&#x5F85;&#x6642;&#x9593; (0+3+9+8) / 4 = 5&#x3002;&lt;/p&gt;&#xD;
&#xD;
&lt;p&gt;Ans: 5&#x5206;&#x9418;&lt;/p&gt;</content>
  <attach></attach>
  <rcount></rcount>
  <rank></rank>
  <hit>35</hit>
  <lang>1</lang>
</data>
