<?xml version="1.0"?>
<data version="3.0" time="2024-06-30 09:17:04" type="board" filename="list.xml" id="1001162654">
  <board_id>1001162654</board_id>
  <bname>a:5:{s:4:"Big5";s:35:"&#x9650;&#x6642;&#x6436;&#x7B54; 211-215(20240630_copy)";s:6:"GB2312";s:25:"QA 211-215(20240630_copy)";s:2:"en";s:25:"QA 211-215(20240630_copy)";s:6:"EUC-JP";s:15:"(20240630_copy)";s:11:"user_define";s:15:"(20240630_copy)";}</bname>
  <manager>11813</manager>
  <title>&#x64C7;&#x4E00;&#x56DE;&#x7B54;&#xFF0C;&#x9EDE;&#x8B9A;10&#x6B21;&#x6216;3&#x4EBA;&#x7559;&#x597D;&#x8A55;&#x53EF;&#x5F97;QA&#x8A55;&#x5206;&#xFF01;&#xD;
&#x6A19;&#x984C;&#x8A3B;&#x660E;&#x984C;&#x865F;&#x53CA;&#x984C;&#x76EE;&#xFF0C;&#x5167;&#x5BB9;&#x4E0D;&#x5B9C;&#x5C07;&#x76F4;&#x63A5;&#x522A;&#x6587;&#xFF01;&#xD;
211. &#x8209;&#x4F8B;&#x6BD4;&#x8F03;&#x6C23;&#x6CE1;&#x6392;&#x5E8F;&#x548C;&#x9078;&#x64C7;&#x6392;&#x5E8F;&#x7684;&#x8CC7;&#x6599;&#x4EA4;&#x63DB;swap&#x6B21;&#x6578;&#xFF0C;&#x4F55;&#x8005;&#x8F03;&#x591A;&#xFF1F;&#xD;
212. &#x8209;&#x4F8B;&#x8AAA;&#x660E;&#x4F55;&#x6642;&#x63D2;&#x5165;&#x6392;&#x5E8F;&#x7684;&#x8CC7;&#x6599;&#x642C;&#x52D5;&#x6B21;&#x6578;&#x6BD4;&#x5E0C;&#x723E;&#x6392;&#x5E8F;shell sort&#x591A;&#xFF1F;&#xD;
213. &#x8209;&#x4F8B;&#x8AAA;&#x660E;&#x4F55;&#x6642;&#x5E0C;&#x723E;&#x6392;&#x5E8F;&#x7684;&#x8CC7;&#x6599;&#x642C;&#x52D5;&#x6B21;&#x6578;&#x6BD4;&#x63D2;&#x5165;&#x6392;&#x5E8F;&#x591A;&#xFF1F;&#xD;
214. &#x8209;&#x4F8B;&#x8AAA;&#x660E;&#x5408;&#x4F75;&#x6392;&#x5E8F;&#x7684;&#x905E;&#x8FF4;&#x6DF1;&#x5EA6;&#x548C;&#x8CC7;&#x6599;&#x7B46;&#x6578;&#x7684;&#x95DC;&#x4FC2;&#x3002;&#xD;
215. &#x8209;&#x4F8B;&#x8AAA;&#x660E;&#x5FEB;&#x901F;&#x6392;&#x5E8F;&#x7684;&#x905E;&#x8FF4;&#x6DF1;&#x5EA6;&#x6703;&#x53D7;&#x4F55;&#x8005;&#x5F71;&#x97FF;&#x3002;</title>
  <owner_id>10131385</owner_id>
  <open_time>2022-11-29 01:00:00</open_time>
  <close_time>2022-12-13 23:59:00</close_time>
  <share_time>2022-12-27 00:00:00</share_time>
  <switch></switch>
  <with_attach>no</with_attach>
  <vpost>0</vpost>
  <default_order>pt</default_order>
  <post_times>0</post_times>
  <extras></extras>
  <poster>student,assistant,teacher</poster>
  <after_finish></after_finish>
  <fb_comment>N</fb_comment>
  <board>
    <node id="000000001" type="F" data="b000000001.xml"/>
    <node id="000000001000000001" type="F" data="b000000001000000001.xml"/>
    <node id="000000002" type="F" data="b000000002.xml"/>
    <node id="000000002000000001" type="F" data="b000000002000000001.xml"/>
    <node id="000000003" type="F" data="b000000003.xml"/>
    <node id="000000003000000001" type="F" data="b000000003000000001.xml"/>
    <node id="000000004" type="F" data="b000000004.xml"/>
  </board>
  <quint/>
</data>
