<?xml version="1.0"?>
<data version="3.0" time="2024-06-30 09:17:41" type="post" filename="b000000003000000001.xml">
  <open_time>0000-00-00</open_time>
  <close_time>0000-00-00</close_time>
  <lang_name>Big5</lang_name>
  <board_id>1001162656</board_id>
  <node>000000003000000001</node>
  <site>1000110001</site>
  <pt>2023-01-02 17:04:16</pt>
  <poster>11813</poster>
  <realname>&#x5433;&#x5B9C;&#x9D3B;  </realname>
  <email>yhwu@cycu.edu.tw</email>
  <homepage>https://www.researchgate.net/profile/Yi-Hung-Wu-2  </homepage>
  <subject>Re: 226. &#x8209;&#x4F8B;&#x8AAA;&#x660E;&#x5982;&#x4F55;&#x70BA;&#x4E8C;&#x5143;&#x641C;&#x5C0B;&#x6A39;&#x522A;&#x9664;&#x7BC0;&#x9EDE;&#x3002;  </subject>
  <content>&lt;p&gt;Good pictures!&lt;/p&gt;&#xD;
&#xD;
&lt;p&gt;&lt;span style="color:#b22222"&gt;Case 3&#x53EF;&#x80FD;&#x63CF;&#x8FF0;&#x7684;&#x908F;&#x8F2F;&#x4E0D;&#x592A;&#x6E96;&#x78BA;&#x3002;&lt;/span&gt;&lt;/p&gt;&#xD;
&#xD;
&lt;p&gt;&lt;span style="color:#b22222"&gt;&#x6B32;&#x522A;&#x9664;&#x7684;&#x7BC0;&#x9EDE;&#x6709;&#x6709;&#x5DE6;&#x53F3;&#x5B50;&#x6A39;&#xFF0C;&amp;quot;&#x5982;&#x679C;&#x8981;&#x522A;&#x9664;&#x7684;&#x7BC0;&#x9EDE;&#x662F;&#x5728;&#x5DE6;&#x908A;&amp;quot;&#x9019;&#x53E5;&#x8A71;&#x5C31;&#x8A9E;&#x7109;&#x4E0D;&#x8A73;&#x4E86;...&lt;/span&gt;&lt;/p&gt;&#xD;
&#xD;
&lt;p&gt;&lt;font color="#b22222"&gt;&#x5716;&#x4F8B;&#x6B32;&#x522A;&#x9664;150&#xFF0C;&#x5176;&#x5BE6;175&#x6216;125&#x5747;&#x53EF;&#x64C7;&#x4E00;&#x66FF;&#x4EE3;&#x3002;&lt;/font&gt;&lt;/p&gt; </content>
  <attach></attach>
  <rcount></rcount>
  <rank></rank>
  <hit>1</hit>
  <lang>1</lang>
</data>
