<?xml version="1.0"?>
<data version="3.0" time="2024-06-30 09:17:41" type="post" filename="b000000006000000001.xml">
  <open_time>0000-00-00</open_time>
  <close_time>0000-00-00</close_time>
  <lang_name>Big5</lang_name>
  <board_id>1001162656</board_id>
  <node>000000006000000001</node>
  <site>1000110001</site>
  <pt>2023-01-04 15:34:13</pt>
  <poster>11813</poster>
  <realname>&#x5433;&#x5B9C;&#x9D3B;  </realname>
  <email>yhwu@cycu.edu.tw</email>
  <homepage>https://www.researchgate.net/profile/Yi-Hung-Wu-2  </homepage>
  <subject>Re: 226. &#x8209;&#x4F8B;&#x8AAA;&#x660E;&#x5982;&#x4F55;&#x70BA;&#x4E8C;&#x5143;&#x641C;&#x5C0B;&#x6A39;&#x522A;&#x9664;&#x7BC0;&#x9EDE;&#x3002;  </subject>
  <content>&lt;p&gt;Nice!&lt;/p&gt; </content>
  <attach></attach>
  <rcount></rcount>
  <rank></rank>
  <hit>1</hit>
  <lang>1</lang>
</data>
