<?xml version="1.0"?>
<data version="3.0" time="2024-06-30 09:17:41" type="post" filename="b000000004.xml">
  <open_time>0000-00-00</open_time>
  <close_time>0000-00-00</close_time>
  <lang_name>Big5</lang_name>
  <board_id>1001162656</board_id>
  <node>000000004</node>
  <site>1000110001</site>
  <pt>2023-01-03 21:30:14</pt>
  <poster>11027131</poster>
  <realname>&#x674E;&#x8679;&#x6600;  </realname>
  <email>lhy1x37@gmail.com</email>
  <homepage>  </homepage>
  <subject>226. &#x8209;&#x4F8B;&#x8AAA;&#x660E;&#x5982;&#x4F55;&#x70BA;&#x4E8C;&#x5143;&#x641C;&#x5C0B;&#x6A39;&#x522A;&#x9664;&#x7BC0;&#x9EDE;&#x3002; </subject>
  <content>&lt;p&gt;&lt;span style="font-family:&#x65B0;&#x7D30;&#x660E;&#x9AD4;,serif"&gt;&#x8981;&#x522A;&#x9664;&#x7684;&#x7BC0;&#x9EDE;&#x6C92;&#x6709;&#x5B50;&#x7BC0;&#x9EDE;&#xFF1A;&#x76F4;&#x63A5;&#x522A;&#x9664;&#x3002;&lt;/span&gt;Eg.11&lt;/p&gt;&#xD;
&#xD;
&lt;p&gt;&lt;span style="font-family:&#x65B0;&#x7D30;&#x660E;&#x9AD4;,serif"&gt;&#x8981;&#x522A;&#x9664;&#x7684;&#x7BC0;&#x9EDE;&#x6709;&#x4E00;&#x500B;&#x5B50;&#x7BC0;&#x9EDE;&#xFF1A;&#x5148;&#x5C07;&#x5176;&#x7236;&#x7BC0;&#x9EDE;&#x8207;&#x5176;&#x5B50;&#x7BC0;&#x9EDE;&#x76F8;&#x63A5;&#x518D;&#x522A;&#x9664;&#x3002;&lt;/span&gt;Eg.12(9&lt;span style="font-family:&#x65B0;&#x7D30;&#x660E;&#x9AD4;,serif"&gt;&#x8207;&lt;/span&gt;11&lt;span style="font-family:&#x65B0;&#x7D30;&#x660E;&#x9AD4;,serif"&gt;&#x76F8;&#x63A5;&lt;/span&gt;)&lt;/p&gt;&#xD;
&#xD;
&lt;p&gt;&lt;span style="font-family:&#x65B0;&#x7D30;&#x660E;&#x9AD4;,serif"&gt;&#x8981;&#x522A;&#x9664;&#x7684;&#x7BC0;&#x9EDE;&#x6709;&#x5169;&#x500B;&#x5B50;&#x7BC0;&#x9EDE;&#xFF1A;&#x5148;&#x5C07;&#x8981;&#x522A;&#x9664;&#x7684;&#x7BC0;&#x9EDE;&#x8207;&#x5176;&#x5DE6;&#x5B50;&#x6A39;&#x6700;&#x5927;&#x503C;&#x6216;&#x53F3;&#x5B50;&#x6A39;&#x6700;&#x5C0F;&#x503C;&#x4EA4;&#x63DB;&#x518D;&#x522A;&#x9664;&#x3002;&lt;/span&gt;Eg.8(8&lt;span style="font-family:&#x65B0;&#x7D30;&#x660E;&#x9AD4;,serif"&gt;&#x8207;&lt;/span&gt;7&lt;span style="font-family:&#x65B0;&#x7D30;&#x660E;&#x9AD4;,serif"&gt;&#x6216;&lt;/span&gt;9&lt;span style="font-family:&#x65B0;&#x7D30;&#x660E;&#x9AD4;,serif"&gt;&#x4EA4;&#x63DB;&lt;/span&gt;)&lt;/p&gt;&#xD;
&#xD;
&lt;p&gt;&lt;img alt="" src="/user/1/1/11027131/images/%E5%9C%96%E7%89%871.jpg" style="height:283px; width:331px" /&gt;&lt;/p&gt; </content>
  <attach></attach>
  <rcount></rcount>
  <rank></rank>
  <hit>13</hit>
  <lang>1</lang>
</data>
