<?xml version="1.0"?>
<data version="3.0" time="2024-06-30 09:17:41" type="post" filename="b000000001000000001.xml">
  <open_time>0000-00-00</open_time>
  <close_time>0000-00-00</close_time>
  <lang_name>Big5</lang_name>
  <board_id>1001162656</board_id>
  <node>000000001000000001</node>
  <site>1000110001</site>
  <pt>2022-12-26 11:20:13</pt>
  <poster>11813</poster>
  <realname>&#x5433;&#x5B9C;&#x9D3B;  </realname>
  <email>yhwu@cycu.edu.tw</email>
  <homepage>https://www.researchgate.net/profile/Yi-Hung-Wu-2  </homepage>
  <subject>Re: 229. &#x8209;&#x4F8B;&#x89E3;&#x8AAA;&#x5806;&#x7A4D;&#x6392;&#x5E8F;heap sort&#x662F;&#x5426;&#x7A69;&#x5B9A;&#x6392;&#x5E8F;&#x3002;  </subject>
  <content>&lt;p&gt;&#x4F8B;&#x5B50;OK&#xFF0C;&#x53EA;&#x662F;&#x6587;&#x5B57;&#x6558;&#x8FF0;&#x4E0D;&#x592A;&#x7CBE;&#x78BA;&#xFF1B;&#x5F9E;&amp;quot;20a &#x88AB;&#x522A;&#x9664;&#x4E26;&#x653E;&#x7F6E;&#x5728;&lt;span style="color:#ff0000"&gt;&#x6700;&#x5F8C;&#x4E00;&#x500B;&#x7D22;&#x5F15;&lt;/span&gt;&#x4E2D;...&amp;quot; &#x958B;&#x59CB;&#x5C31;&#x6709;&#x4E9B;&#x6DF7;&#x6DC6;&#xFF0C;&#x5168;&#x90FD;&#x662F;&lt;span style="color:#ff0000"&gt;&#x6700;&#x5F8C;&#x4E00;&#x500B;&#x7D22;&#x5F15;&lt;/span&gt;&#xFF1F;&lt;/p&gt; </content>
  <attach></attach>
  <rcount></rcount>
  <rank></rank>
  <hit>1</hit>
  <lang>1</lang>
</data>
