<?xml version="1.0"?>
<data version="3.0" time="2024-06-30 09:17:41" type="post" filename="b000000006.xml">
  <open_time>0000-00-00</open_time>
  <close_time>0000-00-00</close_time>
  <lang_name>Big5</lang_name>
  <board_id>1001162656</board_id>
  <node>000000006</node>
  <site>1000110001</site>
  <pt>2023-01-03 22:21:18</pt>
  <poster>11027144</poster>
  <realname>&#x9673;&#x4F73;&#x97F3;  </realname>
  <email>crechessiissii@gmail.com</email>
  <homepage>  </homepage>
  <subject>226. &#x8209;&#x4F8B;&#x8AAA;&#x660E;&#x5982;&#x4F55;&#x70BA;&#x4E8C;&#x5143;&#x641C;&#x5C0B;&#x6A39;&#x522A;&#x9664;&#x7BC0;&#x9EDE;&#x3002; </subject>
  <content>&lt;p&gt;&lt;img alt="" src="/user/1/1/11027144/images/00000.png" style="height:125px; width:150px" /&gt;&lt;/p&gt;&#xD;
&#xD;
&lt;p&gt;&#x9032;&#x884C;&#x522A;&#x9664;&#x6642;&#x6703;&#x78B0;&#x5230;&#x4EE5;&#x4E0B;&#x5E7E;&#x7A2E;&#x60C5;&#x6CC1;&#xFF1A;&lt;/p&gt;&#xD;
&#xD;
&lt;p&gt;1. &#x8981;&#x522A;&#x9664;&#x7684;&#x7BC0;&#x9EDE;&#x6C92;&#x6709;&#x5B50;&#x7BC0;&#x9EDE;&#xFF0C;&#x5373;&#x8981;&#x522A;&#x9664;&#x7684;&#x70BA;&#x8449;&#x7BC0;&#x9EDE;&#xFF0C;&#x76F4;&#x63A5;&#x5C07;&#x8A72;&#x7BC0;&#x9EDE;&#x522A;&#x9664;&#x3002;&lt;/p&gt;&#xD;
&#xD;
&lt;p&gt;&lt;img alt="" src="/user/1/1/11027144/images/111111.png" style="height:125px; width:150px" /&gt;&lt;/p&gt;&#xD;
&#xD;
&lt;p&gt;2. &#x8981;&#x522A;&#x9664;&#x7684;&#x7BC0;&#x9EDE;&#x6709;&#x4E00;&#x500B;&#x5B50;&#x7BC0;&#x9EDE;&#xFF0C;&#x5C31;&#x7528;&#x5B50;&#x7BC0;&#x9EDE;&#x88DC;&#x4F4D;&#xFF0C;&#x4E5F;&#x5C31;&#x662F;&#x522A;&#x9664;&#x8A72;&#x7BC0;&#x9EDE;&#x4E14;&#x8B93;&#x8A72;&#x7BC0;&#x9EDE;&#x7684;&#x7236;&#x7BC0;&#x9EDE;&#x8207;&#x5B50;&#x7BC0;&#x9EDE;&#x76F8;&#x63A5;&#x3002;&lt;/p&gt;&#xD;
&#xD;
&lt;p&gt;&lt;img alt="" src="/user/1/1/11027144/images/222222.png" style="height:125px; width:150px" /&gt;&lt;/p&gt;&#xD;
&#xD;
&lt;p&gt;3.&#x8981;&#x522A;&#x9664;&#x7684;&#x7BC0;&#x9EDE;&#x6709;&#x5169;&#x500B;&#x5B50;&#x7BC0;&#x9EDE;&#xFF0C;&#x8981;&#x627E;&#x6BD4;&#x8A72;&#x7BC0;&#x9EDE;&#x5C0F;&#x7684;&#x6700;&#x5927;&#x7BC0;&#x9EDE;&#x6216;&#x6BD4;&#x8A72;&#x7BC0;&#x9EDE;&#x5927;&#x7684;&#x6700;&#x5C0F;&#x7BC0;&#x9EDE;&#xFF0C;&#x5373;&#x627E;&#x5DE6;&#x5B50;&#x6A39;&#x6700;&#x5927;&#x503C;&#x6216;&#x662F;&#x53F3;&#x5B50;&#x6A39;&#x6700;&#x5C0F;&#x503C;&#x505A;&#x70BA;&#x53D6;&#x4EE3;&#x9EDE;&#xFF0C;&#x9078;&#x5176;&#x4E2D;&#x4E00;&#x500B;&#x548C;&#x8981;&#x522A;&#x9664;&#x7684;&#x7BC0;&#x9EDE;&#x4EA4;&#x63DB;&#x4E26;&#x522A;&#x9664;&#x5F85;&#x522A;&#x7BC0;&#x9EDE;&#x3002;&lt;/p&gt;&#xD;
&#xD;
&lt;p&gt;&lt;img alt="" src="/user/1/1/11027144/images/333333.png" style="height:125px; width:150px" /&gt;&lt;/p&gt; </content>
  <attach></attach>
  <rcount></rcount>
  <rank></rank>
  <hit>10</hit>
  <lang>1</lang>
</data>
