<?xml version="1.0"?>
<data version="3.0" time="2024-06-30 09:17:41" type="post" filename="b000000007.xml">
  <open_time>0000-00-00</open_time>
  <close_time>0000-00-00</close_time>
  <lang_name>Big5</lang_name>
  <board_id>1001162656</board_id>
  <node>000000007</node>
  <site>1000110001</site>
  <pt>2023-01-04 15:43:37</pt>
  <poster>11813</poster>
  <realname>&#x5433;&#x5B9C;&#x9D3B;  </realname>
  <email>yhwu@cycu.edu.tw</email>
  <homepage>https://www.researchgate.net/profile/Yi-Hung-Wu-2  </homepage>
  <subject>&#x5DF2;&#x767B;&#x8A18;&#x8A55;&#x5206; </subject>
  <content>&lt;p&gt;&#x5982;&#x984C;&#x3002;&lt;/p&gt;&#xD;
&#xD;
&lt;p&gt;&#x5171;6&#x4F4D;&#x540C;&#x5B78;&#x4F5C;&#x7B54;&#x3002;&lt;/p&gt; </content>
  <attach></attach>
  <rcount></rcount>
  <rank></rank>
  <hit>4</hit>
  <lang>1</lang>
</data>
