<?xml version="1.0"?>
<data version="3.0" time="2024-06-30 09:12:58" type="post" filename="b000000008.xml">
  <open_time>0000-00-00</open_time>
  <close_time>0000-00-00</close_time>
  <lang_name>Big5</lang_name>
  <board_id>1001296424</board_id>
  <node>000000008</node>
  <site>1000110001</site>
  <pt>2023-12-06 23:51:50</pt>
  <poster>11127122</poster>
  <realname>&#x80E1;&#x6C9B;&#x980E;  </realname>
  <email>123456789paige26@gmail.com</email>
  <homepage> </homepage>
  <subject>208 </subject>
  <content>&lt;p&gt;&lt;span style="font-size:14px"&gt;&lt;strong&gt;208. &#x64B0;&#x5BEB;&#x7A0B;&#x5F0F;&#x78BC;&#x6307;&#x51FA;&#x5F71;&#x97FF;&#x6C23;&#x6CE1;&#x6392;&#x5E8F;&#x662F;&#x5426;&#x7A69;&#x5B9A;stable&#x7684;&#x95DC;&#x9375;&#x6307;&#x4EE4;&#x3002;&lt;/strong&gt;&lt;/span&gt;&lt;/p&gt;&#xD;
&#xD;
&lt;p&gt;&lt;span style="font-size:12px"&gt;&#x521D;&#x59CB;&#x689D;&#x4EF6;: A&#x70BA;&#x9808;&#x6392;&#x5E8F;&#x7684;&#x7269;&#x4EF6;&#x4E32;&#x5217;&#xFF0C;n&#x70BA;&#x4E32;&#x5217;&#x4E2D;&#x5143;&#x7D20;&#x7684;&#x6578;&#x91CF;&lt;/span&gt;&lt;/p&gt;&#xD;
&#xD;
&lt;p&gt;&lt;span style="font-size:12px"&gt;void&amp;nbsp; swap( int a, int b )&amp;nbsp; {&lt;/span&gt;&lt;/p&gt;&#xD;
&#xD;
&lt;p&gt;&lt;span style="font-size:12px"&gt;&amp;nbsp; temp = A[a] ;&lt;/span&gt;&lt;/p&gt;&#xD;
&#xD;
&lt;p&gt;&lt;span style="font-size:12px"&gt;&amp;nbsp; A[a] = A[b]&lt;/span&gt;&lt;/p&gt;&#xD;
&#xD;
&lt;p&gt;&lt;span style="font-size:12px"&gt;&amp;nbsp; A[b] = temp ;&lt;/span&gt;&lt;/p&gt;&#xD;
&#xD;
&lt;p&gt;&lt;span style="font-size:12px"&gt;} // swap()&lt;/span&gt;&lt;/p&gt;&#xD;
&#xD;
&lt;p&gt;&lt;span style="font-size:10.5000pt"&gt;&lt;span style="font-family:&#x65B0;&#x7D30;&#x660E;&#x9AD4;"&gt;&lt;span style="font-family:Calibri"&gt;for &amp;nbsp;( &amp;nbsp;int &amp;nbsp;pass &amp;nbsp;= &amp;nbsp;1 &amp;nbsp;; &amp;nbsp;pass &amp;nbsp;&amp;lt; &amp;nbsp;n &amp;nbsp;; &amp;nbsp;pass++ &amp;nbsp;) &amp;nbsp;{&lt;/span&gt;&lt;/span&gt;&lt;/span&gt;&lt;/p&gt;&#xD;
&#xD;
&lt;p&gt;&lt;span style="font-size:10.5000pt"&gt;&lt;span style="font-family:&#x65B0;&#x7D30;&#x660E;&#x9AD4;"&gt;&amp;nbsp; &amp;nbsp; &amp;nbsp; &amp;nbsp;&lt;span style="font-family:Calibri"&gt;for &amp;nbsp;( &amp;nbsp;int &amp;nbsp;index &amp;nbsp;= &amp;nbsp;0 &amp;nbsp;; &amp;nbsp;index &amp;nbsp;&amp;lt; &amp;nbsp;n &amp;nbsp;- &amp;nbsp;pass &amp;nbsp;; &amp;nbsp;index++ &amp;nbsp;) &amp;nbsp;{ &amp;nbsp;&lt;/span&gt;&lt;/span&gt;&lt;/span&gt;&lt;/p&gt;&#xD;
&#xD;
&lt;p&gt;&lt;span style="font-size:10.5000pt"&gt;&lt;span style="font-family:&#x65B0;&#x7D30;&#x660E;&#x9AD4;"&gt;&amp;nbsp; &amp;nbsp; &amp;nbsp; &amp;nbsp; &amp;nbsp; &amp;nbsp; &amp;nbsp;&amp;nbsp;&lt;span style="font-family:Calibri"&gt;If &amp;nbsp;( &amp;nbsp;A[index] &amp;nbsp;&amp;gt; &amp;nbsp;A[index+1] &amp;nbsp;)&amp;nbsp; // &#x6B64;&#x70BA;&#x95DC;&#x9375;&#x6307;&#x4EE4;&lt;/span&gt;&lt;/span&gt;&lt;/span&gt;&lt;/p&gt;&#xD;
&#xD;
&lt;p&gt;&lt;span style="font-size:10.5000pt"&gt;&lt;span style="font-family:&#x65B0;&#x7D30;&#x660E;&#x9AD4;"&gt;&amp;nbsp; &amp;nbsp; &amp;nbsp; &amp;nbsp; &amp;nbsp; &amp;nbsp; &amp;nbsp; &amp;nbsp; &amp;nbsp; &amp;nbsp;&amp;nbsp;&lt;span style="font-family:Calibri"&gt;swap(&amp;nbsp; index,&amp;nbsp; index+1&amp;nbsp;) ;&lt;/span&gt;&lt;/span&gt;&lt;/span&gt;&lt;/p&gt;&#xD;
&#xD;
&lt;p&gt;&lt;span style="font-size:10.5000pt"&gt;&lt;span style="font-family:&#x65B0;&#x7D30;&#x660E;&#x9AD4;"&gt;&amp;nbsp; &amp;nbsp; &amp;nbsp; &amp;nbsp;&amp;nbsp;&lt;span style="font-family:Calibri"&gt;} &amp;nbsp;// &amp;nbsp;for() &lt;/span&gt;&lt;/span&gt;&lt;/span&gt;&lt;/p&gt;&#xD;
&#xD;
&lt;p&gt;&lt;span style="font-size:10.5000pt"&gt;&lt;span style="font-family:&#x65B0;&#x7D30;&#x660E;&#x9AD4;"&gt;&lt;span style="font-family:Calibri"&gt;} &amp;nbsp;// &amp;nbsp;for()&lt;/span&gt;&lt;/span&gt;&lt;/span&gt;&lt;/p&gt;&#xD;
&#xD;
&lt;p&gt;&lt;span style="font-size:10.5000pt"&gt;&lt;span style="font-family:&#x65B0;&#x7D30;&#x660E;&#x9AD4;"&gt;&amp;nbsp;&amp;nbsp;&lt;span style="font-family:Calibri"&gt;If &amp;nbsp;( &amp;nbsp;A[index] &amp;nbsp;&amp;gt; &amp;nbsp;A[index+1] &amp;nbsp;)&amp;nbsp; &#x70BA;&#x95DC;&#x9375;&#x6307;&#x4EE4;&#xFF0C;&#x4E0D;&#x7528;&amp;gt;=&#x800C;&#x7528;&amp;gt;&#xFF0C;&#x6703;&#x4F7F;&#x5F97;&#x82E5;&#x5169;&#x8005;&#x503C;&#x76F8;&#x7B49;&#x7684;&#x6642;&#x5019;&#xFF0C;&#x4E26;&#x4E0D;&#x6703;&#x9032;&#x884C;&#x4EA4;&#x63DB;&#xFF0C;&#x6545;&#x539F;&#x4F86;&#x7684;&#x9806;&#x5E8F;&#x6703;&#x88AB;&#x4FDD;&#x5B58;&#x3002;&#x800C;&#x6B64;&#x6642;&#x6C23;&#x6CE1;&#x6392;&#x5E8F;&#x6CD5;&#x70BA;stable&#x3002;&lt;/span&gt;&lt;/span&gt;&lt;/span&gt;&lt;/p&gt;</content>
  <attach></attach>
  <rcount></rcount>
  <rank></rank>
  <hit>12</hit>
  <lang>1</lang>
</data>
