<?xml version="1.0"?>
<data version="3.0" time="2024-06-30 09:12:58" type="post" filename="b000000007.xml">
  <open_time>0000-00-00</open_time>
  <close_time>0000-00-00</close_time>
  <lang_name>Big5</lang_name>
  <board_id>1001296424</board_id>
  <node>000000007</node>
  <site>1000110001</site>
  <pt>2023-12-03 12:58:31</pt>
  <poster>11127133</poster>
  <realname>&#x9673;&#x4E59;&#x83C1;  </realname>
  <email>fiona99107@gmail.com</email>
  <homepage> </homepage>
  <subject>206 </subject>
  <content>&lt;p&gt;206. &#x64B0;&#x5BEB;&#x7A0B;&#x5F0F;&#x78BC;&#x8AAA;&#x660E;&#x6C23;&#x6CE1;&#x6392;&#x5E8F;bubble sort&#x5982;&#x4F55;&#x63D0;&#x65E9;&#x7D50;&#x675F;&#x57F7;&#x884C;&#x3002;&lt;br /&gt;&#xD;
void bubbleSort(int A[], int n ){&lt;/p&gt;&#xD;
&#xD;
&lt;p&gt;&amp;nbsp; &amp;nbsp; bool sorted = False ;&lt;/p&gt;&#xD;
&#xD;
&lt;p&gt;&amp;nbsp; &amp;nbsp; for(pass = 1; pass &amp;lt;n &amp;amp;&amp;amp; != sorted; ++pass){&lt;/p&gt;&#xD;
&#xD;
&lt;p&gt;&amp;nbsp; &amp;nbsp; &amp;nbsp; &amp;nbsp; sorted = TRUE;&lt;/p&gt;&#xD;
&#xD;
&lt;p&gt;&amp;nbsp; &amp;nbsp; &amp;nbsp; &amp;nbsp; for(int index = 0; index &amp;lt; n-pass; index++){&lt;/p&gt;&#xD;
&#xD;
&lt;p&gt;&amp;nbsp; &amp;nbsp; &amp;nbsp; &amp;nbsp; &amp;nbsp; &amp;nbsp; if(A[index]&amp;gt; A[index+1]){&lt;/p&gt;&#xD;
&#xD;
&lt;p&gt;&amp;nbsp; &amp;nbsp; &amp;nbsp; &amp;nbsp; &amp;nbsp; &amp;nbsp; &amp;nbsp; &amp;nbsp; swap(A[index], A[index+1]);&lt;/p&gt;&#xD;
&#xD;
&lt;p&gt;&amp;nbsp; &amp;nbsp; &amp;nbsp; &amp;nbsp; &amp;nbsp; &amp;nbsp; &amp;nbsp; &amp;nbsp; sorted = FALSE;&lt;/p&gt;&#xD;
&#xD;
&lt;p&gt;&amp;nbsp; &amp;nbsp; &amp;nbsp; &amp;nbsp; &amp;nbsp; &amp;nbsp; }&lt;/p&gt;&#xD;
&#xD;
&lt;p&gt;&amp;nbsp; &amp;nbsp; &amp;nbsp; &amp;nbsp; }&lt;/p&gt;&#xD;
&#xD;
&lt;p&gt;&amp;nbsp; &amp;nbsp; }&lt;/p&gt;&#xD;
&#xD;
&lt;p&gt;}&lt;/p&gt;&#xD;
&#xD;
&lt;p&gt;&#x591A;&#x52A0;&#x4E00;&#x500B;bool&#x503C;&#x53BB;&#x5224;&#x65B7;&#x662F;&#x5426;&#x6392;&#x597D;&#x5E8F;&#xFF0C;&#x53EA;&#x8981;&#x6709;&#x4E00;&#x6B21;&#x4EA4;&#x63DB;&#x5C31;&#x628A;bool&#x503C;&#x6539;&#x6210;false&#x3002;&#x7576;&#x8CC7;&#x6599;&#x91CF;&#x5927;&#x6642;&#xFF0C;&#x539F;&#x6642;&#x9593;&#x8907;&#x96DC;&#x5EA6;O(n&lt;sup&gt;2&lt;/sup&gt;)&#x80FD;&#x8B8A;&#x6210;O(n)&#x3002;&lt;/p&gt;</content>
  <attach></attach>
  <rcount></rcount>
  <rank></rank>
  <hit>13</hit>
  <lang>1</lang>
</data>
