<?xml version="1.0"?>
<data version="3.0" time="2024-06-30 09:12:58" type="post" filename="b000000003.xml">
  <open_time>0000-00-00</open_time>
  <close_time>0000-00-00</close_time>
  <lang_name>Big5</lang_name>
  <board_id>1001296424</board_id>
  <node>000000003</node>
  <site>1000110001</site>
  <pt>2023-11-22 13:29:19</pt>
  <poster>10727160</poster>
  <realname>&#x90B1;&#x4E16;&#x946B;  </realname>
  <email>coobazeus@gmail.com</email>
  <homepage>  </homepage>
  <subject>207 </subject>
  <content>&lt;p&gt;&lt;span style="font-size:14px"&gt;&lt;strong&gt;207. &#x8209;&#x4F8B;&#x89E3;&#x8AAA;&#x9078;&#x64C7;&#x6392;&#x5E8F;selection sort&#x4E26;&#x975E;&#x7A69;&#x5B9A;stable&#x7684;&#x6392;&#x5E8F;&#x65B9;&#x6CD5;&#x3002;&lt;/strong&gt;&lt;/span&gt;&lt;/p&gt;&#xD;
&#xD;
&lt;p&gt;&#x4E0D;&#x7A69;&#x5B9A;&#x6392;&#x5E8F;&#xFF1A;&#x5982;&#x679C;&#x9375;&#x503C;&#x76F8;&#x540C;&#x4E4B;&#x8CC7;&#x6599;&#xFF0C;&#x5728;&#x6392;&#x5E8F;&#x5F8C;&#x76F8;&#x5C0D;&#x4F4D;&#x7F6E;&#x8207;&#x6392;&#x5E8F;&#x524D;&#x4E0D;&#x76F8;&#x540C;&#x6642;&#xFF0C;&#x7A31;&#x4E0D;&#x7A69;&#x5B9A;&#x6392;&#x5E8F;&#x3002;&lt;/p&gt;&#xD;
&#xD;
&lt;p&gt;Selection Sort&#xFF1A;&#x904D;&#x6B77;&#x6574;&#x500B;&#x9663;&#x5217;&#xFF0C;&#x6BCF;&#x6B21;&#x9078;&#x51FA;&#x6700;&#x5C0F;&#x7684;&#x5143;&#x7D20;&#x4E26;&#x8207;&#x9663;&#x5217;&#x7684;&#x524D;&#x7AEF;&#x4EA4;&#x63DB;&#x3002;&#x4EA4;&#x63DB;&#x5F8C;&#x9010;&#x6B65;&#x7E2E;&#x5C0F;&#x9700;&#x8981;&#x904D;&#x6B77;&#x7684;&#x9577;&#x5EA6;&#xFF0C;&#x5F62;&#x6210;&#x9663;&#x5217;&#x524D;&#x7AEF;&#x662F;&#x5DF2;&#x6392;&#x5E8F;&#x7684;&#x5143;&#x7D20;&#xFF1B;&#x672B;&#x7AEF;&#x662F;&#x672A;&#x6392;&#x5E8F;&#x7684;&#x5143;&#x7D20;&#x3002;&lt;/p&gt;&#xD;
&#xD;
&lt;p&gt;&#x82E5;&#x73FE;&#x5728;&#x6709;&#x4E00;&#x6392;&#x6578;&#x5B57;&#x5982; { 6, 7, 5, 4, 6, 3 }&#xFF0C;&#x5176;&#x4E2D;&#x6709;&#x5169;&#x500B; 6 &#x5206;&#x5225;&#x5728;&#x958B;&#x982D;&#x548C;&#x4E2D;&#x9593;&#x3002;&lt;/p&gt;&#xD;
&#xD;
&lt;p&gt;&#x7576;&#x7B2C;&#x4E00;&#x6B21;&#x9032;&#x884C;&#x9078;&#x64C7;&#x6392;&#x5E8F;&#x6642;&#xFF0C;&#x767C;&#x73FE; 3&amp;nbsp;&#x662F;&#x6700;&#x5C0F;&#x7684;&#x6578;&#x5B57;&#xFF0C;&#x4E26;&#x628A; 3 &#x548C;&#x76EE;&#x524D;&#x6392;&#x5728;&#x7B2C;&#x4E00;&#x4F4D;&#x7684; 6 &#x4EA4;&#x63DB;&#x4F4D;&#x7F6E;&lt;/p&gt;&#xD;
&#xD;
&lt;p&gt;&#x5C0E;&#x81F4;&#x539F;&#x672C;&#x6392;&#x5728;&#x524D;&#x9762;&#x7684; 6&amp;nbsp;&#x5C31;&#x88AB;&#x79FB;&#x52D5;&#x5230;&#x5F8C;&#x9762;&#x3002;&#x7834;&#x58DE;&#x4E86;&#x5169;&#x500B; 6 &#x6392;&#x5E8F;&#x524D;&#x7684;&#x76F8;&#x5C0D;&#x4F4D;&#x7F6E;&#xFF0C;&#x6240;&#x4EE5;&#x5B83;&#x662F;&#x4E0D;&#x7A69;&#x5B9A;&#x7684;&#x6392;&#x5E8F;&#x6CD5;&lt;/p&gt; </content>
  <attach></attach>
  <rcount></rcount>
  <rank></rank>
  <hit>16</hit>
  <lang>1</lang>
</data>
