<?xml version="1.0"?>
<data version="3.0" time="2024-06-30 09:16:23" type="post" filename="b000000011.xml">
  <open_time>0000-00-00</open_time>
  <close_time>0000-00-00</close_time>
  <lang_name>Big5</lang_name>
  <board_id>1001162651</board_id>
  <node>000000011</node>
  <site>1000110001</site>
  <pt>2022-10-28 19:32:43</pt>
  <poster>11027147</poster>
  <realname>&#x90B1;&#x5CFB;&#x5F65;  </realname>
  <email>jim97503@gmail.com</email>
  <homepage>  </homepage>
  <subject>126. + * 2 4 6 * - 7 5&#x662F;&#x524D;&#x5E8F;&#x5F0F;&#x55CE;&#xFF1F;&#x70BA;&#x4EC0;&#x9EBC;&#xFF1F; </subject>
  <content>&lt;p&gt;+ * 2 4 6 * - 7 5&#x4E0D;&#x662F;&#x524D;&#x5E8F;&#x5F0F;&lt;/p&gt;&#xD;
&#xD;
&lt;p&gt;&#x56E0;&#x70BA;&#x6211;&#x5011;&#x53EF;&#x4EE5;&#x900F;&#x904E;&#x6578;&#x5B78;&#x6B78;&#x7D0D;&#x6CD5;&#x5F97;&#x77E5;&#x524D;&#x5E8F;&#x5F0F;&#x52A0;&#x4E0A;&#x4EFB;&#x4F55;&#x5B57;&#x4E32;&#x5C31;&#x4E0D;&#x6703;&#x70BA;&#x524D;&#x5E8F;&#x5F0F;&#xFF0C;&#x5728;&#x6B64;&#x4F8B;&#x4E2D;&#x53EF;&#x4EE5;&#x900F;&#x904E;&lt;/p&gt;&#xD;
&#xD;
&lt;p&gt;&amp;lt;prefix&amp;gt; =&amp;nbsp; &amp;lt;number&amp;gt; | &amp;lt;operator&amp;gt;&amp;lt;prefix&amp;gt;&amp;lt;prefix&amp;gt;&lt;/p&gt;&#xD;
&#xD;
&lt;p&gt;&amp;lt;operator&amp;gt; = + | - | * | /&lt;/p&gt;&#xD;
&#xD;
&lt;p&gt;&amp;lt;number&amp;gt; = &amp;lt;dight&amp;gt; |&amp;nbsp;&amp;lt;number&amp;gt;&amp;lt;dight&amp;gt;&lt;/p&gt;&#xD;
&#xD;
&lt;p&gt;&amp;lt;dight&amp;gt; = 1 | 2 | ... | 9&lt;/p&gt;&#xD;
&#xD;
&lt;p&gt;&#x7A0B;&#x5F0F;&#x5F97;&#x51FA;+ * 2 4 6&#x70BA;&#x984C;&#x76EE;&#x5B57;&#x4E32;&#x7684;&#x6700;&#x9577;&#x524D;&#x5E8F;&#x5F0F;&#xFF0C;&#x56E0;&#x6B64;&#x5728;&#x5176;&#x5F8C;&#x52A0;&#x4E0A;&#x7684;* - 7 5&#x6B64;&#x5B57;&#x4E32;&#x5C31;&#x6703;&#x4F7F;&#x5F97;+ * 2 4 6 * - 7 5&#x4E0D;&#x6703;&#x70BA;&#x524D;&#x5E8F;&#x5F0F;&#x3002;&lt;/p&gt; </content>
  <attach></attach>
  <rcount></rcount>
  <rank></rank>
  <hit>37</hit>
  <lang>1</lang>
</data>
