<?xml version="1.0"?>
<data version="3.0" time="2024-06-30 09:16:23" type="post" filename="b000000014000000003.xml">
  <open_time>0000-00-00</open_time>
  <close_time>0000-00-00</close_time>
  <lang_name>Big5</lang_name>
  <board_id>1001162651</board_id>
  <node>000000014000000003</node>
  <site>1000110001</site>
  <pt>2022-11-01 00:08:39</pt>
  <poster>11027128</poster>
  <realname>&#x6881;&#x82B7;&#x83D8;  </realname>
  <email>candy20030812@gmail.com</email>
  <homepage>  </homepage>
  <subject>Re: 126. + * 2 4 6 * - 7 5&#x662F;&#x524D;&#x5E8F;&#x5F0F;&#x55CE;&#xFF1F;&#x70BA;&#x4EC0;&#x9EBC;&#xFF1F;  </subject>
  <content>&lt;p&gt;&#x5BEB;&#x5F97;&#x5F88;&#x660E;&#x767D;&#x3001;&#x6DFA;&#x986F;&#x6613;&#x61C2;&#xFF01;&#x8B9A;&#x1F44D;&#x1F3FB;&lt;/p&gt; </content>
  <attach></attach>
  <rcount></rcount>
  <rank></rank>
  <hit>1</hit>
  <lang>1</lang>
</data>
