<?xml version="1.0"?>
<data version="3.0" time="2024-06-30 09:16:23" type="post" filename="b000000014.xml">
  <open_time>0000-00-00</open_time>
  <close_time>0000-00-00</close_time>
  <lang_name>Big5</lang_name>
  <board_id>1001162651</board_id>
  <node>000000014</node>
  <site>1000110001</site>
  <pt>2022-10-31 22:05:46</pt>
  <poster>11027161</poster>
  <realname>&#x9EA5;&#x52A0;&#x6977;  </realname>
  <email>a0909661385@gmail.com</email>
  <homepage>  </homepage>
  <subject>126. + * 2 4 6 * - 7 5&#x662F;&#x524D;&#x5E8F;&#x5F0F;&#x55CE;&#xFF1F;&#x70BA;&#x4EC0;&#x9EBC;&#xFF1F; </subject>
  <content>&lt;p&gt;&lt;span style="font-family:&#x65B0;&#x7D30;&#x660E;&#x9AD4;,serif"&gt;&#x4E0D;&#x662F;&lt;/span&gt;&lt;/p&gt;&#xD;
&#xD;
&lt;p&gt;&lt;span style="font-family:&#x65B0;&#x7D30;&#x660E;&#x9AD4;,serif"&gt;&#x6211;&#x5011;&#x53EF;&#x4EE5;&#x7C21;&#x55AE;&#x904B;&#x7B97;&#x5F8C;&#x5F97;&#x77E5;&lt;/span&gt; &lt;span style="font-family:&#x65B0;&#x7D30;&#x660E;&#x9AD4;,serif"&gt;&#x5148;&#x5F9E;&#x53F3;&#x908A;&#x5F80;&#x5DE6;&#x908A;&#x627E;&#x9023;&#x7E8C;&#x5169;&#x500B;&#x904B;&#x7B97;&#x5143;&#x548C;&#x4E00;&#x500B;&#x904B;&#x7B97;&#x5B50;&lt;/span&gt;&lt;/p&gt;&#xD;
&#xD;
&lt;p&gt;&lt;span style="font-family:&#x65B0;&#x7D30;&#x660E;&#x9AD4;,serif"&gt;&#x5F97;&#x5230;&lt;/span&gt;&lt;span style="font-family:Calibri Light,sans-serif"&gt;- 7 5 &lt;/span&gt;&lt;/p&gt;&#xD;
&#xD;
&lt;p&gt;&lt;span style="font-family:Calibri Light,sans-serif"&gt;&amp;nbsp;- 7 5&lt;/span&gt;&lt;span style="font-family:&#x65B0;&#x7D30;&#x660E;&#x9AD4;,serif"&gt;&#x505A;&#x904B;&#x7B97;&#x5F8C;&amp;nbsp;&amp;nbsp;&lt;/span&gt;&lt;span style="font-family:Calibri Light,sans-serif"&gt;7 - 5=2 &lt;/span&gt;&lt;span style="font-family:&#x65B0;&#x7D30;&#x660E;&#x9AD4;,serif"&gt;&#x539F;&#x5F0F;&#x8B8A;&lt;/span&gt;&lt;span style="font-family:Calibri Light,sans-serif"&gt;+ * 2 4 6 * 2 &lt;/span&gt;&lt;span style="font-family:&#x65B0;&#x7D30;&#x660E;&#x9AD4;,serif"&gt;&#x9019;&#x88E1;&#x5C31;&#x53EF;&#x4EE5;&#x5F97;&#x77E5;&#x4E0D;&#x662F;&lt;/span&gt; &lt;span style="font-family:&#x65B0;&#x7D30;&#x660E;&#x9AD4;,serif"&gt;&#x56E0;&#x70BA;&#x7576;&#x6211;&#x5011;&#x60F3;&#x8981;&#x7E7C;&#x7E8C;&#x505A;&#x904B;&#x7B97;&#x6642;&lt;/span&gt; &lt;span style="font-family:&#x65B0;&#x7D30;&#x660E;&#x9AD4;,serif"&gt;&#x6700;&#x53F3;&#x908A;&#x7684;&lt;/span&gt;&lt;span style="font-family:Calibri Light,sans-serif"&gt;2&lt;/span&gt;&lt;span style="font-family:&#x65B0;&#x7D30;&#x660E;&#x9AD4;,serif"&gt;&#x5C07;&#x7121;&#x6CD5;&#x627E;&#x5230;&#x53E6;&#x4E00;&#x500B;&#x904B;&#x7B97;&#x5143;&#x8207;&#x4E4B;&#x914D;&#x5C0D;&#x5F62;&#x6210;&#x524D;&#x5E8F;&#x5F0F;&#x7684;&#x8868;&#x6CD5;&lt;/span&gt; &lt;span style="font-family:&#x65B0;&#x7D30;&#x660E;&#x9AD4;,serif"&gt;&#x904B;&#x7B97;&#x5B50;&lt;/span&gt; &lt;span style="font-family:&#x65B0;&#x7D30;&#x660E;&#x9AD4;,serif"&gt;&#x904B;&#x7B97;&#x5143;&lt;/span&gt; &lt;span style="font-family:&#x65B0;&#x7D30;&#x660E;&#x9AD4;,serif"&gt;&#x904B;&#x7B97;&#x5143;&lt;/span&gt; &lt;span style="font-family:&#x65B0;&#x7D30;&#x660E;&#x9AD4;,serif"&gt;&#x6240;&#x4EE5;&#x6B64;&#x5F0F;&#x4E0D;&#x662F;&#x524D;&#x5E8F;&#x5F0F;&lt;/span&gt;&lt;/p&gt; </content>
  <attach></attach>
  <rcount></rcount>
  <rank></rank>
  <hit>28</hit>
  <lang>1</lang>
</data>
