<?xml version="1.0"?>
<data version="3.0" time="2024-06-30 09:16:23" type="post" filename="b000000007.xml">
  <open_time>0000-00-00</open_time>
  <close_time>0000-00-00</close_time>
  <lang_name>Big5</lang_name>
  <board_id>1001162651</board_id>
  <node>000000007</node>
  <site>1000110001</site>
  <pt>2022-10-27 09:54:23</pt>
  <poster>11020105</poster>
  <realname>&#x7C21;&#x5065;&#x6D32;  </realname>
  <email>jay0982854390@gmail.com</email>
  <homepage> </homepage>
  <subject>128. &#x5F8C;&#x5E8F;&#x5F0F;2 4 6 * + 7 5 - *&#x8981;&#x5982;&#x4F55;&#x900F;&#x904E;&#x5806;&#x758A;&#x6C42;&#x89E3;&#xFF1F;&#x8981;&#x5217;&#x51FA;&#x904E;&#x7A0B;&#x3002; </subject>
  <content>&lt;p&gt;&lt;img alt="" src="/user/1/1/11020105/images/312618383_1123398911641190_490734678245449772_n%281%29.jpg" style="height:1032px; width:3024px" /&gt;&lt;/p&gt;</content>
  <attach></attach>
  <rcount></rcount>
  <rank></rank>
  <hit>20</hit>
  <lang>1</lang>
</data>
