<?xml version="1.0"?>
<data version="3.0" time="2024-06-30 09:16:23" type="post" filename="b000000017.xml">
  <open_time>0000-00-00</open_time>
  <close_time>0000-00-00</close_time>
  <lang_name>Big5</lang_name>
  <board_id>1001162651</board_id>
  <node>000000017</node>
  <site>1000110001</site>
  <pt>2022-11-01 13:37:49</pt>
  <poster>11027156</poster>
  <realname>&#x6797;&#x82B7;&#x5B89;  </realname>
  <email>annann9277@gmail.com</email>
  <homepage>  </homepage>
  <subject>128. &#x5F8C;&#x5E8F;&#x5F0F;2 4 6 * + 7 5 - *&#x8981;&#x5982;&#x4F55;&#x900F;&#x904E;&#x5806;&#x758A;&#x6C42;&#x89E3;&#xFF1F;&#x8981;&#x5217;&#x51FA;&#x904E;&#x7A0B;&#x3002; </subject>
  <content>&lt;p&gt;&#x5F8C;&#x5E8F;&#x5F0F;&#x6C42;&#x89E3;&#x65B9;&#x6CD5;&#xFF1A;&#x9047;&#x5230;&#x904B;&#x7B97;&#x5143;&#x5C31;&#x5806;&#x758A;&#xFF0C;&#x9047;&#x5230;&#x904B;&#x7B97;&#x5B50;&#x5247;&#x5C07;&#x5806;&#x758A;&#x4E2D;&#x7684;&#x6700;&#x4E0A;&#x9762;&#x5169;&#x6578;&#x9032;&#x884C;&#x904B;&#x7B97;&#x4E26;&#x522A;&#x9664;&#x90A3;&#x5169;&#x6578;&#xFF0C;&#x5C07;&#x904B;&#x7B97;&#x7D50;&#x679C;&#x5B58;&#x65BC;&#x5806;&#x758A;&#x6700;&#x4E0A;&#x9762;&#x4E00;&#x4F4D;&#xFF0C;&#x6700;&#x5F8C;&#x56DE;&#x50B3;&#x5806;&#x758A;&#x7D50;&#x679C;&#x5373;&#x70BA;&#x7B54;&#x6848;&#x3002;&lt;/p&gt;&#xD;
&#xD;
&lt;ol&gt;&#xD;
	&lt;li&gt;2&amp;ndash;&#x904B;&#x7B97;&#x5143;&#xFF0C;&#x5B58;&#x5165;&#x5806;&#x758A;&lt;/li&gt;&#xD;
	&lt;li&gt;4&amp;ndash;&#x904B;&#x7B97;&#x5143;&#xFF0C;&#x5B58;&#x5165;&#x5806;&#x758A;&lt;/li&gt;&#xD;
	&lt;li&gt;6&amp;ndash;&#x904B;&#x7B97;&#x5143;&#xFF0C;&#x5B58;&#x5165;&#x5806;&#x758A;&lt;/li&gt;&#xD;
	&lt;li&gt;*&amp;mdash;&#x904B;&#x7B97;&#x5B50;&#xFF0C;&#x5C07;&#x5806;&#x758A;&#x4E2D;&#x7684;&#x6700;&#x4E0A;&#x9762;&#x5169;&#x6578;&#xFF08;4&#x3001;6&#xFF09;&#x9032;&#x884C;&#x904B;&#x7B97;&#xFF1A;4*6=24&#xFF0C;&#x522A;&#x9664;4&#x3001;6&#xFF0C;&#x5C07;24&#x5B58;&#x5165;&#x5806;&#x758A;&#x6700;&#x4E0A;&#x9762;&#x4E00;&#x4F4D;&lt;/li&gt;&#xD;
	&lt;li&gt;+&amp;mdash;&#x904B;&#x7B97;&#x5B50;&#xFF0C;&#x5C07;&#x5806;&#x758A;&#x4E2D;&#x7684;&#x6700;&#x4E0A;&#x9762;&#x5169;&#x6578;&#xFF08;2&#x3001;24&#xFF09;&#x9032;&#x884C;&#x904B;&#x7B97;&#xFF1A;2+24=26&#xFF0C;&#x522A;&#x9664;2&#x3001;24&#xFF0C;&#x5C07;26&#x5B58;&#x5165;&#x5806;&#x758A;&#x6700;&#x4E0A;&#x9762;&#x4E00;&#x4F4D;&lt;/li&gt;&#xD;
	&lt;li&gt;7&amp;ndash;&#x904B;&#x7B97;&#x5143;&#xFF0C;&#x5B58;&#x5165;&#x5806;&#x758A;&lt;/li&gt;&#xD;
	&lt;li&gt;5&amp;ndash;&#x904B;&#x7B97;&#x5143;&#xFF0C;&#x5B58;&#x5165;&#x5806;&#x758A;&lt;/li&gt;&#xD;
	&lt;li&gt;- &amp;mdash;&#x904B;&#x7B97;&#x5B50;&#xFF0C;&#x5C07;&#x5806;&#x758A;&#x4E2D;&#x7684;&#x6700;&#x4E0A;&#x9762;&#x5169;&#x6578;&#xFF08;7&#x3001;5&#xFF09;&#x9032;&#x884C;&#x904B;&#x7B97;&#xFF1A;7-5=2&#xFF0C;&#x522A;&#x9664;7&#x3001;5&#xFF0C;&#x5C07;2&#x5B58;&#x5165;&#x5806;&#x758A;&#x6700;&#x4E0A;&#x9762;&#x4E00;&#x4F4D;&lt;/li&gt;&#xD;
	&lt;li&gt;*&amp;mdash;&#x904B;&#x7B97;&#x5B50;&#xFF0C;&#x5C07;&#x5806;&#x758A;&#x4E2D;&#x6700;&#x4E0A;&#x9762;&#x5169;&#x6578;&#xFF08;26&#x3001;2&#xFF09;&#x9032;&#x884C;&#x904B;&#x7B97;&#xFF1A;26*2=52&#xFF0C;&#x522A;&#x9664;26&#x3001;2&#xFF1B;&#x5C07;52&#x5B58;&#x5165;&#x5806;&#x758A;&#x6700;&#x4E0A;&#x9762;&#x4E00;&#x4F4D;&lt;/li&gt;&#xD;
	&lt;li&gt;52&#x70BA;&#x7B54;&#x6848;&lt;/li&gt;&#xD;
&lt;/ol&gt; </content>
  <attach></attach>
  <rcount></rcount>
  <rank></rank>
  <hit>10</hit>
  <lang>1</lang>
</data>
