<?xml version="1.0"?>
<data version="3.0" time="2024-06-30 09:16:23" type="post" filename="b000000010.xml">
  <open_time>0000-00-00</open_time>
  <close_time>0000-00-00</close_time>
  <lang_name>Big5</lang_name>
  <board_id>1001162651</board_id>
  <node>000000010</node>
  <site>1000110001</site>
  <pt>2022-10-28 15:18:08</pt>
  <poster>11027128</poster>
  <realname>&#x6881;&#x82B7;&#x83D8;  </realname>
  <email>candy20030812@gmail.com</email>
  <homepage> </homepage>
  <subject>126. + * 2 4 6 * - 7 5&#x662F;&#x524D;&#x5E8F;&#x5F0F;&#x55CE;&#xFF1F;&#x70BA;&#x4EC0;&#x9EBC;&#xFF1F; </subject>
  <content>&lt;p&gt;&#x4E0D;&#x662F;&#x3002;&lt;/p&gt;&#xD;
&#xD;
&lt;p&gt;&#x6700;&#x7C21;&#x55AE;&#x7684;&#x524D;&#x5E8F;&#x5F0F;&#x662F;&#x4E00;&#x500B;&#x904B;&#x7B97;&#x5B50;&#x5F8C;&#x9762;&#x63A5;&#x5169;&#x500B;&#x904B;&#x7B97;&#x5143;&amp;nbsp;(e.g. *73, +92)&lt;/p&gt;&#xD;
&#xD;
&lt;p&gt;&#x7576;&#x984C;&#x76EE;&#x4E2D;&#x7684;-75&#x505A;&#x5B8C;&#x5F8C;*&#x5F8C;&#x9762;&#x5269;2&#x4E00;&#x500B;&#x6578;&#x5B57;&#xFF0C;&#x4E0D;&#x7B26;&#x5408;&#x524D;&#x5E8F;&#x5F0F;&#x7684;&#x898F;&#x5247;&#x3002;&lt;/p&gt;&#xD;
&#xD;
&lt;p&gt;&#x56E0;&#x6B64;&#x61C9;&#x8A72;&#x5C07;&#x7B2C;&#x4E8C;&#x500B;*&#x8207;&#x524D;&#x9762;&#x7684;6&#x4EA4;&#x63DB;&#x4F4D;&#x7F6E;&#x8B8A;&#x6210;+*24*6-75 [&#x4E2D;&#x5E8F;&#x5F0F;: 2*4+6*(7-5)]&#xFF0C;&lt;/p&gt;&#xD;
&#xD;
&lt;p&gt;&#x6216;&#x5C07;&#x5B83;&#x653E;&#x5230;&#x5F0F;&#x5B50;&#x7684;&#x6700;&#x524D;&#x9762;&#x8B8A;&#x6210;*+*246-75 [&#x4E2D;&#x5E8F;&#x5F0F;: (2*4+6)*(7-5)]&#xFF0C;&#x624D;&#x6703;&#x662F;&#x6B63;&#x78BA;&#x7684;&#x524D;&#x5E8F;&#x5F0F;&#x3002;&lt;/p&gt;</content>
  <attach></attach>
  <rcount></rcount>
  <rank></rank>
  <hit>50</hit>
  <lang>1</lang>
</data>
