<?xml version="1.0"?>
<data version="3.0" time="2024-06-30 09:16:23" type="post" filename="b000000006.xml">
  <open_time>0000-00-00</open_time>
  <close_time>0000-00-00</close_time>
  <lang_name>Big5</lang_name>
  <board_id>1001162651</board_id>
  <node>000000006</node>
  <site>1000110001</site>
  <pt>2022-10-25 16:41:20</pt>
  <poster>11027142</poster>
  <realname>&#x6797;&#x8559;&#x90C1;  </realname>
  <email>tiffanylin0914@gmail.com</email>
  <homepage>  </homepage>
  <subject>126. + * 2 4 6 * - 7 5&#x662F;&#x524D;&#x5E8F;&#x5F0F;&#x55CE;&#xFF1F;&#x70BA;&#x4EC0;&#x9EBC;&#xFF1F; </subject>
  <content>&lt;p&gt;&#x4E0D;&#x662F;&#x3002;&lt;/p&gt;&#xD;
&#xD;
&lt;p&gt;&#x4EE5;&#x6700;&#x5F8C;&#x4E09;&#x4F4D;(-75)&#x505A;&#x6AA2;&#x67E5;&lt;/p&gt;&#xD;
&#xD;
&lt;p&gt;prefix:-75 ----&amp;gt; infix:(7-5)&lt;/p&gt;&#xD;
&#xD;
&lt;p&gt;infix expression: 2*4+6*(7-5)&lt;br /&gt;&#xD;
Prefix expression: +*24*6-75&lt;/p&gt;&#xD;
&#xD;
&lt;p&gt;infix expression: (2*4+6)*(7-5)&lt;br /&gt;&#xD;
Prefix expression: *+*246-75&lt;/p&gt;&#xD;
&#xD;
&lt;p&gt;infix expression: 2*4+(6*(7-5))&lt;br /&gt;&#xD;
Prefix expression: +*24*6-75&lt;/p&gt;&#xD;
&#xD;
&lt;p&gt;&#x5982;&#x679C;&#x771F;&#x7684;&#x8981;&#x6539;&#x70BA;&#x6B63;&#x78BA;&#x7684;&#x524D;&#x5E8F;&#x5F0F;&#xFF0C;&#x5247;&#x5FC5;&#x9808;&#x628A;6&#x8DDF;*&#x7684;&#x4F4D;&#x7F6E;&#x8ABF;&#x63DB;&lt;/p&gt;&#xD;
&#xD;
&lt;p&gt;&#x56E0;&#x70BA;&#x5DF2;+*246&#x4F86;&#x8AAA; ---&amp;gt; 2*4+6=14&lt;br /&gt;&#xD;
&#x63A5;&#x7E8C;&#x4EE5;&#x4E0B;&#x7684;&#x7B97;&#x662F; 14*-75 ----&amp;gt; -75 -&amp;gt; (7-5)&lt;br /&gt;&#xD;
&#x5F97;&#x51FA;&#x4F86;&#x7684;&#x7D50;&#x679C;&#x6703;&#x8B8A;&#x6210;14*(7-5) &#x5373;&#x4E0D;&#x7B26;&#x5408;&#x524D;&#x5E8F;&#x5F0F;&#x7684;&#x5B9A;&#x7FA9;&#x3002;&lt;/p&gt; </content>
  <attach></attach>
  <rcount></rcount>
  <rank></rank>
  <hit>42</hit>
  <lang>1</lang>
</data>
