<?xml version="1.0"?>
<data version="3.0" time="2024-06-30 09:16:23" type="post" filename="b000000015000000003.xml">
  <open_time>0000-00-00</open_time>
  <close_time>0000-00-00</close_time>
  <lang_name>Big5</lang_name>
  <board_id>1001162651</board_id>
  <node>000000015000000003</node>
  <site>1000110001</site>
  <pt>2022-11-01 00:00:16</pt>
  <poster>11027109</poster>
  <realname>&#x5433;&#x6600;&#x851A;  </realname>
  <email>wing222430@gmail.com</email>
  <homepage>  </homepage>
  <subject>Re: 130. &#x5BEB;Python&#x7A0B;&#x5F0F;&#x78BC;&#x5BE6;&#x73FE;&#x8FD1;&#x4F3C;C++ class&#x96B1;&#x85CF;&#x8CC7;&#x6599;&#x7684;&#x6548;&#x679C;&#xFF0C;&#x4E26;&#x6307;&#x51FA;&#x5DEE;&#x7570;&#x3002;  </subject>
  <content>&lt;p&gt;&#x7C21;&#x6F54;&#x4E14;&#x88DC;&#x5145;&#x8AAA;&#x660E;&#x8207;&#x6BD4;&#x8F03;&#x7684;&#x90E8;&#x5206;&#x4E5F;&#x6DFA;&#x986F;&#x6613;&#x61C2;&#x3002;&lt;/p&gt; </content>
  <attach></attach>
  <rcount></rcount>
  <rank></rank>
  <hit>1</hit>
  <lang>1</lang>
</data>
