<?xml version="1.0"?>
<data version="3.0" time="2024-06-30 09:16:23" type="post" filename="b000000001000000001.xml">
  <open_time>0000-00-00</open_time>
  <close_time>0000-00-00</close_time>
  <lang_name>Big5</lang_name>
  <board_id>1001162651</board_id>
  <node>000000001000000001</node>
  <site>1000110001</site>
  <pt>2022-10-21 14:53:43</pt>
  <poster>11813</poster>
  <realname>&#x5433;&#x5B9C;&#x9D3B;  </realname>
  <email>yhwu@cycu.edu.tw</email>
  <homepage>https://www.researchgate.net/profile/Yi-Hung-Wu-2  </homepage>
  <subject>Re: 127. &#x5BEB;C++&#x7A0B;&#x5F0F;&#x78BC;&#x4ECB;&#x7D39;&#x4E00;&#x7D44;&#x8B80;&#x6A94;&#x548C;&#x5BEB;&#x6A94;&#x7684;&#x6307;&#x4EE4;&#xFF0C;&#x9808;&#x80FD;&#x6210;&#x529F;&#x7DE8;&#x8B6F;&#x57F7;&#x884C;&#x3002;  </subject>
  <content>&lt;p&gt;&lt;span style="color:#ff0000"&gt;&amp;nbsp;ifstream &#x53CA; ofstream&#x662F;class&#xFF0C;&#x8B80;&#x5BEB;&#x6A94;&#x6848;&#x7684;&#x6307;&#x4EE4;&#x662F;&#x4EC0;&#x9EBC;&#xFF1F;&lt;/span&gt;&lt;/p&gt; </content>
  <attach></attach>
  <rcount></rcount>
  <rank></rank>
  <hit>1</hit>
  <lang>1</lang>
</data>
