<?xml version="1.0"?>
<data version="3.0" time="2024-06-30 09:16:23" type="post" filename="b000000003000000002.xml">
  <open_time>0000-00-00</open_time>
  <close_time>0000-00-00</close_time>
  <lang_name>Big5</lang_name>
  <board_id>1001162651</board_id>
  <node>000000003000000002</node>
  <site>1000110001</site>
  <pt>2022-10-22 18:05:01</pt>
  <poster>11027135</poster>
  <realname>&#x674E;&#x5B97;&#x8AFA;  </realname>
  <email>mouth0203lk@gmail.com</email>
  <homepage>  </homepage>
  <subject>Re: 128. &#x5F8C;&#x5E8F;&#x5F0F;2 4 6 * + 7 5 - *&#x8981;&#x5982;&#x4F55;&#x900F;&#x904E;&#x5806;&#x758A;&#x6C42;&#x89E3;&#xFF1F;&#x8981;&#x5217;&#x51FA;&#x904E;&#x7A0B;  </subject>
  <content>&lt;p&gt;&#x5F88;&#x6E05;&#x695A;( &#x361;o &#x35C;&#x296; &#x361;o)&lt;/p&gt; </content>
  <attach></attach>
  <rcount></rcount>
  <rank></rank>
  <hit>1</hit>
  <lang>1</lang>
</data>
