<?xml version="1.0"?>
<data version="3.0" time="2024-06-30 09:16:23" type="post" filename="b000000010000000004.xml">
  <open_time>0000-00-00</open_time>
  <close_time>0000-00-00</close_time>
  <lang_name>Big5</lang_name>
  <board_id>1001162651</board_id>
  <node>000000010000000004</node>
  <site>1000110001</site>
  <pt>2022-11-01 00:19:40</pt>
  <poster>11027161</poster>
  <realname>&#x9EA5;&#x52A0;&#x6977;  </realname>
  <email>a0909661385@gmail.com</email>
  <homepage>  </homepage>
  <subject>Re: 126. + * 2 4 6 * - 7 5&#x662F;&#x524D;&#x5E8F;&#x5F0F;&#x55CE;&#xFF1F;&#x70BA;&#x4EC0;&#x9EBC;&#xFF1F;  </subject>
  <content>&lt;p&gt;&#x5BEB;&#x5F97;&#x4E0D;&#x932F;&#x9084;&#x6709;&#x628A;&#x6B63;&#x78BA;&#x5F0F;&#x5B50;&#x5217;&#x51FA;&#x4F86;&lt;/p&gt; </content>
  <attach></attach>
  <rcount></rcount>
  <rank></rank>
  <hit>1</hit>
  <lang>1</lang>
</data>
