<?xml version="1.0"?>
<data version="3.0" time="2024-06-30 09:15:17" type="post" filename="b000000012000000001.xml">
  <open_time>0000-00-00</open_time>
  <close_time>0000-00-00</close_time>
  <lang_name>Big5</lang_name>
  <board_id>1001162646</board_id>
  <node>000000012000000001</node>
  <site>1000110001</site>
  <pt>2022-09-18 17:14:16</pt>
  <poster>11813</poster>
  <realname>&#x5433;&#x5B9C;&#x9D3B;  </realname>
  <email>yhwu@cycu.edu.tw</email>
  <homepage>https://www.researchgate.net/profile/Yi-Hung-Wu-2  </homepage>
  <subject>Re: 104. &#x4EC0;&#x9EBC;&#x60C5;&#x6CC1;&#x4E0B;&#x9069;&#x5408;&#x4F7F;&#x7528;&#x905E;&#x8FF4;&#xFF1F;&#x70BA;&#x4EC0;&#x9EBC;&#xFF1F;  </subject>
  <content>&lt;p&gt;&lt;span style="color:#0000cd"&gt;&#x500B;&#x4EBA;&#x89BA;&#x5F97;&#x4F69;&#x670D;&#xFF0C;&#x80FD;&#x7528;&#x6587;&#x5B57;&#x6E05;&#x695A;&#x63CF;&#x8FF0;&#x6CB3;&#x5167;&#x5854;&#x7684;&#x905E;&#x8FF4;&#x539F;&#x7406;&#x3002;&lt;/span&gt;&lt;/p&gt;&#xD;
&#xD;
&lt;p&gt;&#x7528;&#x905E;&#x8FF4;&#x51FD;&#x6578;&#x4F86;&#x8868;&#x9054;&#xFF0C;&#x500B;&#x4EBA;&#x89BA;&#x5F97;&#x76F8;&#x5C0D;&#x7C21;&#x55AE;&#x5F88;&#x591A;...&lt;/p&gt;&#xD;
&#xD;
&lt;p&gt;&lt;em&gt;f(src, des, tmp, n) = f(src, tmp, des, n-1) + f(src, des, tmp, 1) + f(tmp, des, src, n-1), where f(s,d,t,n)&amp;nbsp;refers to the minimum number of steps for moving n disks from s to d via t.&lt;/em&gt;&lt;/p&gt; </content>
  <attach></attach>
  <rcount></rcount>
  <rank></rank>
  <hit>1</hit>
  <lang>1</lang>
</data>
