<?xml version="1.0"?>
<data version="3.0" time="2024-06-30 09:15:17" type="post" filename="b000000013.xml">
  <open_time>0000-00-00</open_time>
  <close_time>0000-00-00</close_time>
  <lang_name>Big5</lang_name>
  <board_id>1001162646</board_id>
  <node>000000013</node>
  <site>1000110001</site>
  <pt>2022-09-16 16:21:25</pt>
  <poster>11027143</poster>
  <realname>&#x8A31;&#x62D3;&#x5BB8;  </realname>
  <email>hnes0311@gmail.com</email>
  <homepage>  </homepage>
  <subject>104. &#x4EC0;&#x9EBC;&#x60C5;&#x6CC1;&#x4E0B;&#x9069;&#x5408;&#x4F7F;&#x7528;&#x905E;&#x8FF4;&#xFF1F;&#x70BA;&#x4EC0;&#x9EBC;&#xFF1F; </subject>
  <content>&lt;p&gt;&lt;span style="font-family:Arial,Helvetica,sans-serif"&gt;&lt;span style="font-size:14px"&gt;&#x4E2D;&#x5B78;&#x6642;&#x671F;&#xFF0C;&#x5728;&#x8CC7;&#x8A0A;&#x8AB2;&#x4E0A;&#x9047;&#x5230;&lt;em&gt;&lt;strong&gt;&#x6C42;&#x516C;&#x56E0;&#x6578;(GCD)&lt;/strong&gt;&lt;/em&gt;&#x7684;&#x554F;&#x984C;&#x3002;&lt;br /&gt;&#xD;
&#x7576;&#x6642;&#x4F7F;&#x7528;&#x300C;&#x8F3E;&#x8F49;&#x76F8;&#x9664;&#x6CD5;&#x300D;&#x4F86;&#x89E3;&#x6C7A;&#x554F;&#x984C;&#xFF0C;&#x900F;&#x904E;&#x5169;&#x6578;&#x4E0D;&#x65B7;&#x7684;&#x76F8;&#x9664;&#xFF0C;&#x6700;&#x7D42;&#x5DE7;&#x5999;&#x5730;&#x5F97;&#x5230;&#x7B54;&#x6848;&#x3002;&lt;br /&gt;&#xD;
&#x7136;&#x800C;&#xFF0C;&#x9019;&#x7A2E;&#x505A;&#x6CD5;&#x6703;&#x7522;&#x751F;&#x5F88;&#x591A;while&#x3001;if&#x3001;else&#x7684;&#x8FF4;&#x5708;&#xFF0C;&#x5C0E;&#x81F4;&#x7A0B;&#x5F0F;&#x78BC;&#x6700;&#x5F8C;&#x770B;&#x8D77;&#x4F86;&#x5F88;&#x9577;&#x3002;&lt;br /&gt;&#xD;
&#x5B78;&#x5230;&#x4E86;&#x905E;&#x8FF4;&#x6CD5;&#x4E4B;&#x5F8C;&#xFF0C;&#x6240;&#x9700;&#x8981;&#x505A;&#x7684;&#x5C31;&#x53EA;&#x662F;&lt;em&gt;&lt;strong&gt;&#x81EA;&#x6211;&#x547C;&#x53EB; (self-calling)&#x3002;&lt;/strong&gt;&lt;/em&gt;&lt;br /&gt;&#xD;
&#x5229;&#x7528;&#x905E;&#x8FF4;&#x8B93;&lt;strong&gt;&#x88AB;&#x9664;&#x6578;&lt;/strong&gt;&#x3001;&lt;strong&gt;&#x9664;&#x6578;&lt;/strong&gt;&#x4E92;&#x63DB;&#x3002;&lt;br /&gt;&#xD;
&#x7528;&#x7CBE;&#x7C21;&#x7684;&#x7A0B;&#x5F0F;&#x78BC;&#x4FBF;&#x80FD;&#x8F15;&#x9B06;&#x5730;&#x5F97;&#x5230;&#x7B54;&#x6848;&#x3002;&lt;br /&gt;&#xD;
&lt;br /&gt;&#xD;
&#x82E5;&#x662F;&#x5728;&#x7A0B;&#x5F0F;&#x78BC;&#x7576;&#x4E2D;&#x51FA;&#x73FE;&#x5927;&#x91CF;&#x7684;&#x8FF4;&#x5708;&#xFF0C;&#x53EF;&#x4EE5;&#x9069;&#x7576;&#x7684;&#x5C07;&#x4E4B;&#x8F49;&#x70BA;&#x905E;&#x8FF4;&#x5F0F;&lt;br /&gt;&#xD;
&#x4E00;&#x4F86;&#x80FD;&#x5920;&#x628A;&#x4E00;&#x500B;&#x5927;&#x554F;&#x984C;&#x62C6;&#x89E3;&#x6210;&#x5C0F;&#x554F;&#x984C;&#x4F86;&#x89E3;&#x6C7A;&#xFF0C;&lt;br /&gt;&#xD;
&#x4E8C;&#x4F86;&#x4E5F;&#x80FD;&#x8B93;&#x6574;&#x652F;&#x7A0B;&#x5F0F;&#x770B;&#x8D77;&#x4F86;&#x66F4;&#x7C21;&#x6F54;&#x6E05;&#x6670;&#x3001;&#x53EF;&#x8B80;&#x6027;&#x66F4;&#x9AD8;&lt;br /&gt;&#xD;
&#x7136;&#x800C;&lt;strong&gt;&#x8207;&#x4E4B;&#x76F8;&#x5C0D;&lt;/strong&gt;&#x7684;&#x662F;&#xFF0C;&#x9700;&#x8981;&#x8F03;&#x591A;&#x7684;&#x5132;&#x5B58;&#x7A7A;&#x9593;&#x3001;&#x7A0B;&#x5F0F; run&amp;nbsp;&lt;/span&gt;&lt;/span&gt;&lt;span style="font-family:Arial,Helvetica,sans-serif"&gt;&lt;span style="font-size:14px"&gt;&#x8D77;&#x4F86;&#x9700;&#x8981;&#x82B1;&#x8CBB;&#x6BD4;&#x8F03;&#x591A;&#x7684;&#x6642;&#x9593;&lt;br /&gt;&#xD;
&#x5728;&#x4F7F;&#x7528;&#x905E;&#x8FF4;&#x6642;&#x9700;&#x8981;&#x597D;&#x597D;&#x659F;&#x914C;&lt;/span&gt;&lt;/span&gt;&lt;/p&gt; </content>
  <attach></attach>
  <rcount></rcount>
  <rank></rank>
  <hit>45</hit>
  <lang>1</lang>
</data>
