<?xml version="1.0"?>
<data version="3.0" time="2024-06-30 09:15:17" type="post" filename="b000000035000000001.xml">
  <open_time>0000-00-00</open_time>
  <close_time>0000-00-00</close_time>
  <lang_name>Big5</lang_name>
  <board_id>1001162646</board_id>
  <node>000000035000000001</node>
  <site>1000110001</site>
  <pt>2022-09-22 17:23:43</pt>
  <poster>11027147</poster>
  <realname>&#x90B1;&#x5CFB;&#x5F65;  </realname>
  <email>jim97503@gmail.com</email>
  <homepage>  </homepage>
  <subject>Re: 101. &#x4EE5;&#x81EA;&#x5DF1;&#x7684;&#x8A71;&#x63CF;&#x8FF0;&#x905E;&#x8FF4;recursion&#x662F;&#x4EC0;&#x9EBC;&#x3002;*  </subject>
  <content>&lt;p&gt;&#x66F4;&#x61C2;&#x4E86;&#x905E;&#x8FF4;&#x6982;&#x5FF5;&#x4E86;&#xFF0C;&#x8B1D;&#x8B1D;&#x67E5;&#x7406;&#xFF0C;&#x6211;&#x5B78;&#x5EE2;&#x4E86;&#x3002;&lt;/p&gt;&#xD;
&#xD;
&lt;p&gt;&#x4F46;&#x662F;&#x5927;&#x591A;&#x6578;&#x7684;&#x60C5;&#x6CC1;&#x662F;&#x4F60;&#x9084;&#x662F;&#x627E;&#x4E0D;&#x5230;&#x4EC0;&#x9EBC;&#x6642;&#x5019;&#x60F9;&#x5230;&#x5979;&#xFF0C;&#x6216;&#x8005;&#x6839;&#x672C;&#x6C92;&#x6709;&#x5973;&#x670B;&#x53CB;&lt;/p&gt; </content>
  <attach></attach>
  <rcount></rcount>
  <rank></rank>
  <hit>1</hit>
  <lang>1</lang>
</data>
