<?xml version="1.0"?>
<data version="3.0" time="2024-06-30 09:15:17" type="post" filename="b000000047.xml">
  <open_time>0000-00-00</open_time>
  <close_time>0000-00-00</close_time>
  <lang_name>Big5</lang_name>
  <board_id>1001162646</board_id>
  <node>000000047</node>
  <site>1000110001</site>
  <pt>2022-09-26 23:43:02</pt>
  <poster>11027132</poster>
  <realname>&#x66FE;&#x5146;&#x7FCC;  </realname>
  <email>michaeltseng9262@gmail.com</email>
  <homepage>  </homepage>
  <subject>101. &#x4EE5;&#x81EA;&#x5DF1;&#x7684;&#x8A71;&#x63CF;&#x8FF0;&#x905E;&#x8FF4;recursion&#x662F;&#x4EC0;&#x9EBC;&#x3002;* </subject>
  <content>&lt;p&gt;&#x905E;&#x8FF4;&#x5728;&#x7A0B;&#x5F0F;&#x4E0A;&#x770B;&#x662F;&#x5728;&#x540C;&#x4E00;&#x500B;&#x51FD;&#x6578;&#x4E2D;&#x547C;&#x53EB;&#x540C;&#x4E00;&#x500B;&#x51FD;&#x6578;&#xFF0C;&#x529F;&#x80FD;&#x662F;&#x8B93;&#x8CC7;&#x6599;&#x6301;&#x7E8C;&#x7684;&#x505A;&#x540C;&#x4E00;&#x500B;&#x529F;&#x80FD;&#x7684;&#x8655;&#x7406;&#xFF0C;&#x6BCF;&#x6B21;&#x591A;&#x547C;&#x53EB;&#x4E00;&#x6B21;&#x540C;&#x500B;&#x51FD;&#x6578;&#xFF0C;&#x5C31;&#x6703;&#x540C;&#x6642;&#x758A;&#x52A0;stack&#xFF0C;&#x76F4;&#x5230;&#x8CC7;&#x6599;&#x8655;&#x7406;&#x5B8C;&#x6210;&#x3002;&#x8655;&#x7406;&#x5B8C;&#x6210;&#x5F8C;&#xFF0C;&#x7A0B;&#x5F0F;&#x6703;&#x56DE;&#x5230;&#x4E0A;&#x4E00;&#x500B;stack&#x4E2D;&#x7684;&#x4E0B;&#x4E00;&#x884C;&#xFF0C;&#x56E0;&#x6B64;&#x9664;&#x4E86;&#x6301;&#x7E8C;&#x7684;&#x505A;&#x540C;&#x529F;&#x80FD;&#x7684;&#x8CC7;&#x6599;&#x8655;&#x7406;&#x5916;&#xFF0C;&#x4E5F;&#x53EF;&#x4EE5;&#x5728;&#x8CC7;&#x6599;&#x8655;&#x7406;&#x5B8C;&#x6210;&#x4E4B;&#x5F8C;&#xFF0C;&#x7528;&#x7A0B;&#x5F0F;&#x53BB;&#x4FEE;&#x6539;&#x8CC7;&#x6599;&#xFF0C;&#x56E0;&#x6B64;recursion&amp;nbsp;&#x5177;&#x6709;&#x5F88;&#x5EE3;&#x7684;&#x5BE6;&#x7528;&#x7BC4;&#x570D;&#x4EE5;&#x53CA;&#x5F88;&#x9AD8;&#x7684;&#x5BE6;&#x7528;&#x6027;&#x3002;&lt;/p&gt; </content>
  <attach></attach>
  <rcount></rcount>
  <rank></rank>
  <hit>15</hit>
  <lang>1</lang>
</data>
