<?xml version="1.0"?>
<data version="3.0" time="2024-06-30 09:15:17" type="post" filename="b000000030.xml">
  <open_time>0000-00-00</open_time>
  <close_time>0000-00-00</close_time>
  <lang_name>Big5</lang_name>
  <board_id>1001162646</board_id>
  <node>000000030</node>
  <site>1000110001</site>
  <pt>2022-09-21 12:39:37</pt>
  <poster>11027134</poster>
  <realname>&#x5289;&#x6631;&#x8431;  </realname>
  <email>angel0226pp@gmail.com</email>
  <homepage>  </homepage>
  <subject>101. &#x4EE5;&#x81EA;&#x5DF1;&#x7684;&#x8A71;&#x63CF;&#x8FF0;&#x905E;&#x8FF4;recursion&#x662F;&#x4EC0;&#x9EBC;&#x3002; </subject>
  <content>&lt;p&gt;&#x905E;&#x8FF4;&#x7684;&#x6982;&#x5FF5;&#x4E3B;&#x8981;&#x662F;&#x5C07;&#x4E00;&#x500B;&#x5927;&#x554F;&#x984C;&#x5206;&#x5272;&#x6210;&#x5C0F;&#x554F;&#x984C;&#xFF0C;&#x800C;&#x5F8C;&#x518D;&#x4F7F;&#x7528;&#x540C;&#x4E00;&#x500B;function&#x53BB;&#x89E3;&#x6C7A;&#x3002;&lt;/p&gt;&#xD;
&#xD;
&lt;p&gt;&#x7A0B;&#x5F0F;&#x4E2D;&#x901A;&#x5E38;&#x9700;&#x8981;&#x6709;&#x5169;&#x9805;&#x689D;&#x4EF6;&#xFF0C;&#x4E00;&#x9805;&#x662F;&#x91CD;&#x8907;&#x57F7;&#x884C;&#xFF0C;&#x53E6;&#x4E00;&#x9805;&#x5247;&#x662F;&#x8DF3;&#x51FA;&#x57F7;&#x884C;&#x7684;&#x6307;&#x4EE4;&#xFF0C;&#x901A;&#x5E38;&#x7A31;&#x70BA;&#x7D42;&#x6B62;&#x689D;&#x4EF6;&#x3002;&lt;/p&gt; </content>
  <attach></attach>
  <rcount></rcount>
  <rank></rank>
  <hit>48</hit>
  <lang>1</lang>
</data>
