<?xml version="1.0"?>
<data version="3.0" time="2024-06-30 09:15:17" type="post" filename="b000000015.xml">
  <open_time>0000-00-00</open_time>
  <close_time>0000-00-00</close_time>
  <lang_name>Big5</lang_name>
  <board_id>1001162646</board_id>
  <node>000000015</node>
  <site>1000110001</site>
  <pt>2022-09-16 16:38:58</pt>
  <poster>11027142</poster>
  <realname>&#x6797;&#x8559;&#x90C1;  </realname>
  <email>tiffanylin0914@gmail.com</email>
  <homepage>  </homepage>
  <subject>104. &#x4EC0;&#x9EBC;&#x60C5;&#x6CC1;&#x4E0B;&#x9069;&#x5408;&#x4F7F;&#x7528;&#x905E;&#x8FF4;&#xFF1F;&#x70BA;&#x4EC0;&#x9EBC;&#xFF1F; </subject>
  <content>&lt;p&gt;&#x4E00;&#x3001;&#x7576;&#x554F;&#x984C;&#x53EF;&#x4EE5;&#x62C6;&#x89E3;&#x70BA;&#x5C0F;&#x554F;&#x984C;&#xFF0C;&#x4E14;&#x6BCF;&#x500B;&#x554F;&#x984C;&#x90FD;&#x662F;&#x5177;&#x6709;&#x91CD;&#x8907;&#x6027;&#x7684;&#x72C0;&#x614B;&#x4E0B;&#xFF0C;&#x662F;&#x975E;&#x5E38;&#x9069;&#x5408;&#x4F7F;&#x7528;&#x905E;&#x8FF4;&#x7684;&#x3002;&lt;/p&gt;&#xD;
&#xD;
&lt;p&gt;&#x4F8B;&#x5982;&#xFF1A;1.&#x968E;&#x4E58; 2.&#x7D2F;&#x52A0; 3.&#x6A39;&#x72C0;&#x8CC7;&#x6599;&#x7D50;&#x69CB;&lt;/p&gt;&#xD;
&#xD;
&lt;p&gt;&#x4E8C;&#x3001;&#x60F3;&#x8981;&#x7F8E;&#x5316;&amp;amp;&#x7C21;&#x5316;&#x7A0B;&#x5F0F;&#x78BC;&#xFF0C;&#x8B93;&#x7A0B;&#x5F0F;&#x78BC;&#x770B;&#x8D77;&#x4F86;&#x7C21;&#x6F54;&#x6709;&#x529B;&#xFF0C;&#x4E5F;&#x8F03;&#x6613;&#x65BC;&#x9664;&#x932F;&#x3002;&lt;/p&gt; </content>
  <attach></attach>
  <rcount></rcount>
  <rank></rank>
  <hit>80</hit>
  <lang>1</lang>
</data>
