<?xml version="1.0"?>
<data version="3.0" time="2024-06-30 09:15:17" type="post" filename="b000000021000000001.xml">
  <open_time>0000-00-00</open_time>
  <close_time>0000-00-00</close_time>
  <lang_name>Big5</lang_name>
  <board_id>1001162646</board_id>
  <node>000000021000000001</node>
  <site>1000110001</site>
  <pt>2022-09-19 19:43:03</pt>
  <poster>11027122</poster>
  <realname>&#x9673;&#x67CF;&#x5B87;  </realname>
  <email>99588albert@gmail.com</email>
  <homepage>  </homepage>
  <subject>Re: 101. &#x4EE5;&#x81EA;&#x5DF1;&#x7684;&#x8A71;&#x63CF;&#x8FF0;&#x905E;&#x8FF4;recursion&#x662F;&#x4EC0;&#x9EBC;&#x3002;  </subject>
  <content>&lt;p&gt;&#x8B9A;&#x8B9A;&lt;/p&gt; </content>
  <attach></attach>
  <rcount></rcount>
  <rank></rank>
  <hit>1</hit>
  <lang>1</lang>
</data>
