<?xml version="1.0"?>
<data version="3.0" time="2024-06-30 09:15:17" type="post" filename="b000000036.xml">
  <open_time>0000-00-00</open_time>
  <close_time>0000-00-00</close_time>
  <lang_name>Big5</lang_name>
  <board_id>1001162646</board_id>
  <node>000000036</node>
  <site>1000110001</site>
  <pt>2022-09-23 01:17:30</pt>
  <poster>11027110</poster>
  <realname>&#x912D;&#x53C8;&#x92A8;  </realname>
  <email>andy20030602@gmail.com</email>
  <homepage>  </homepage>
  <subject>101. &#x4EE5;&#x81EA;&#x5DF1;&#x7684;&#x8A71;&#x63CF;&#x8FF0;&#x905E;&#x8FF4;recursion&#x662F;&#x4EC0;&#x9EBC;&#x3002;* </subject>
  <content>&lt;p&gt;&#x6211;&#x89BA;&#x5F97;&#x905E;&#x8FF4;&#x548C;&#x4E00;&#x822C;&#x8FF4;&#x5708;&#x7684;&#x5DEE;&#x5225;&#x5C31;&#x50CF;&#x5404;&#x7A2E;&#x7CBE;&#x7F8E;&#x6587;&#x8A5E;&#x7684;&#x5806;&#x780C;&#x548C;&#x5927;&#x91CF;&#x7C21;&#x55AE;&#x7684;&#x767D;&#x8A71;&#xFF0C;&#x4F7F;&#x7528;&#x905E;&#x8FF4;&#x53EF;&#x4EE5;&#x8B93;&#x7A0B;&#x5F0F;&#x770B;&#x8D77;&#x4F86;&#x66F4;&#x898F;&#x6574;&#x3001;&#x66F4;&#x7C21;&#x6F54;&#xFF0C;&#x4E00;&#x773C;&#x770B;&#x4E0A;&#x53BB;&#x66F4;&#x8212;&#x9069;&#xFF0C;&#x4F46;&#x67D0;&#x4E9B;&#x6642;&#x5019;&#x5728;&#x7406;&#x89E3;&#x4E0A;&#x6BD4;&#x8D77;&#x8FF4;&#x5708;&#x96E3;&#x4E0A;&#x8A31;&#x591A;&#xFF0C;&#x9700;&#x8981;&#x4E00;&#x6B65;&#x6B65;&#x5730;&#x89C0;&#x5BDF;&#x548C;&#x7406;&#x89E3;&#x624D;&#x80FD;&#x6E05;&#x695A;&#x4E86;&#x89E3;&#xFF0C;&#x4E0D;&#x904E;&#x5C0D;&#x65BC;&#x5927;&#x91CF;&#x91CD;&#x8907;&#x7684;&#x5C0F;&#x52D5;&#x4F5C;&#x771F;&#x7684;&#x80FD;&#x8D77;&#x4E0A;&#x5F88;&#x597D;&#x7684;&#x7C21;&#x5316;&#x548C;&#x6574;&#x7406;&#xFF1B;&#x800C;&#x8FF4;&#x5708;&#x6BD4;&#x8D77;&#x905E;&#x8FF4;&#x5C31;&#x6BD4;&#x8F03;&#x96DC;&#x4E82;&#x548C;&#x5197;&#x9577;&#xFF0C;&#x4F46;&#x5728;&#x7406;&#x89E3;&#x4E0A;&#x5C31;&#x8DDF;&#x4E2D;&#x6587;&#x7684;&#x767D;&#x8A71;&#x6587;&#x4E00;&#x6A23;&#xFF0C;&#x6162;&#x6162;&#x770B;&#x7E3D;&#x80FD;&#x770B;&#x61C2;&#x3002;&lt;/p&gt; </content>
  <attach></attach>
  <rcount></rcount>
  <rank></rank>
  <hit>35</hit>
  <lang>1</lang>
</data>
