<?xml version="1.0"?>
<data version="3.0" time="2024-06-30 09:15:17" type="post" filename="b000000020000000002.xml">
  <open_time>0000-00-00</open_time>
  <close_time>0000-00-00</close_time>
  <lang_name>Big5</lang_name>
  <board_id>1001162646</board_id>
  <node>000000020000000002</node>
  <site>1000110001</site>
  <pt>2022-09-20 10:34:11</pt>
  <poster>11813</poster>
  <realname>&#x5433;&#x5B9C;&#x9D3B;  </realname>
  <email>yhwu@cycu.edu.tw</email>
  <homepage>https://www.researchgate.net/profile/Yi-Hung-Wu-2  </homepage>
  <subject>Re: 101. &#x4EE5;&#x81EA;&#x5DF1;&#x7684;&#x8A71;&#x63CF;&#x8FF0;&#x905E;&#x8FF4;recursion&#x662F;&#x4EC0;&#x9EBC;&#x3002;  </subject>
  <content>&lt;p&gt;&lt;span style="color:#ff0000"&gt;&#x5927;&#x554F;&#x984C;&#x662F;&#x4EC0;&#x9EBC;&#xFF1F;&#x5C0F;&#x554F;&#x984C;&#x662F;&#x4EC0;&#x9EBC;&#xFF1F;&#x4E8C;&#x8005;&#x7684;&#x905E;&#x8FF4;&#x95DC;&#x4FC2;&#x5982;&#x4F55;&#x63CF;&#x8FF0;&#xFF1F;&lt;/span&gt;&lt;/p&gt; </content>
  <attach></attach>
  <rcount></rcount>
  <rank></rank>
  <hit>1</hit>
  <lang>1</lang>
</data>
