<?xml version="1.0"?>
<data version="3.0" time="2024-06-30 09:15:17" type="post" filename="b000000033.xml">
  <open_time>0000-00-00</open_time>
  <close_time>0000-00-00</close_time>
  <lang_name>Big5</lang_name>
  <board_id>1001162646</board_id>
  <node>000000033</node>
  <site>1000110001</site>
  <pt>2022-09-21 13:42:47</pt>
  <poster>11027114</poster>
  <realname>&#x5F90;&#x6893;&#x85B0;  </realname>
  <email>cchahahsu@gmail.com</email>
  <homepage>  </homepage>
  <subject>101. &#x4EE5;&#x81EA;&#x5DF1;&#x7684;&#x8A71;&#x63CF;&#x8FF0;&#x905E;&#x8FF4;recursion&#x662F;&#x4EC0;&#x9EBC;&#x3002; </subject>
  <content>&lt;p&gt;&#x905E;&#x8FF4;&#x6307;&#x628A;&#x5927;&#x554F;&#x984C;&#x5206;&#x89E3;&#x6210;&#x5C0F;&#x554F;&#x984C;&#xFF0C;&#x4F7F;&#x554F;&#x984C;&#x7CBE;&#x7C21;&#x5316;&#x8B8A;&#x5F97;&#x5BB9;&#x6613;&#x89E3;&#x6C7A;&#x3002;&lt;/p&gt;&#xD;
&#xD;
&lt;p&gt;&#x7A0B;&#x5F0F;&#x78BC;&#x7CBE;&#x7C21;&#x4E14;&#x5BB9;&#x6613;&#x89E3;&#x91CB;&#xFF0C;&#x4F46;&#x76F8;&#x8F03;&#x4E0D;&#x6C42;&#x6548;&#x7387;&#xFF0C;&#x6240;&#x4EE5;&#x5728;&#x9078;&#x64C7;&#x5BEB;&#x7A0B;&#x5F0F;&#x7684;&#x6642;&#x5019;&#x8981;&#x8861;&#x91CF;&#x60F3;&#x8981;&#x7CBE;&#x7C21;&#x9084;&#x662F;&#x6548;&#x7387;&#xFF01;&lt;/p&gt; </content>
  <attach></attach>
  <rcount></rcount>
  <rank></rank>
  <hit>42</hit>
  <lang>1</lang>
</data>
