<?xml version="1.0"?>
<data version="3.0" time="2024-06-30 09:15:17" type="post" filename="b000000023.xml">
  <open_time>0000-00-00</open_time>
  <close_time>0000-00-00</close_time>
  <lang_name>Big5</lang_name>
  <board_id>1001162646</board_id>
  <node>000000023</node>
  <site>1000110001</site>
  <pt>2022-09-20 11:35:54</pt>
  <poster>11813</poster>
  <realname>&#x5433;&#x5B9C;&#x9D3B;  </realname>
  <email>yhwu@cycu.edu.tw</email>
  <homepage>https://www.researchgate.net/profile/Yi-Hung-Wu-2  </homepage>
  <subject>105. &#x8A66;&#x63CF;&#x8FF0;&#x6574;&#x6578;&#x6EA2;&#x4F4D;integer overflow&#x7684;&#x907F;&#x514D;&#x65B9;&#x6CD5;&#xFF0C;&#x4E26;&#x5BEB;&#x51FA;C++&#x7A0B;&#x5F0F;&#x78BC;&#x3002;(&#x8F49;&#x81EA;&#x4E59;&#x73ED;) </subject>
  <content>&lt;p&gt;&lt;span style="color:#800080"&gt;&lt;span style="font-size:14px"&gt;&lt;strong&gt;11027229 ( &#x5353;&#x69AE;&#x6689; )&lt;/strong&gt;&lt;/span&gt;&lt;/span&gt;&lt;/p&gt;&#xD;
&#xD;
&lt;p&gt;&#x4EE5;&#x4E0B;&#x662F;&#x6211;&#x8A8D;&#x77E5;&#x7684;&#x65B9;&#x6CD5;:&lt;br /&gt;&#xD;
1. &#x76F4;&#x63A5;&#x7528;long long int &#x4F86;&#x7576;&#x8B8A;&#x6578;&#x5BA3;&#x544A; ( &#x9019;&#x6709;&#x9EDE;&#x5077;&#x5403;&#x6B65; &#x4E14;&#x9084;&#x662F;&#x6703;&#x6EA2;&#x4F4D; )&lt;br /&gt;&#xD;
2. gcc&#x672C;&#x8EAB;&#x6709;&#x907F;&#x514D;overflow&#x7684;&#x4E00;&#x4E9B;&#x51FD;&#x5F0F;&lt;br /&gt;&#xD;
&amp;nbsp;&amp;nbsp;&amp;nbsp;&amp;nbsp;e.g. bool __builtin_add_overflow (type1 a, type2 b, type3 *res)&amp;nbsp;&amp;nbsp;bool __builtin_sub_overflow (type1 a, type2 b, type3 *res)...etc.&lt;br /&gt;&#xD;
&amp;nbsp;&amp;nbsp;&amp;nbsp;&amp;nbsp;&#x5982;&#x679C;&#x6EA2;&#x4F4D;&#x7684;&#x8A71;&#x4E0A;&#x8FF0;&#x6703;&#x56DE;&#x50B3;true &#x6C92;&#x6709;&#x7684;&#x8A71;&#x6703;&#x56DE;&#x50B3;false&lt;br /&gt;&#xD;
&amp;nbsp;&amp;nbsp;&amp;nbsp;&amp;nbsp;(&#x8CC7;&#x6599;&#x4F86;&#x6E90;:&amp;nbsp;https://stackoverflow.com/questions/62935799/generally-how-do-i-prevent-integer-overflow-from-happening-in-c-language)&lt;br /&gt;&#xD;
3. &#x4F7F;&#x7528;&#x5927;&#x6578;&#x904B;&#x7B97; ( &#x76F8;&#x6BD4;long long int &#x66F4;&#x80FD;&#x907F;&#x514D;overflow )&lt;br /&gt;&#xD;
&amp;nbsp;&amp;nbsp;&amp;nbsp;&amp;nbsp;&#x539F;&#x7406;&#xFF1A;&#x8B93;&#x6BCF;&#x500B;&#x9663;&#x5217;&#x5143;&#x7D20;&#x53EF;&#x4EE5;&#x5132;&#x5B58; 0 &#x5230; 9999&#xFF0C;&#x4E5F;&#x5C31;&#x662F; 10000 &#x9032;&#x4F4D;&#x3002;&lt;br /&gt;&#xD;
&amp;nbsp;&amp;nbsp;&amp;nbsp;&amp;nbsp;&#x8003;&#x616E;&#x6B63;&#x8CA0;&#x6578;&#x7684;&#x60C5;&#x6CC1;&#x4E0B;&#xFF0C;&#x6700;&#x9AD8;&#x4F4D;&#x6578;&#x7528;&#x4F86;&#x6A19;&#x793A;&#x6B63;&#x8CA0;&#x6578;&#xFF0C;&#x6B63;&#x6578;&#x6700;&#x9AD8;&#x4F4D;&#x6578;&#x6703;&#x662F; 0000&#xFF0C;&#x8CA0;&#x6578;&#x6700;&#x9AD8;&#x4F4D;&#x6578;&#x6703;&#x662F; 9999&#xFF0C;&#x8CA0;&#x6578;&#x63A1; 10000 &#x88DC;&#x6578;&lt;br /&gt;&#xD;
&amp;nbsp;&amp;nbsp;&amp;nbsp;&amp;nbsp;&#x4EE5;&#x4E0B;&#x662F;&#x7A0B;&#x5F0F;&#x78BC;&#x7684;&#x90E8;&#x5206;&lt;br /&gt;&#xD;
&amp;nbsp; &amp;nbsp;&amp;nbsp;&lt;img alt="" src="https://i-learning.cycu.edu.tw/user/1/1/11027229/images/%E8%9E%A2%E5%B9%95%E6%93%B7%E5%8F%96%E7%95%AB%E9%9D%A2%202022-09-16%20234358.png" /&gt;&lt;br /&gt;&#xD;
&amp;nbsp; &amp;nbsp; ( &#x6211;&#x5F88;&#x61F6;&#x60F0; &#x53EA;&#x5BEB;&#x4E86;&#x52A0;&#x8DDF;&#x6E1B;&#x7684;&#x90E8;&#x5206;XD &#x9084;&#x6709;&#x4E58;&#x8DDF;&#x9664; &#x9084;&#x6709;&#x600E;&#x9EBC;&#x628A;String&#x8F49;&#x6210;BigInteger )&lt;br /&gt;&#xD;
&amp;nbsp; &amp;nbsp; (&#x53C3;&#x8003;&#x8CC7;&#x6E90;:https://openhome.cc/zh-tw/algorithm/numbers/bigint/)&lt;/p&gt;&#xD;
&#xD;
&lt;p&gt;4. &#x907F;&#x514D;&#x4E00;&#x5B9A;&#x6703;&#x6EA2;&#x4F4D;&#x7684;&#x60C5;&#x6CC1; &#x8B6C;&#x5982;&#x9664;&#x4EE5;0&lt;/p&gt; </content>
  <attach></attach>
  <rcount></rcount>
  <rank></rank>
  <hit>30</hit>
  <lang>1</lang>
</data>
