<?xml version="1.0"?>
<data version="3.0" time="2024-06-30 09:15:17" type="post" filename="b000000020000000001.xml">
  <open_time>0000-00-00</open_time>
  <close_time>0000-00-00</close_time>
  <lang_name>Big5</lang_name>
  <board_id>1001162646</board_id>
  <node>000000020000000001</node>
  <site>1000110001</site>
  <pt>2022-09-19 21:06:04</pt>
  <poster>10977001</poster>
  <realname>&#x90ED;&#x7DAD;&#x54F2;  </realname>
  <email>g10977001@cycu.edu.tw</email>
  <homepage>  </homepage>
  <subject>Re: 101. &#x4EE5;&#x81EA;&#x5DF1;&#x7684;&#x8A71;&#x63CF;&#x8FF0;&#x905E;&#x8FF4;recursion&#x662F;&#x4EC0;&#x9EBC;&#x3002;  </subject>
  <content>&lt;p&gt;&#x4E0D;&#x592A;&#x61C2;&#x4F60;&#x7684;&#x610F;&#x601D;&#xFF0C;&#x905E;&#x8FF4;&#x662F;&#x5C07;&#x5927;&#x554F;&#x984C;&#x5206;&#x6210;&#x5E7E;&#x500B;&#x5C0F;&#x554F;&#x984C;&#x3002;&#x4F60;&#x7684;&#x4F8B;&#x5B50;&#x65E9;&#x5348;&#x665A;&#x9910;&#x4E09;&#x8005;&#x4E4B;&#x9593;&#x7684;&#x95DC;&#x4FC2;&#x662F;&#x4EC0;&#x9EBC;&#x5462;&#xFF1F;&lt;/p&gt; </content>
  <attach></attach>
  <rcount></rcount>
  <rank></rank>
  <hit>1</hit>
  <lang>1</lang>
</data>
