<?xml version="1.0"?>
<data version="3.0" time="2024-06-30 09:15:17" type="post" filename="b000000025.xml">
  <open_time>0000-00-00</open_time>
  <close_time>0000-00-00</close_time>
  <lang_name>Big5</lang_name>
  <board_id>1001162646</board_id>
  <node>000000025</node>
  <site>1000110001</site>
  <pt>2022-09-20 15:01:15</pt>
  <poster>11027105</poster>
  <realname>&#x76E7;&#x99FF;&#x63DA;  </realname>
  <email>jy.lu123456@gmail.com</email>
  <homepage>  </homepage>
  <subject>104. &#x4EC0;&#x9EBC;&#x60C5;&#x6CC1;&#x4E0B;&#x9069;&#x5408;&#x4F7F;&#x7528;&#x905E;&#x8FF4;?&#x70BA;&#x4EC0;&#x9EBC;? </subject>
  <content>&lt;p&gt;&lt;span style="font-family:&#x65B0;&#x7D30;&#x660E;&#x9AD4;,serif"&gt;&#x6211;&#x500B;&#x4EBA;&#x8A8D;&#x70BA;&#x80FD;&#x5920;&#x5C07;&#x5927;&#x554F;&#x984C;&#x5316;&#x4F5C;&#x5C0F;&#x554F;&#x984C;&#x7684;&#x554F;&#x984C;&#x4E14;&#x672C;&#x8CEA;&#x76F8;&#x540C;&#x6642;&#xFF0C;&#x90FD;&#x80FD;&#x5920;&#x4F7F;&#x7528;&#x905E;&#x8FF4;&#x4F86;&#x89E3;&#x6C7A;&#xFF0C;&#x50CF;&#x662F;&#x6CB3;&#x5167;&#x5854;&#x554F;&#x984C;&#x4E00;&#x6A23;&#xFF0C;&#x7576;&#x6709;&lt;/span&gt;4&lt;span style="font-family:&#x65B0;&#x7D30;&#x660E;&#x9AD4;,serif"&gt;&#x500B;&#x5708;&#x5708;&#x7684;&#x6642;&#x5019;&#x554F;&#x984C;&#x4FBF;&#x5F88;&#x96E3;&#xFF0C;&#x4F46;&#x7576;&#x5708;&#x5708;&#x6578;&#x8B8A;&#x70BA;&lt;/span&gt;3 &lt;span style="font-family:&#x65B0;&#x7D30;&#x660E;&#x9AD4;,serif"&gt;&#x6216;&lt;/span&gt; 2&lt;span style="font-family:&#x65B0;&#x7D30;&#x660E;&#x9AD4;,serif"&gt;&#x7684;&#x6642;&#x5019;&#x554F;&#x984C;&#x5C31;&#x8B8A;&#x5F97;&#x6DFA;&#x986F;&#x6613;&#x61C2;&#xFF0C;&#x9019;&#x6642;&#x5019;&#x5C31;&#x53EF;&#x4EE5;&#x89C0;&#x5BDF;&#x5708;&#x5708;&#x6578;&#x4E0D;&#x540C;&#x6642;&#xFF0C;&#x6709;&#x4EC0;&#x9EBC;&#x52D5;&#x4F5C;&#x6703;&#x662F;&#x91CD;&#x8907;&#x7684;&#xFF0C;&#x6709;&#x4EC0;&#x9EBC;&#x5730;&#x65B9;&#x6703;&#x662F;&#x76F8;&#x4F3C;&#x7684;&#xFF0C;&#x900F;&#x904E;&#x89C0;&#x5BDF;&#x4F86;&#x767C;&#x73FE;&#x53EF;&#x4EE5;&#x4F7F;&#x7528;&#x905E;&#x8FF4;&#x7684;&#x5730;&#x65B9;&#x3002;&lt;/span&gt;&lt;/p&gt;&#xD;
&#xD;
&lt;p&gt;&lt;span style="font-family:&#x65B0;&#x7D30;&#x660E;&#x9AD4;,serif"&gt;&#x905E;&#x8FF4;&#x6211;&#x89BA;&#x5F97;&#x6700;&#x597D;&#x7684;&#x5730;&#x65B9;&#x5C31;&#x662F;&#x6703;&#x8B93;&#x7A0B;&#x5F0F;&#x78BC;&#x770B;&#x8D77;&#x4F86;&#x7684;&#x884C;&#x6578;&#x5C11;&#x5F88;&#x591A;&#xFF0C;&#x4E7E;&#x6DE8;&#x5F88;&#x591A;&#xFF0C;&#x4F46;&#x76F8;&#x5C0D;&#x7684;&#x5C0D;&#x80CC;&#x5F8C;&#x7684;&#x908F;&#x8F2F;&#x601D;&#x8003;&#x4E5F;&#x66F4;&#x8907;&#x96DC;&#xFF0C;&#x6709;&#x6642;&#x5019;&#x60F3;&#x4E00;&#x60F3;&#x8166;&#x888B;&#x5C31;&#x6253;&#x7D50;&#x4E86;&#x3002;&lt;/span&gt;&lt;/p&gt; </content>
  <attach></attach>
  <rcount></rcount>
  <rank></rank>
  <hit>48</hit>
  <lang>1</lang>
</data>
