<?xml version="1.0"?>
<data version="3.0" time="2024-06-30 09:15:17" type="post" filename="b000000044.xml">
  <open_time>0000-00-00</open_time>
  <close_time>0000-00-00</close_time>
  <lang_name>Big5</lang_name>
  <board_id>1001162646</board_id>
  <node>000000044</node>
  <site>1000110001</site>
  <pt>2022-09-26 17:43:15</pt>
  <poster>11027138</poster>
  <realname>&#x9676;&#x59F3;&#x81FB;  </realname>
  <email>mingzhentao1019@gmail.com</email>
  <homepage>  </homepage>
  <subject>104. &#x4EC0;&#x9EBC;&#x60C5;&#x6CC1;&#x4E0B;&#x9069;&#x5408;&#x4F7F;&#x7528;&#x905E;&#x8FF4;&#xFF1F;&#x70BA;&#x4EC0;&#x9EBC;&#xFF1F; </subject>
  <content>&lt;p&gt;&#x4E00;&#x500B;&#x554F;&#x984C;&#x5982;&#x679C;&#x53EF;&#x4EE5;&#x62C6;&#x89E3;&#x6210;&#x898F;&#x6A21;&#x8F03;&#x5C0F;&#x4F46;&#x662F;&#x6027;&#x8CEA;&#x548C;&#x539F;&#x554F;&#x984C;&#x5B8C;&#x5168;&#x4E00;&#x6A23;&#x7684;&#x554F;&#x984C;&#x7684;&#x6642;&#x5019;&#x5C31;&#x5F88;&#x9069;&#x5408;&#x4F7F;&#x7528;&#x905E;&#x8FF4;&#xFF0C;&#x56E0;&#x70BA;&#x9019;&#x6A23;&#x53EF;&#x4EE5;&#x964D;&#x4F4E;function&#x7684;&#x57F7;&#x884C;&#x96E3;&#x5EA6;&#xFF0C;&#x4E00;&#x5C64;&#x6703;&#x6BD4;&#x4E00;&#x5C64;&#x7C21;&#x55AE;&#x3002;&lt;/p&gt; </content>
  <attach></attach>
  <rcount></rcount>
  <rank></rank>
  <hit>10</hit>
  <lang>1</lang>
</data>
