<?xml version="1.0"?>
<data version="3.0" time="2024-06-30 09:15:17" type="post" filename="b000000018000000001.xml">
  <open_time>0000-00-00</open_time>
  <close_time>0000-00-00</close_time>
  <lang_name>Big5</lang_name>
  <board_id>1001162646</board_id>
  <node>000000018000000001</node>
  <site>1000110001</site>
  <pt>2022-09-19 20:30:29</pt>
  <poster>10977001</poster>
  <realname>&#x90ED;&#x7DAD;&#x54F2;  </realname>
  <email>g10977001@cycu.edu.tw</email>
  <homepage>  </homepage>
  <subject>Re: 101. &#x4EE5;&#x81EA;&#x5DF1;&#x7684;&#x8A71;&#x63CF;&#x8FF0;&#x905E;&#x8FF4;recursion&#x662F;&#x4EC0;&#x9EBC;&#x3002;  </subject>
  <content>&lt;p&gt;&#x4E0D;&#x932F;&#x7684;&#x767C;&#x73FE;&#xFF0C;&#x9AD8;&#x4E2D;&#x6642;&#x4E5F;&#x6709;&#x984C;&#x76EE;&#x662F;&#x7D66;&#x51FA;&#x905E;&#x8FF4;&#x5F0F;&#xFF0C;&#x5229;&#x7528;&#x6578;&#x5B78;&#x6B78;&#x7D0D;&#x6CD5;&#x6C42;&#x51FA;&#x4E00;&#x822C;&#x9805;&#x3002;&lt;/p&gt; </content>
  <attach></attach>
  <rcount></rcount>
  <rank></rank>
  <hit>1</hit>
  <lang>1</lang>
</data>
