<?xml version="1.0"?>
<data version="3.0" time="2024-06-30 09:15:17" type="post" filename="b000000022000000001.xml">
  <open_time>0000-00-00</open_time>
  <close_time>0000-00-00</close_time>
  <lang_name>Big5</lang_name>
  <board_id>1001162646</board_id>
  <node>000000022000000001</node>
  <site>1000110001</site>
  <pt>2022-09-20 10:39:28</pt>
  <poster>11813</poster>
  <realname>&#x5433;&#x5B9C;&#x9D3B;  </realname>
  <email>yhwu@cycu.edu.tw</email>
  <homepage>https://www.researchgate.net/profile/Yi-Hung-Wu-2 </homepage>
  <subject>Re: &#x4EE5;&#x81EA;&#x5DF1;&#x7684;&#x8A71;&#x63CF;&#x8FF0;&#x905E;&#x8FF4;recursion&#x662F;&#x4EC0;&#x9EBC;&#x3002;  </subject>
  <content>&lt;p&gt;&lt;span style="color:#b22222"&gt;&#x4E0D;&#x592A;&#x4E00;&#x6A23;&#x5594;&#xFF0C;&#x5206;&#x8EAB;&#x662F;&#x5206;&#x5DE5;&#xFF0C;&#x6BD4;&#x8F03;&#x50CF;&#x53E6;&#x4E00;&#x500B;&#x8A08;&#x7B97;&#x6A5F;&#x8853;&#x8A9E;&#xFF1A;&#x5206;&#x6563;&#x5F0F;&#x8655;&#x7406;&#xFF0C;&#x5404;&#x81EA;&#x505A;&#x4E0D;&#x540C;&#x7684;&#x5DE5;&#x4F5C;&#x3002;&lt;/span&gt;&lt;/p&gt;&#xD;
&#xD;
&lt;p&gt;&lt;span style="color:#b22222"&gt;&lt;a href="https://shopee.tw/%E6%8E%A7%E5%88%B6%E8%85%B3%E5%BA%95%E6%9F%A5%E5%85%8B%E6%8B%89%E8%A8%93%E7%B7%B4%E7%8F%AD%E3%80%82%E8%AE%93%E4%BD%A0%E6%90%AD%E5%85%AC%E8%BB%8A%E4%B8%8D%E5%86%8D%E9%9C%80%E8%A6%81%E6%89%B6%E6%89%8B-i.2850555.3548396720" target="_blank"&gt;&#x5947;&#x602A;&#x7684;&#x67E5;&#x514B;&#x62C9;&lt;/a&gt; (&#x8AA4;)&lt;/span&gt;&lt;/p&gt;</content>
  <attach></attach>
  <rcount></rcount>
  <rank></rank>
  <hit>2</hit>
  <lang>1</lang>
</data>
