<?xml version="1.0"?>
<data version="3.0" time="2024-06-30 09:15:17" type="post" filename="b000000035000000002.xml">
  <open_time>0000-00-00</open_time>
  <close_time>0000-00-00</close_time>
  <lang_name>Big5</lang_name>
  <board_id>1001162646</board_id>
  <node>000000035000000002</node>
  <site>1000110001</site>
  <pt>2022-09-23 11:53:57</pt>
  <poster>11813</poster>
  <realname>&#x5433;&#x5B9C;&#x9D3B;  </realname>
  <email>yhwu@cycu.edu.tw</email>
  <homepage>https://www.researchgate.net/profile/Yi-Hung-Wu-2  </homepage>
  <subject>Re: 101. &#x4EE5;&#x81EA;&#x5DF1;&#x7684;&#x8A71;&#x63CF;&#x8FF0;&#x905E;&#x8FF4;recursion&#x662F;&#x4EC0;&#x9EBC;&#x3002;*  </subject>
  <content>&lt;p&gt;&lt;span style="color:#b22222"&gt;&#x9996;&#x5148;&#xFF0C;&#x554F;&#x984C;&#x5B9A;&#x7FA9;&#x5FC5;&#x9808;&#x662F;&#x5C0D;&#x7684;&#xFF0C;&#x4F8B;&#x5982;&#xFF1A;&lt;/span&gt;&lt;strong&gt;&lt;span style="color:#ff0000"&gt;&amp;quot;&#x505A;&#x4E86;&#x4EC0;&#x9EBC;&#x4E8B;&amp;quot; --&amp;gt; &amp;quot;&#x751F;&#x6C23;&amp;quot; &lt;/span&gt;&lt;/strong&gt;&lt;span style="color:#b22222"&gt;&#x53EF;&#x80FD;&#x662F;&#x4E0D;&#x5B58;&#x5728;&#x7684;&#x898F;&#x5247; ...&lt;/span&gt;&lt;/p&gt; </content>
  <attach></attach>
  <rcount></rcount>
  <rank></rank>
  <hit>1</hit>
  <lang>1</lang>
</data>
