<?xml version="1.0"?>
<data version="3.0" time="2024-06-30 09:15:17" type="post" filename="b000000028.xml">
  <open_time>0000-00-00</open_time>
  <close_time>0000-00-00</close_time>
  <lang_name>Big5</lang_name>
  <board_id>1001162646</board_id>
  <node>000000028</node>
  <site>1000110001</site>
  <pt>2022-09-21 03:05:58</pt>
  <poster>11027104</poster>
  <realname>&#x4FAF;&#x5982;&#x84C1;  </realname>
  <email>ruzhenhou@gmail.com</email>
  <homepage>  </homepage>
  <subject>101. &#x4EE5;&#x81EA;&#x5DF1;&#x7684;&#x8A71;&#x63CF;&#x8FF0;&#x905E;&#x8FF4;recursion&#x662F;&#x4EC0;&#x9EBC;&#x3002; </subject>
  <content>&lt;p&gt;&#x905E;&#x8FF4;&#x662F;&#x4E00;&#x7A2E;&#x89E3;&#x6C7A;&#x554F;&#x984C;&#x7684;&#x65B9;&#x5F0F;&#xFF0C;&#x5C07;&#x4E00;&#x500B;&#x5927;&#x554F;&#x984C;&#x9010;&#x6B65;&#x8B8A;&#x5C0F;&#x8655;&#x7406;&#xFF0C;&#x6700;&#x7D42;&#x89E3;&#x6C7A;&#x6389;&#x554F;&#x984C;&#x3002;&lt;/p&gt;&#xD;
&#xD;
&lt;p&gt;&#x5728;&#x5C07;&#x5927;&#x554F;&#x984C;&#x8B8A;&#x5C0F;&#x554F;&#x984C;&#x6642;&#x662F;&#x7528;&#x540C;&#x4E00;&#x7A2E;&#x65B9;&#x5F0F;&#x9032;&#x884C;&#xFF0C;&#x50CF;&#x6D0B;&#x8525;&#x4E00;&#x822C;&#x5C64;&#x5C64;&#x5411;&#x5167;&#x64A5;&#xFF0C;&#x6D0B;&#x8525;&#x4E5F;&#x6703;&#x8B8A;&#x5F97;&#x8D8A;&#x4F86;&#x8D8A;&#x5C0F;&#xFF0C;&#x6700;&#x5F8C;&#x5C31;&#x6C92;&#x8FA6;&#x6CD5;&#x518D;&#x64A5;&#x4E0B;&#x53BB;&#xFF0C;&#x6210;&#x70BA;&#x4E86;&#x6700;&#x7D42;&#x7A0B;&#x5F0F;&#x7684;&#x4E2D;&#x6B62;&#x689D;&#x4EF6;&#xFF0C;&#x800C;&#x554F;&#x984C;&#x4E5F;&#x56E0;&#x800C;&#x89E3;&#x6C7A;&#x3002;&lt;/p&gt;&#xD;
&#xD;
&lt;p&gt;&#x905E;&#x8FF4;&#x7684;&#x5BEB;&#x6CD5;&#x6703;&#x56E0;&#x70BA;&#x57F7;&#x884C;&#x7684;&#x5148;&#x5F8C;&#x800C;&#x6709;&#x4E0D;&#x540C;&#x7684;&#x89E3;&#x6C7A;&#x65B9;&#x5F0F;&#xFF0C;&#x7576;&#x6BCF;&#x4E00;&#x7A2E;&#x90FD;&#x80FD;&#x9054;&#x5230;&#x7406;&#x60F3;&#x7D50;&#x679C;&#x6642;&#xFF0C;&#x4E0D;&#x540C;&#x7684;&#x5BEB;&#x6CD5;&#x5E36;&#x4F86;&#x7684;&#x5C31;&#x662F;&#x5728;&#x6548;&#x7387;&#x4E0A;&#x7684;&#x4E0D;&#x540C;&#x3002;&lt;/p&gt;&#xD;
&#xD;
&lt;p&gt;&#x5229;&#x7528;&#x905E;&#x8FF4;&#x89E3;&#x6C7A;&#x554F;&#x984C;&#x53EF;&#x4EE5;&#x4F7F;&#x5F97;&#x7A0B;&#x5F0F;&#x7CBE;&#x7C21;&#x800C;&#x4E14;&#x5BB9;&#x6613;&#x89E3;&#x91CB;&#xFF0C;&#x4F46;&#x8981;&#x6E05;&#x695A;&#x4E86;&#x89E3;&#x5B83;&#x7684;&#x904B;&#x4F5C;&#x65B9;&#x5F0F;&#xFF0C;&#x624D;&#x80FD;&#x5C07;&#x905E;&#x8FF4;&#x7528;&#x7684;&#x6700;&#x6709;&#x6548;&#x76CA;&#x3002;&lt;/p&gt; </content>
  <attach></attach>
  <rcount></rcount>
  <rank></rank>
  <hit>40</hit>
  <lang>1</lang>
</data>
