<?xml version="1.0"?>
<data version="3.0" time="2024-06-30 09:15:17" type="post" filename="b000000048.xml">
  <open_time>0000-00-00</open_time>
  <close_time>0000-00-00</close_time>
  <lang_name>Big5</lang_name>
  <board_id>1001162646</board_id>
  <node>000000048</node>
  <site>1000110001</site>
  <pt>2022-09-27 11:22:00</pt>
  <poster>11027118</poster>
  <realname>&#x5289;&#x7FBD;&#x6853;  </realname>
  <email>lol20021015@gmail.com</email>
  <homepage>  </homepage>
  <subject>101. &#x4EE5;&#x81EA;&#x5DF1;&#x7684;&#x8A71;&#x63CF;&#x8FF0;&#x905E;&#x8FF4;recursion&#x662F;&#x4EC0;&#x9EBC;&#x3002;* </subject>
  <content>&lt;p&gt;&#x905E;&#x8FF4;&#x662F;&#x5728;&#x4E00;&#x500B;&#x51FD;&#x5F0F;&#x5167;&#x4F7F;&#x7528;&#x8A72;&#x51FD;&#x5F0F;&#x7684;&#x904E;&#x7A0B;&#xFF0C;&#x901A;&#x5E38;&#x662F;&#x5C07;&#x4E00;&#x5927;&#x554F;&#x984C;&#x5206;&#x6210;&#x5C0F;&#x554F;&#x984C;&#x53BB;&#x89E3;&#x6C7A;&#xFF0C;&#x4E3B;&#x8981;&#x662F;&#x57F7;&#x884C;&#x91CD;&#x8907;&#x4EFB;&#x52D9;&#x4F7F;&#x7528;&#x3002;&lt;/p&gt; </content>
  <attach></attach>
  <rcount></rcount>
  <rank></rank>
  <hit>26</hit>
  <lang>1</lang>
</data>
