<?xml version="1.0"?>
<data version="3.0" time="2024-06-30 09:15:17" type="post" filename="b000000035.xml">
  <open_time>0000-00-00</open_time>
  <close_time>0000-00-00</close_time>
  <lang_name>Big5</lang_name>
  <board_id>1001162646</board_id>
  <node>000000035</node>
  <site>1000110001</site>
  <pt>2022-09-22 17:11:50</pt>
  <poster>11027146</poster>
  <realname>&#x6797;&#x660E;&#x8AED;  </realname>
  <email>s11027146@cycu.edu.tw</email>
  <homepage>  </homepage>
  <subject>101. &#x4EE5;&#x81EA;&#x5DF1;&#x7684;&#x8A71;&#x63CF;&#x8FF0;&#x905E;&#x8FF4;recursion&#x662F;&#x4EC0;&#x9EBC;&#x3002;* </subject>
  <content>&lt;p&gt;&#x905E;&#x8FF4;&#x53EF;&#x4EE5;&#x5C07;&#x5927;&#x554F;&#x984C;&#x62C6;&#x89E3;&#x6210;&#x540C;&#x6A23;&#x7684;&#x5C0F;&#x554F;&#x984C;&#xFF0C;&#x7576;&#x554F;&#x984C;&#x898F;&#x6A21;&#x7E2E;&#x5C0F;&#x5230;&#x53EF;&#x4EE5;&#x89E3;&#x6C7A;&#x7684;&#x5730;&#x6B65;&#x5F8C;&#xFF0C;&#x518D;&#x9010;&#x4E00;&#x56DE;&#x50B3;&#x89E3;&#x6C7A;&#x5927;&#x554F;&#x984C;&#x3002;&lt;/p&gt;&#xD;
&#xD;
&lt;p&gt;&#x4F8B;&#x5982;&#x5973;&#x670B;&#x53CB;&#x751F;&#x6C23;&#x4E86;&#xFF0C;&#x4F60;&#x60F3;&#x77E5;&#x9053;&#x4E0A;&#x500B;&#x6708;&#x4EC0;&#x9EBC;&#x6642;&#x5019;&#x505A;&#x4E86;&#x60F9;&#x5979;&#x4E0D;&#x958B;&#x5FC3;&#x7684;&#x4E8B;&#xFF08;&#x5927;&#x554F;&#x984C;&#xFF09;&#xFF0C;&#x6240;&#x4EE5;&#x627E;&#x4E00;&#x500B;midpoint&#x6642;&#x9593;&#x9EDE;&#xFF0C;&#x53BB;&#x628A;&#x6574;&#x500B;&#x6708;&#x62C6;&#x6210;&#x5169;&#x90E8;&#x5206;&#xFF08;&#x5C0F;&#x554F;&#x984C;&#xFF09;&#xFF0C;&#x554F;&#x5979;&#x6211;&#x662F;&#x4E0D;&#x662F;&#x4E0A;&#x534A;&#x6708;&#x505A;&#x932F;&#x4E86;&#xFF0C;&#x4E0B;&#x534A;&#x6708;&#x505A;&#x932F;&#x4E86;&#xFF0C;&#x518D;&#x91CD;&#x8907;&#x505A;&#x540C;&#x4E00;&#x4EF6;&#x4E8B;&#x76F4;&#x5230;&#x627E;&#x5230;&#x505A;&#x932F;&#x4E8B;&#x5230;&#x90A3;&#x5929;&#xFF0C;&#x4E26;&#x8A2D;&#x5B9A;&#x7D42;&#x6B62;&#x689D;&#x4EF6;&#x662F;&#x5979;&#x8AAA;&#x300C;&#x5C0D;&#xFF0C;&#x6211;&#x90A3;&#x5929;&#x5F88;&#x751F;&#x6C23;&#x300D;(&#x5047;&#x8A2D;&#x4E0D;&#x6703;&#x8AAA;&#x8B0A;)&#x3002;&lt;/p&gt; </content>
  <attach></attach>
  <rcount></rcount>
  <rank></rank>
  <hit>48</hit>
  <lang>1</lang>
</data>
