<?xml version="1.0"?>
<data version="3.0" time="2024-06-30 09:15:17" type="post" filename="b000000034000000005.xml">
  <open_time>0000-00-00</open_time>
  <close_time>0000-00-00</close_time>
  <lang_name>Big5</lang_name>
  <board_id>1001162646</board_id>
  <node>000000034000000005</node>
  <site>1000110001</site>
  <pt>2022-09-21 23:51:13</pt>
  <poster>10977001</poster>
  <realname>&#x90ED;&#x7DAD;&#x54F2;  </realname>
  <email>g10977001@cycu.edu.tw</email>
  <homepage>  </homepage>
  <subject>Re: 104. &#x4EC0;&#x9EBC;&#x60C5;&#x6CC1;&#x4E0B;&#x9069;&#x5408;&#x4F7F;&#x7528;&#x905E;&#x8FF4;&#xFF1F;&#x70BA;&#x4EC0;&#x9EBC;&#xFF1F;*  </subject>
  <content>&lt;p&gt;&#x905E;&#x8FF4;&#x771F;&#x7684;&#x80FD;&#x63D0;&#x9AD8;&#x6548;&#x7387;&#x55CE;&#xFF1F;&#x662F;&#x6307;&#x5BEB;&#x7A0B;&#x5F0F;&#x7684;&#x6548;&#x7387;&#x9084;&#x662F;&#x7A0B;&#x5F0F;&#x57F7;&#x884C;&#x6548;&#x7387;&#x5462;&#xFF1F;&lt;/p&gt; </content>
  <attach></attach>
  <rcount></rcount>
  <rank></rank>
  <hit>1</hit>
  <lang>1</lang>
</data>
