<?xml version="1.0"?>
<data version="3.0" time="2024-06-30 09:15:17" type="post" filename="b000000008000000001.xml">
  <open_time>0000-00-00</open_time>
  <close_time>0000-00-00</close_time>
  <lang_name>Big5</lang_name>
  <board_id>1001162646</board_id>
  <node>000000008000000001</node>
  <site>1000110001</site>
  <pt>2022-09-18 16:55:12</pt>
  <poster>11813</poster>
  <realname>&#x5433;&#x5B9C;&#x9D3B;  </realname>
  <email>yhwu@cycu.edu.tw</email>
  <homepage>https://www.researchgate.net/profile/Yi-Hung-Wu-2  </homepage>
  <subject>Re: 101 &#x4EE5;&#x81EA;&#x5DF1;&#x7684;&#x8A71;&#x4F86;&#x63CF;&#x8FF0;recursion&#x662F;&#x751A;&#x9EBC;  </subject>
  <content>&lt;p&gt;&lt;span style="color:#b22222"&gt;&#x6700;&#x5F8C;&#x4E00;&#x53E5; &amp;quot;&#x6BD4;&#x8F03;&#x9069;&#x5408;&#x89E3;&#x6C7A;&#x6A39;&#x72C0;&#x7684;&#x908F;&#x8F2F;&#x554F;&#x984C;&#x3002;&amp;quot; &#x56E0;&#x679C;&#x7684;&#x908F;&#x8F2F;&#x4E0D;&#x592A;&#x6E05;&#x695A;&#x3002;&lt;/span&gt;&lt;/p&gt; </content>
  <attach></attach>
  <rcount></rcount>
  <rank></rank>
  <hit>1</hit>
  <lang>1</lang>
</data>
