<?xml version="1.0"?>
<data version="3.0" time="2024-06-30 09:15:17" type="post" filename="b000000043000000003.xml">
  <open_time>0000-00-00</open_time>
  <close_time>0000-00-00</close_time>
  <lang_name>Big5</lang_name>
  <board_id>1001162646</board_id>
  <node>000000043000000003</node>
  <site>1000110001</site>
  <pt>2022-09-26 11:08:53</pt>
  <poster>11027105</poster>
  <realname>&#x76E7;&#x99FF;&#x63DA;  </realname>
  <email>jy.lu123456@gmail.com</email>
  <homepage>  </homepage>
  <subject>Re: 104. &#x4EC0;&#x9EBC;&#x60C5;&#x6CC1;&#x4E0B;&#x9069;&#x5408;&#x4F7F;&#x7528;&#x905E;&#x8FF4;&#xFF1F;&#x70BA;&#x4EC0;&#x9EBC;&#xFF1F;  </subject>
  <content>&lt;p&gt;&#x771F;&#x8B9A;&lt;/p&gt; </content>
  <attach></attach>
  <rcount></rcount>
  <rank></rank>
  <hit>1</hit>
  <lang>1</lang>
</data>
