<?xml version="1.0"?>
<data version="3.0" time="2024-06-30 09:15:17" type="post" filename="b000000016.xml">
  <open_time>0000-00-00</open_time>
  <close_time>0000-00-00</close_time>
  <lang_name>Big5</lang_name>
  <board_id>1001162646</board_id>
  <node>000000016</node>
  <site>1000110001</site>
  <pt>2022-09-16 16:53:59</pt>
  <poster>11027144</poster>
  <realname>&#x9673;&#x4F73;&#x97F3;  </realname>
  <email>crechessiissii@gmail.com</email>
  <homepage>  </homepage>
  <subject>101. &#x4EE5;&#x81EA;&#x5DF1;&#x7684;&#x8A71;&#x63CF;&#x8FF0;&#x905E;&#x8FF4;recursion&#x662F;&#x4EC0;&#x9EBC;&#x3002; </subject>
  <content>&lt;p&gt;&#x5982;&#x679C;&#x6211;&#x6B63;&#x5728;&#x6392;&#x968A;&#xFF0C;&#x6211;&#x60F3;&#x77E5;&#x9053;&#x81EA;&#x5DF1;&#x662F;&#x6392;&#x5728;&#x968A;&#x4F0D;&#x4E2D;&#x7684;&#x54EA;&#x500B;&#x4F4D;&#x7F6E;&#xFF0C;&#x6700;&#x5FEB;&#x7684;&#x65B9;&#x5F0F;&#x5C31;&#x662F;&#x8A62;&#x554F;&#x6392;&#x5728;&#x6211;&#x524D;&#x9762;&#x4E00;&#x4F4D;&#x7684;&#x4EBA;&#x4ED6;&#x7684;&#x4F4D;&#x7F6E;&#xFF0C;&#x7136;&#x5F8C;&#x518D;&#x52A0;&#xFF11;&#x5C31;&#x6703;&#x662F;&#x6211;&#x7684;&#x4F4D;&#x7F6E;&#x3002;&#x7576;&#x6211;&#x5411;&#x524D;&#x9762;&#x7684;&#x4EBA;&#x8A62;&#x554F;&#x4ED6;&#x7684;&#x4F4D;&#x7F6E;&#x5F8C;&#xFF0C;&#x4ED6;&#x70BA;&#x4E86;&#x5F97;&#x77E5;&#x81EA;&#x5DF1;&#x7684;&#x4F4D;&#x7F6E;&#x6240;&#x4EE5;&#x4E5F;&#x5411;&#x6392;&#x5728;&#x4ED6;&#x524D;&#x9762;&#x4E00;&#x4F4D;&#x7684;&#x4EBA;&#x554F;&#x4E86;&#x4E00;&#x6A23;&#x7684;&#x554F;&#x984C;&#xFF0C;&#x66F4;&#x524D;&#x65B9;&#x7684;&#x4EBA;&#x4E5F;&#x901A;&#x904E;&#x8A62;&#x554F;&#x524D;&#x4E00;&#x500B;&#x4EBA;&#x540C;&#x6A23;&#x7684;&#x554F;&#x984C;&#x4F86;&#x78BA;&#x5B9A;&#x81EA;&#x5DF1;&#x7684;&#x4F4D;&#x7F6E;&#xFF0C;&#x9019;&#x500B;&#x554F;&#x984C;&#x4E00;&#x76F4;&#x50B3;&#x5230;&#x968A;&#x4F0D;&#x7684;&#x6700;&#x524D;&#x65B9;&#xFF0C;&#x6392;&#x5728;&#x7B2C;&#x4E00;&#x500B;&#x7684;&#x4EBA;&#x8AAA;&#xFF1A;&#x300C;&#x6211;&#x662F;&#x9019;&#x500B;&#x968A;&#x4F0D;&#x7684;&#x7B2C;&#x4E00;&#x500B;&#x4EBA;&#xFF01;&#x300D;&#xFF0C;&#x7136;&#x5F8C;&#x9019;&#x500B;&#x6D88;&#x606F;&#x4FBF;&#x6703;&#x4E00;&#x500B;&#x63A5;&#x8457;&#x4E00;&#x500B;&#x7684;&#x6CBF;&#x8457;&#x539F;&#x8DEF;&#x50B3;&#x56DE;&#xFF0C;&#x6BCF;&#x500B;&#x4EBA;&#x5728;&#x524D;&#x4E00;&#x500B;&#x4EBA;&#x7684;&#x4F4D;&#x7F6E;&#x4E0A;&#x52A0;&#xFF11;&#x5F97;&#x5230;&#x81EA;&#x5DF1;&#x7684;&#x4F4D;&#x7F6E;&#xFF0C;&#x518D;&#x5C07;&#x81EA;&#x5DF1;&#x7684;&#x4F4D;&#x7F6E;&#x5F80;&#x56DE;&#x50B3;&#x7D66;&#x4E0B;&#x4E00;&#x500B;&#x4EBA;&#x3002;&lt;/p&gt; </content>
  <attach></attach>
  <rcount></rcount>
  <rank></rank>
  <hit>99</hit>
  <lang>1</lang>
</data>
