<?xml version="1.0"?>
<data version="3.0" time="2024-06-30 09:15:17" type="post" filename="b000000031.xml">
  <open_time>0000-00-00</open_time>
  <close_time>0000-00-00</close_time>
  <lang_name>Big5</lang_name>
  <board_id>1001162646</board_id>
  <node>000000031</node>
  <site>1000110001</site>
  <pt>2022-09-21 12:40:40</pt>
  <poster>11027125</poster>
  <realname>&#x8B1D;&#x65FB;&#x8ED2;  </realname>
  <email>kikikig14@gmail.com</email>
  <homepage>  </homepage>
  <subject>104. &#x4EC0;&#x9EBC;&#x60C5;&#x6CC1;&#x4E0B;&#x9069;&#x5408;&#x4F7F;&#x7528;&#x905E;&#x8FF4;&#xFF1F;&#x70BA;&#x4EC0;&#x9EBC;&#xFF1F; </subject>
  <content>&lt;p&gt;&#x7576;&#x554F;&#x984C;&#x5F88;&#x8907;&#x96DC;&#xFF0C;&#x6216;&#x8005;&#x8981;&#x91CD;&#x8907;&#x505A;&#x540C;&#x4E00;&#x4EF6;&#x4E8B;&#x5C31;&#x53EF;&#x4EE5;&#x4F7F;&#x7528;&#x905E;&#x8FF4;&#xFF0C;&#x53EF;&#x4EE5;&#x4F7F;&#x7A0B;&#x5F0F;&#x66F4;&#x7C21;&#x77ED;&#xFF0C;&#x6DFA;&#x986F;&#x6613;&#x61C2;&#xFF0C;&#x4E5F;&#x80FD;&#x4F7F;&#x6211;&#x5011;&#x6253;&#x7A0B;&#x5F0F;&#x7684;&#x6548;&#x7387;&#x63D0;&#x9AD8;&#xFF01;&lt;/p&gt; </content>
  <attach></attach>
  <rcount></rcount>
  <rank></rank>
  <hit>44</hit>
  <lang>1</lang>
</data>
