<?xml version="1.0"?>
<data version="3.0" time="2024-06-30 09:15:17" type="post" filename="b000000007.xml">
  <open_time>0000-00-00</open_time>
  <close_time>0000-00-00</close_time>
  <lang_name>Big5</lang_name>
  <board_id>1001162646</board_id>
  <node>000000007</node>
  <site>1000110001</site>
  <pt>2022-09-14 23:40:09</pt>
  <poster>11027113</poster>
  <realname>&#x5442;&#x5B63;&#x8ED2;  </realname>
  <email>samlu0509@gmail.com</email>
  <homepage>  </homepage>
  <subject>101. &#x4EE5;&#x81EA;&#x5DF1;&#x7684;&#x8A71;&#x63CF;&#x8FF0;&#x905E;&#x8FF4;recursion&#x662F;&#x4EC0;&#x9EBC;&#x3002; </subject>
  <content>&lt;p&gt;&#x5728;&#x9054;&#x5230;&#x7D42;&#x6B62;&#x689D;&#x4EF6;&#x524D;&#xFF0C;&#x51FD;&#x5F0F;&#x6703;&#x4E0D;&#x505C;&#x91CD;&#x8907;&#x547C;&#x53EB;&#x81EA;&#x5DF1;&#xFF0C;&#x9019;&#x5C31;&#x662F;&#x905E;&#x8FF4;&#x3002;&#x5982;&#x540C;&#x4FC4;&#x7F85;&#x65AF;&#x5A03;&#x5A03;&#x4E00;&#x6A23;&#xFF0C;&#x6253;&#x958B;&#x6700;&#x5916;&#x5C64;&#x7684;&#x5A03;&#x5A03;&#xFF0C;&#x88E1;&#x9762;&#x9084;&#x6709;&#x4E00;&#x500B;&#x76F8;&#x540C;&#x5916;&#x89C0;&#x4F46;&#x662F;&#x8F03;&#x5C0F;&#x7684;&#x5A03;&#x5A03;&#xFF0C;&#x518D;&#x6253;&#x958B;&#x4E00;&#x500B;&#xFF0C;&#x4F9D;&#x7136;&#x9084;&#x6709;&#x4E00;&#x500B;&#x76F8;&#x540C;&#x5916;&#x89C0;&#x4F46;&#x66F4;&#x5C0F;&#x7684;&#x5A03;&#x5A03;&#xFF0C;&#x76F4;&#x5230;&#x91CD;&#x8986;&#x5230;&#x653E;&#x4E0D;&#x4E0B;&#x70BA;&#x6B62;&#x3002;&lt;/p&gt;&#xD;
&#xD;
&lt;p&gt;&#x4FC4;&#x7F85;&#x65AF;&#x5A03;&#x5A03;&#x88E1;&#x9762;&#x6709;&#x66F4;&#x5C0F;&#x7684;&#x5A03;&#x5A03;&#x5C31;&#x662F;&#x51FD;&#x5F0F;&#x547C;&#x53EB;&#x81EA;&#x5DF1;&lt;br /&gt;&#xD;
&#x76F8;&#x540C;&#x5916;&#x89C0;&#x5C31;&#x662F;&#x901A;&#x5F0F;&lt;br /&gt;&#xD;
&#x76F4;&#x5230;&#x653E;&#x4E0D;&#x4E0B;&#x5C31;&#x662F;&#x7D42;&#x6B62;&#x689D;&#x4EF6;&lt;/p&gt; </content>
  <attach></attach>
  <rcount></rcount>
  <rank></rank>
  <hit>86</hit>
  <lang>1</lang>
</data>
