<?xml version="1.0"?>
<data version="3.0" time="2024-06-30 09:15:17" type="post" filename="b000000003000000001.xml">
  <open_time>0000-00-00</open_time>
  <close_time>0000-00-00</close_time>
  <lang_name>Big5</lang_name>
  <board_id>1001162646</board_id>
  <node>000000003000000001</node>
  <site>1000110001</site>
  <pt>2022-09-14 23:38:26</pt>
  <poster>11813</poster>
  <realname>&#x5433;&#x5B9C;&#x9D3B;  </realname>
  <email>yhwu@cycu.edu.tw</email>
  <homepage>https://www.researchgate.net/profile/Yi-Hung-Wu-2  </homepage>
  <subject>Re: 104. &#x4EC0;&#x9EBC;&#x60C5;&#x6CC1;&#x4E0B;&#x9069;&#x5408;&#x4F7F;&#x7528;&#x905E;&#x8FF4;&#xFF1F;&#x70BA;&#x4EC0;&#x9EBC;&#xFF1F;  </subject>
  <content>&lt;p&gt;&#x8B1B;&#x5F97;&#x4E0D;&#x932F;&#xFF0C;&#x9019;&#x9580;&#x8AB2;&#x5728;&#x672C;&#x5B78;&#x671F;&#x672B;&#x78BA;&#x5BE6;&#x6703;&#x8B93;&#x540C;&#x5B78;&#x5BE6;&#x4F5C;&#x4E8C;&#x5143;&#x641C;&#x5C0B;&#x6A39;&#xFF0C;&#x61C9;&#x8A72;&#x5C31;&#x4E0D;&#x7528;&#x5F37;&#x5236;&#x898F;&#x5B9A;&#x8981;&#x4F7F;&#x7528;&#x905E;&#x8FF4;&#x4E86;&#x3002;&lt;/p&gt; </content>
  <attach></attach>
  <rcount></rcount>
  <rank></rank>
  <hit>1</hit>
  <lang>1</lang>
</data>
