<?xml version="1.0"?>
<data version="3.0" time="2024-06-30 09:15:17" type="post" filename="b000000008.xml">
  <open_time>0000-00-00</open_time>
  <close_time>0000-00-00</close_time>
  <lang_name>Big5</lang_name>
  <board_id>1001162646</board_id>
  <node>000000008</node>
  <site>1000110001</site>
  <pt>2022-09-15 00:11:17</pt>
  <poster>11027136</poster>
  <realname>&#x5F35;&#x8A60;&#x7AE3;  </realname>
  <email>kye920830@gmail.com</email>
  <homepage>  </homepage>
  <subject>101 &#x4EE5;&#x81EA;&#x5DF1;&#x7684;&#x8A71;&#x4F86;&#x63CF;&#x8FF0;recursion&#x662F;&#x751A;&#x9EBC; </subject>
  <content>&lt;p&gt;&#x7576;&#x6211;&#x5011;&#x9700;&#x8981;&#x91CD;&#x8907;&#x6027;&#x7684;&#x8655;&#x7406;&#x4E00;&#x4EF6;&#x4E8B;&#x60C5;&#x6642;&#xFF0C;&#x6211;&#x5011;&#x53EF;&#x80FD;&#x6709;&#x8FF4;&#x5708;(&#x6216;&#x7A31;&#x975E;&#x905E;&#x8FF4;non-recursion)&#x8DDF;&#x905E;&#x8FF4;(recursion)&#x5169;&#x7A2E;&#x65B9;&#x6CD5;&#xFF0C;&#x5176;&#x4E2D;&#x905E;&#x8FF4;&#x7684;&#x672C;&#x8CEA;&#x5176;&#x5BE6;&#x53EF;&#x4EE5;&#x7528;&#x300C;&#x5728;&#x51FD;&#x5F0F;&#x4E2D;&#x91CD;&#x8907;&#x547C;&#x53EB;&#x81EA;&#x5DF1;&#x672C;&#x8EAB;&#x76F4;&#x81F3;&#x689D;&#x4EF6;&#x9054;&#x6210;&#x300D;&#x4F86;&#x63CF;&#x8FF0;&#xFF0C;&#x6240;&#x4EE5;&#x53EF;&#x4EE5;&#x4EE5;&#x66F4;&#x7C21;&#x5316;&#x7684;&#x7A0B;&#x5F0F;&#x78BC;&#x4F86;&#x8868;&#x793A;&#x4E4B;&#xFF0C;&#x4F46;&#x8207;&#x7C21;&#x5316;&#x7684;&#x7A0B;&#x5F0F;&#x78BC;&#x4F34;&#x96A8;&#x800C;&#x4F86;&#x7684;&#x7F3A;&#x9EDE;&#x5C31;&#x662F;&#x4E0D;&#x5BB9;&#x6613;debug&#xFF0C;&#x56E0;&#x6B64;&#x4ED6;&#x4E5F;&#x6BD4;&#x8F03;&#x9069;&#x5408;&#x89E3;&#x6C7A;&#x6A39;&#x72C0;&#x7684;&#x908F;&#x8F2F;&#x554F;&#x984C;&#x3002;&lt;/p&gt; </content>
  <attach></attach>
  <rcount></rcount>
  <rank></rank>
  <hit>53</hit>
  <lang>1</lang>
</data>
