<?xml version="1.0"?>
<data version="3.0" time="2024-06-30 09:15:17" type="post" filename="b000000009.xml">
  <open_time>0000-00-00</open_time>
  <close_time>0000-00-00</close_time>
  <lang_name>Big5</lang_name>
  <board_id>1001162646</board_id>
  <node>000000009</node>
  <site>1000110001</site>
  <pt>2022-09-15 00:17:52</pt>
  <poster>11027139</poster>
  <realname>&#x8A31;&#x66F8;&#x7DAD;  </realname>
  <email>xushuwei1122@gmail.com</email>
  <homepage>  </homepage>
  <subject>&#x4EC0;&#x9EBC;&#x60C5;&#x6CC1;&#x4E0B;&#x9069;&#x5408;&#x4F7F;&#x7528;&#x905E;&#x8FF4;&#xFF1F;&#x70BA;&#x4EC0;&#x9EBC;&#xFF1F; </subject>
  <content>&lt;p&gt;&#x4E00;&#x500B;&#x554F;&#x984C;&#x5982;&#x679C;&#x53EF;&#x4EE5;&#x62C6;&#x89E3;&#x6210;&#x898F;&#x6A21;&#x8F03;&#x5C0F;&#x4F46;&#x662F;&#x6027;&#x8CEA;&#x548C;&#x539F;&#x554F;&#x984C;&#x5B8C;&#x5168;&#x4E00;&#x6A23;&#x7684;&#x554F;&#x984C;&#x7684;&#x6642;&#x5019;&#xFF0C; &#x5C31;&#x53EF;&#x4EE5;&#x8003;&#x616E;&#x7528;&#x905E;&#x8FF4;&#x51FD;&#x5F0F;&#x4F86;&#x8655;&#x7406;&#x3002; &#x4F8B;&#x5982;&#xFF1A;&#x9023;&#x52A0;, &#x9023;&#x4E58;(&#x968E;&#x4E58;), &#x8F3E;&#x8F49;&#x76F8;&#x9664;, &#x641C;&#x5C0B;,&amp;nbsp; &#x6392;&#x5E8F;, &#x8001;&#x9F20;&#x8D70;&#x8FF7;&#x5BAE;&#x3002;&#x905E;&#x8FF4;&#x6F14;&#x7B97;&#x6CD5;&#x5C31;&#x5982;&#x540C;&#x8001;&#x5E2B;&#x4E0A;&#x8AB2;&#x6240;&#x8AAA;&#x7684;&amp;nbsp;Divide and Conquer &#x65B9;&#x6CD5;&#x3002;Divide and Conquer &#x662F;&#x5E38;&#x5E38;&#x7528;&#x4F86;&#x89E3;&#x6C7A;&#x554F;&#x984C;&#x7684;&#x4E00;&#x7A2E;&#x7B56;&#x7565;&#xFF0C; &#x5C31;&#x662F;&#x5C07;&#x4E00;&#x500B;&#x5927;&#x7684;&#x554F;&#x984C;&#x5148;&#x62C6;&#x89E3;&#x70BA;&#x898F;&#x6A21;&#x8F03;&#x5C0F;&#x7684;&#x5E7E;&#x500B;&#x554F;&#x984C;&#x4F86;&#x5206;&#x5225;&#x5C0D;&#x4ED8;&#xFF0C;&amp;nbsp;&#x5982;&#x679C;&#x65B0;&#x7684;&#x554F;&#x984C;&#x548C;&#x539F;&#x4F86;&#x7684;&#x554F;&#x984C;&#x6027;&#x8CEA;&#x5B8C;&#x5168;&#x76F8;&#x540C;&#x7684;&#x8A71;&#xFF0C; &#x5C31;&#x53EF;&#x4EE5;&#x7528;&#x905E;&#x8FF4;&#x51FD;&#x5F0F;&#x4F86;&#x88FD;&#x4F5C;&#x4E86;&#x3002;&#x4ED6;&#x6703;&#x6709;&#x8FA6;&#x6CD5;&#x900F;&#x904E;&#x4E00;&#x76F4;&#x547C;&#x53EB;&#x81EA;&#x5DF1;&#x4F86;&#x5B8C;&#x6210;&#x6211;&#x5011;&#x6240;&#x8981;&#x89E3;&#x6C7A;&#x7684;&#x554F;&#x984C;&#x3002;&lt;/p&gt; </content>
  <attach></attach>
  <rcount></rcount>
  <rank></rank>
  <hit>68</hit>
  <lang>1</lang>
</data>
