<?xml version="1.0"?>
<data version="3.0" time="2024-06-30 09:15:17" type="post" filename="b000000014.xml">
  <open_time>0000-00-00</open_time>
  <close_time>0000-00-00</close_time>
  <lang_name>Big5</lang_name>
  <board_id>1001162646</board_id>
  <node>000000014</node>
  <site>1000110001</site>
  <pt>2022-09-16 16:22:57</pt>
  <poster>11027124</poster>
  <realname>&#x8521;&#x4F51;&#x653F;  </realname>
  <email>kennytsai0213@icloud.com</email>
  <homepage> </homepage>
  <subject>101. &#x4EE5;&#x81EA;&#x5DF1;&#x7684;&#x8A71;&#x63CF;&#x8FF0;&#x905E;&#x8FF4;recursion&#x662F;&#x4EC0;&#x9EBC;&#x3002; </subject>
  <content>&lt;p&gt;&#x905E;&#x8FF4;&#x7C21;&#x55AE;&#x4F86;&#x8AAA;&#x5C31;&#x662F;&#x5C07;&#x91CD;&#x8907;&#x6027;&#x8CEA;&#x9AD8;&#x7684;&#x554F;&#x984C;(&#x4F8B;&#x5982;:&#x968E;&#x4E58;)&#x62C6;&#x5206;&#x6210;&#x8F03;&#x5C0F;&#x7684;&#x554F;&#x984C;&#x4F86;&#x89E3;&#x6C7A;&#x3002;&#x56E0;&#x70BA;&#x907F;&#x514D;&#x7121;&#x7AAE;&#x8FF4;&#x5708;&#x767C;&#x751F;&#xFF0C;&#x6240;&#x4EE5;&#x9700;&#x8981;&#x8A2D;&#x5B9A;&#x4E00;&#x500B;&#x7D42;&#x6B62;&#x689D;&#x4EF6;&#x3002;&lt;/p&gt;&#xD;
&#xD;
&lt;p&gt;&#x8209;&#x4F8B;:&lt;/p&gt;&#xD;
&#xD;
&lt;p&gt;&#x53BB;&#x62BD;&#x4E00;&#x756A;&#x8CDE;&#xFF0C;&#x6BCF;&#x4E00;&#x62BD;270&#x5143;&#xFF0C;&#x62BD;&#x5230;A&#x8CDE;&#x5C31;&#x505C;&#x6B62;&lt;/p&gt;&#xD;
&#xD;
&lt;p&gt;int f(int n) {&lt;/p&gt;&#xD;
&#xD;
&lt;p&gt;&amp;nbsp; if( n == A )&amp;nbsp;&lt;/p&gt;&#xD;
&#xD;
&lt;p&gt;&amp;nbsp; &amp;nbsp; return A;&lt;/p&gt;&#xD;
&#xD;
&lt;p&gt;&amp;nbsp; else&amp;nbsp;&lt;/p&gt;&#xD;
&#xD;
&lt;p&gt;&amp;nbsp; &amp;nbsp; return f(n);&lt;/p&gt;&#xD;
&#xD;
&lt;p&gt;}&lt;/p&gt;</content>
  <attach></attach>
  <rcount></rcount>
  <rank></rank>
  <hit>72</hit>
  <lang>1</lang>
</data>
