<?xml version="1.0"?>
<data version="3.0" time="2024-06-30 09:15:17" type="post" filename="b000000011000000003.xml">
  <open_time>0000-00-00</open_time>
  <close_time>0000-00-00</close_time>
  <lang_name>Big5</lang_name>
  <board_id>1001162646</board_id>
  <node>000000011000000003</node>
  <site>1000110001</site>
  <pt>2022-09-16 16:07:54</pt>
  <poster>11027144</poster>
  <realname>&#x9673;&#x4F73;&#x97F3;  </realname>
  <email>crechessiissii@gmail.com</email>
  <homepage>  </homepage>
  <subject>Re: 101. &#x4EE5;&#x81EA;&#x5DF1;&#x7684;&#x8A71;&#x63CF;&#x8FF0;&#x905E;&#x8FF4;recursion&#x662F;&#x4EC0;&#x9EBC;&#x3002;  </subject>
  <content>&lt;p&gt;&#x6BCF;&#x4E00;&#x5929;&#x90FD;&#x8CB7;&#x8863;&#x670D;&#x597D;&#x8B9A;&#x5594;&lt;/p&gt; </content>
  <attach></attach>
  <rcount></rcount>
  <rank></rank>
  <hit>1</hit>
  <lang>1</lang>
</data>
