<?xml version="1.0"?>
<data version="3.0" time="2024-06-30 09:15:17" type="post" filename="b000000040.xml">
  <open_time>0000-00-00</open_time>
  <close_time>0000-00-00</close_time>
  <lang_name>Big5</lang_name>
  <board_id>1001162646</board_id>
  <node>000000040</node>
  <site>1000110001</site>
  <pt>2022-09-25 18:09:12</pt>
  <poster>10713226</poster>
  <realname>&#x738B;&#x5B50;&#x6962;  </realname>
  <email>show51848@gmail.com</email>
  <homepage>  </homepage>
  <subject>101. &#x4EE5;&#x81EA;&#x5DF1;&#x7684;&#x8A71;&#x63CF;&#x8FF0;&#x905E;&#x8FF4;recursion&#x662F;&#x4EC0;&#x9EBC; </subject>
  <content>&lt;p&gt;&#x628A;&#x4E00;&#x500B;&#x8907;&#x96DC;&#x6216;&#x53EF;&#x80FD;&#x8981;&#x91CD;&#x8907;&#x5F88;&#x591A;&#x6B65;&#x9A5F;&#x7684;&#x554F;&#x984C;&#x62C6;&#x89E3;&#x6210;&#x597D;&#x5E7E;&#x500B;&#x5C0F;&#x554F;&#x984C;&#xFF0C;&#x9010;&#x4E00;&#x89E3;&#x6C7A;&#x9019;&#x4E9B;&#x5C0F;&#x554F;&#x984C;&#x9032;&#x800C;&#x89E3;&#x6C7A;&#x6240;&#x6709;&#x554F;&#x984C;&#x3002;&lt;/p&gt; </content>
  <attach></attach>
  <rcount></rcount>
  <rank></rank>
  <hit>7</hit>
  <lang>1</lang>
</data>
