<?xml version="1.0"?>
<data version="3.0" time="2024-06-30 09:15:17" type="post" filename="b000000039.xml">
  <open_time>0000-00-00</open_time>
  <close_time>0000-00-00</close_time>
  <lang_name>Big5</lang_name>
  <board_id>1001162646</board_id>
  <node>000000039</node>
  <site>1000110001</site>
  <pt>2022-09-25 16:05:04</pt>
  <poster>11027119</poster>
  <realname>&#x79E6;&#x5609;&#x6607;  </realname>
  <email>c20021219@gmail.com</email>
  <homepage>  </homepage>
  <subject>101. &#x4EE5;&#x81EA;&#x5DF1;&#x7684;&#x8A71;&#x63CF;&#x8FF0;&#x905E;&#x8FF4;recursion&#x662F;&#x4EC0;&#x9EBC; </subject>
  <content>&lt;p&gt;&#x628A;&#x5927;&#x554F;&#x984C;&#x8655;&#x7406;&#x5B8C;&#x4E00;&#x5C0F;&#x90E8;&#x5206;&#x5F8C;&#xFF0C;&#x7E7C;&#x7E8C;&#x505A;&#x4E00;&#x6A23;&#x7684;&#x4E8B;&#xFF0C;&#x76F4;&#x5230;&#x62B5;&#x9054;base case return &#x5C31;&#x80FD;&#x5F97;&#x5230;&#x5927;&#x554F;&#x984C;&#x7684;&#x7D50;&#x679C;&#x3002;&lt;/p&gt; </content>
  <attach></attach>
  <rcount></rcount>
  <rank></rank>
  <hit>59</hit>
  <lang>1</lang>
</data>
