<?xml version="1.0"?>
<data version="3.0" time="2024-06-30 09:15:17" type="post" filename="b000000006.xml">
  <open_time>0000-00-00</open_time>
  <close_time>0000-00-00</close_time>
  <lang_name>Big5</lang_name>
  <board_id>1001162646</board_id>
  <node>000000006</node>
  <site>1000110001</site>
  <pt>2022-09-14 23:30:27</pt>
  <poster>11027121</poster>
  <realname>&#x66FE;&#x5D07;&#x8F14;  </realname>
  <email>elvis920419@gmail.com</email>
  <homepage>  </homepage>
  <subject>104. &#x4EC0;&#x9EBC;&#x60C5;&#x6CC1;&#x4E0B;&#x9069;&#x5408;&#x4F7F;&#x7528;&#x905E;&#x8FF4;&#xFF1F;&#x70BA;&#x4EC0;&#x9EBC;&#xFF1F; </subject>
  <content>&lt;p&gt;&#x3000;&#x3000;&#x7576;&#x9047;&#x5230;&#x4E00;&#x500B;&#x554F;&#x984C;&#x80FD;&#x5920;&#x62C6;&#x5206;&#x70BA;&#x597D;&#x5E7E;&#x500B;&#x904B;&#x7B97;&#x6B65;&#x9A5F;&#x4E00;&#x6A23;&#x6216;&#x985E;&#x4F3C;&#x7684;&#x5C0F;&#x90E8;&#x5206;&#x6642;&#xFF0C;&#x5C31;&#x662F;&#x4F7F;&#x7528;&#x905E;&#x8FF4;&#x7684;&#x597D;&#x6642;&#x6A5F;&#x3002;&#xFF08;&#x4F8B;&#x5982;&#xFF1A;&#x968E;&#x4E58;&#x3001;&#x6700;&#x5927;&#x516C;&#x56E0;&#x6578;&#x3001;&#x6CB3;&#x5167;&#x5854;&#x3001;&#x641C;&#x5C0B;&#x3001;&#x8CBB;&#x5F0F;&#x6578;&#x5217;...&#x7B49;&#x7B49;&#xFF09;&#xFF0C;&#x4E26;&#x4E14;&#x6BD4;&#x8D77;&#x666E;&#x901A;&#x7684;&#x8FF4;&#x5708;&#xFF0C;&#x4F7F;&#x7528;&#x905E;&#x8FF4;&#x6709;&#x66F4;&#x6E05;&#x6670;&#x7684;&#x7D50;&#x69CB;&#xFF0C;&#x80FD;&#x5920;&#x4F7F;&#x7A0B;&#x5F0F;&#x78BC;&#x66F4;&#x5BB9;&#x6613;&#x95B1;&#x8B80;&#x3002;&lt;/p&gt; </content>
  <attach></attach>
  <rcount></rcount>
  <rank></rank>
  <hit>85</hit>
  <lang>1</lang>
</data>
