<?xml version="1.0"?>
<data version="3.0" time="2024-06-30 09:15:17" type="post" filename="b000000005000000001.xml">
  <open_time>0000-00-00</open_time>
  <close_time>0000-00-00</close_time>
  <lang_name>Big5</lang_name>
  <board_id>1001162646</board_id>
  <node>000000005000000001</node>
  <site>1000110001</site>
  <pt>2022-09-14 23:49:26</pt>
  <poster>11813</poster>
  <realname>&#x5433;&#x5B9C;&#x9D3B;  </realname>
  <email>yhwu@cycu.edu.tw</email>
  <homepage>https://www.researchgate.net/profile/Yi-Hung-Wu-2  </homepage>
  <subject>Re: 104. &#x4EC0;&#x9EBC;&#x60C5;&#x6CC1;&#x4E0B;&#x9069;&#x5408;&#x4F7F;&#x7528;&#x905E;&#x8FF4;&#xFF1F;&#x70BA;&#x4EC0;&#x9EBC;&#xFF1F;  </subject>
  <content>&lt;p&gt;&#x8B1B;&#x5F97;&#x4E0D;&#x932F;&#xFF0C;&#x53EF;&#x60DC;&#x4F8B;&#x5B50;&#x662F;&#x6559;&#x6750;&#x4E0A;&#x7684;&#xFF0C;&#x6709;&#x5176;&#x4ED6;&#x4F8B;&#x5B50;&#x55CE;&#xFF1F;&lt;/p&gt;&#xD;
&#xD;
&lt;p&gt;&#x81E8;&#x6642;&#x60F3;&#x5230;&#x7684;&#x554F;&#x984C;&#xFF1A;A &#x547C;&#x53EB; B&#xFF0C;&#x7136;&#x5F8C; B &#x547C;&#x53EB; A&#xFF0C;&#x9019;&#x6A23;A&#x662F;&#x905E;&#x8FF4;&#x51FD;&#x6578;&#x55CE;&#xFF1F;&#x60F3;&#x5F97;&#x5230;&#x4EC0;&#x9EBC;&#x4F8B;&#x5B50;&#x55CE;&#xFF1F;&lt;/p&gt; </content>
  <attach></attach>
  <rcount></rcount>
  <rank></rank>
  <hit>1</hit>
  <lang>1</lang>
</data>
