<?xml version="1.0"?>
<data version="3.0" time="2024-06-30 09:15:17" type="post" filename="b000000034.xml">
  <open_time>0000-00-00</open_time>
  <close_time>0000-00-00</close_time>
  <lang_name>Big5</lang_name>
  <board_id>1001162646</board_id>
  <node>000000034</node>
  <site>1000110001</site>
  <pt>2022-09-21 13:51:20</pt>
  <poster>11027133</poster>
  <realname>&#x674E;&#x82E5;&#x83F1;  </realname>
  <email>sally.mimi0909@gmail.com</email>
  <homepage>  </homepage>
  <subject>104. &#x4EC0;&#x9EBC;&#x60C5;&#x6CC1;&#x4E0B;&#x9069;&#x5408;&#x4F7F;&#x7528;&#x905E;&#x8FF4;&#xFF1F;&#x70BA;&#x4EC0;&#x9EBC;&#xFF1F;* </subject>
  <content>&lt;p&gt;&#x7576;&#x554F;&#x984C;&#x53EF;&#x62C6;&#x6210;&#x4E00;&#x500B;&#x500B;&#x5C0F;&#x554F;&#x984C;&#x91CD;&#x8907;&#x8655;&#x7406;&#xFF0C;&#x4E14;&#x6BCF;&#x500B;&#x5C0F;&#x554F;&#x984C;&#x6027;&#x8CEA;&#x76F8;&#x4F3C;&#x7684;&#x6642;&#x5019;&#xFF0C;&#x9069;&#x5408;&#x4F7F;&#x7528;&#x905E;&#x8FF4;&#x51FD;&#x5F0F;&#x4F86;&#x8655;&#x7406;&#xFF0C;&#x56E0;&#x70BA;&#x5B83;&#x6703;&#x4E00;&#x76F4;&#x547C;&#x53EB;&#x81EA;&#x5DF1;&#x4F86;&#x8655;&#x7406;&#x554F;&#x984C;&#xFF0C;&#x80FD;&#x6709;&#x6548;&#x907F;&#x514D;&#x76F8;&#x4F3C;&#x7E41;&#x96DC;&#x7684;&#x7A0B;&#x5F0F;&#x78BC;&#x4E26;&#x63D0;&#x9AD8;&#x6548;&#x7387;&lt;/p&gt; </content>
  <attach></attach>
  <rcount></rcount>
  <rank></rank>
  <hit>49</hit>
  <lang>1</lang>
</data>
