<?xml version="1.0"?>
<data version="3.0" time="2024-06-30 09:15:17" type="post" filename="b000000011.xml">
  <open_time>0000-00-00</open_time>
  <close_time>0000-00-00</close_time>
  <lang_name>Big5</lang_name>
  <board_id>1001162646</board_id>
  <node>000000011</node>
  <site>1000110001</site>
  <pt>2022-09-15 21:34:23</pt>
  <poster>11027148</poster>
  <realname>&#x5468;&#x54C1;&#x8ABC;  </realname>
  <email>070522jacqueline@gmail.com</email>
  <homepage>  </homepage>
  <subject>101. &#x4EE5;&#x81EA;&#x5DF1;&#x7684;&#x8A71;&#x63CF;&#x8FF0;&#x905E;&#x8FF4;recursion&#x662F;&#x4EC0;&#x9EBC;&#x3002; </subject>
  <content>&lt;p&gt;&#x905E;&#x8FF4;&#x662F;&#x4E00;&#x7A2E;&#x5C07;&#x554F;&#x984C;&#x7C21;&#x55AE;&#x5316;&#x70BA;&#x5C0F;&#x554F;&#x984C; &#x9032;&#x884C;&#x62C6;&#x89E3;&#x76F4;&#x5230;&#x9054;&#x6210;&#x7D42;&#x6B62;&#x689D;&#x4EF6;&lt;br /&gt;&#xD;
&#x662F;&#x89E3;&#x6C7A;&#x8907;&#x96DC;&#x554F;&#x984C;&#x7684;&#x4E00;&#x7A2E;&#x65B9;&#x5F0F;&#x3002;&lt;br /&gt;&#xD;
&#x8209;&#x4F8B;&#xFF1A;&lt;/p&gt;&#xD;
&#xD;
&lt;p&gt;&#x6211;&#x662F;&#x4E00;&#x500B;&#x611B;&#x8CB7;&#x8863;&#x670D;&#x7684;&#x4EBA; &#x6BCF;&#x4E00;&#x5929;&#x4E00;&#x5B9A;&#x8981;&#x800C;&#x4E14;&#x53EA;&#x8CB7;&#x4E00;&#x4EF6;&#x8863;&#x670D;&#x50F9;&#x683C;&#x70BA;100&lt;/p&gt;&#xD;
&#xD;
&lt;p&gt;&#x800C;&#x6211;&#x6709;&#x5B58;&#x6B3E;500 &#x7D42;&#x6B62;&#x689D;&#x4EF6;&#x662F;&#x6C92;&#x9322;&#xFF08;&#x5B58;&#x6B3E;&#x70BA;0&#xFF09;&lt;/p&gt;&#xD;
&#xD;
&lt;p&gt;f(n)= f(n-1) -100 , f(0) &#x70BA;&#x539F;&#x6709;&#x5B58;&#x6B3E;500&#xFF0C; n &#x70BA;&#x8CB7;&#x8863;&#x670D;&#x7684;&#x7B2C;n&#x5929;&lt;/p&gt;&#xD;
&#xD;
&lt;p&gt;&#x7531;&#x6B64;&#x905E;&#x8FF4;&#x5F0F;&#x53EF;&#x5F97;&#x77E5;&#xFF0C;&#x7576;&#x7B2C;&#x4E94;&#x65E5;&#x6642;&#x5DF2;&#x6C92;&#x9322;&#x3002;&lt;/p&gt; </content>
  <attach></attach>
  <rcount></rcount>
  <rank></rank>
  <hit>104</hit>
  <lang>1</lang>
</data>
