<?xml version="1.0"?>
<data version="3.0" time="2024-06-30 09:15:17" type="post" filename="b000000011000000005.xml">
  <open_time>0000-00-00</open_time>
  <close_time>0000-00-00</close_time>
  <lang_name>Big5</lang_name>
  <board_id>1001162646</board_id>
  <node>000000011000000005</node>
  <site>1000110001</site>
  <pt>2022-09-18 16:59:29</pt>
  <poster>11813</poster>
  <realname>&#x5433;&#x5B9C;&#x9D3B;  </realname>
  <email>yhwu@cycu.edu.tw</email>
  <homepage>https://www.researchgate.net/profile/Yi-Hung-Wu-2  </homepage>
  <subject>Re: 101. &#x4EE5;&#x81EA;&#x5DF1;&#x7684;&#x8A71;&#x63CF;&#x8FF0;&#x905E;&#x8FF4;recursion&#x662F;&#x4EC0;&#x9EBC;&#x3002;  </subject>
  <content>&lt;p&gt;&lt;span style="color:#b22222"&gt;&#x8209;&#x4F8B;&#x5927;&#x81F4;&#x6E05;&#x695A;&#xFF0C;&#x552F;&#x4E00;&#x7455;&#x75B5;&#x662F;&#x6C92;&#x6709;&#x5B9A;&#x7FA9;f(n)&#xFF0C;&#x53EA;&#x63D0;&#x5230;f(0)&#x662F;&#x539F;&#x6709;&#x5B58;&#x6B3E;&#x3002;&lt;/span&gt;&lt;/p&gt; </content>
  <attach></attach>
  <rcount></rcount>
  <rank></rank>
  <hit>1</hit>
  <lang>1</lang>
</data>
