<?xml version="1.0"?>
<data version="3.0" time="2024-06-30 09:15:17" type="post" filename="b000000019.xml">
  <open_time>0000-00-00</open_time>
  <close_time>0000-00-00</close_time>
  <lang_name>Big5</lang_name>
  <board_id>1001162646</board_id>
  <node>000000019</node>
  <site>1000110001</site>
  <pt>2022-09-19 02:04:40</pt>
  <poster>11027152</poster>
  <realname>&#x9EC3;&#x5A49;&#x798E;  </realname>
  <email>h0978429655@gmail.com</email>
  <homepage>  </homepage>
  <subject>104. &#x4EC0;&#x9EBC;&#x60C5;&#x6CC1;&#x4E0B;&#x9069;&#x5408;&#x4F7F;&#x7528;&#x905E;&#x8FF4;&#xFF1F;&#x70BA;&#x4EC0;&#x9EBC;&#xFF1F; </subject>
  <content>&lt;p&gt;&#x7576;&#x500B;&#x89E3;&#x984C;&#x6B65;&#x9A5F;&#x6BCF;&#x6B65;&#x60C5;&#x6CC1;&#x76F8;&#x4F3C;&#x6216;&#x4E00;&#x76F4;&#x8981;&#x91CD;&#x8907;&#x64CD;&#x4F5C;&#x67D0;&#x6B65;&#xFF0C;&#x5373;&#x80FD;&#x628A;&#x4E00;&#x500B;&#x5927;&#x554F;&#x984C;&#x5206;&#x89E3;&#x6210;&#x591A;&#x500B;&#x5C0F;&#x554F;&#x984C;&#x4F86;&#x89E3;&#x6C7A;&#xFF0C;&#x4E14;&#x6709;&#x7D42;&#x6B62;&#x689D;&#x4EF6;(base case)&#x6642;&#xFF0C;&#x9069;&#x5408;&#x4F7F;&#x7528;&#x905E;&#x8FF4;&#xFF0C;&#x4F8B;&#x5982;&#x968E;&#x4E58;&#x3001;&#x6700;&#x5927;&#x516C;&#x56E0;&#x6578;&#x3001;&#x641C;&#x5C0B;&#x3001;&#x8CBB;&#x662F;&#x6578;&#x5217;&#x3001;&#x7D44;&#x5408;&#x6578;&#x3001;&#x6CB3;&#x5167;&#x5854;&#x3001;&#x788E;&#x5F62;&#x7B49;&#x3002;&#x5982;&#x6B64;&#x4E00;&#x4F86;&#x4E0D;&#x4F46;&#x80FD;&#x8B93;&#x554F;&#x984C;&#x756B;&#x7E41;&#x70BA;&#x7C21;&#xFF0C;&#x8B93;&#x554F;&#x984C;&#x8B8A;&#x7C21;&#x55AE;&#xFF0C;&#x9084;&#x80FD;&#x52A0;&#x901F;&#x627E;&#x5230;&#x6240;&#x6C42;&#x89E3;&#x7B54;&#xFF0C;&#x7A0B;&#x5F0F;&#x78BC;&#x9084;&#x80FD;&#x8B8A;&#x5F97;&#x66F4;&#x52A0;&#x4E7E;&#x6DE8;&#x4FD0;&#x843D;&#x3002;&lt;/p&gt; </content>
  <attach></attach>
  <rcount></rcount>
  <rank></rank>
  <hit>67</hit>
  <lang>1</lang>
</data>
