<?xml version="1.0"?>
<data version="3.0" time="2024-06-30 09:15:17" type="post" filename="b000000041.xml">
  <open_time>0000-00-00</open_time>
  <close_time>0000-00-00</close_time>
  <lang_name>Big5</lang_name>
  <board_id>1001162646</board_id>
  <node>000000041</node>
  <site>1000110001</site>
  <pt>2022-09-26 09:07:50</pt>
  <poster>11027172</poster>
  <realname>&#x9673;&#x6E2F;&#x751F;  </realname>
  <email>hkjimmy73@gmail.com</email>
  <homepage>  </homepage>
  <subject>101. &#x4EE5;&#x81EA;&#x5DF1;&#x7684;&#x8A71;&#x63CF;&#x8FF0;&#x905E;&#x8FF4;recursion&#x662F;&#x4EC0;&#x9EBC; </subject>
  <content>&lt;p&gt;&#x6211;&#x89BA;&#x5F97;&#x905E;&#x8FF4;&#x5C31;&#x662F;&#x4E00;&#x7A2E;&#x53EF;&#x4EE5;&#x628A;&#x5927;&#x554F;&#x984C;&#x4E00;&#x76F4;&#x62C6;&#x5C0F;&#x518D;&#x89E3;&#x6C7A;&#x7684;&#x4E00;&#x7A2E;&#x5DE5;&#x5177;&lt;/p&gt; </content>
  <attach></attach>
  <rcount></rcount>
  <rank></rank>
  <hit>18</hit>
  <lang>1</lang>
</data>
