<?xml version="1.0"?>
<data version="3.0" time="2024-06-30 09:15:17" type="post" filename="b000000037000000001.xml">
  <open_time>0000-00-00</open_time>
  <close_time>0000-00-00</close_time>
  <lang_name>Big5</lang_name>
  <board_id>1001162646</board_id>
  <node>000000037000000001</node>
  <site>1000110001</site>
  <pt>2022-09-23 10:40:55</pt>
  <poster>11027149</poster>
  <realname>&#x6E38;&#x5A55;&#x6B46;  </realname>
  <email>xin090918@gmail.com</email>
  <homepage>  </homepage>
  <subject>Re: 101. &#x4EE5;&#x81EA;&#x5DF1;&#x7684;&#x8A71;&#x63CF;&#x8FF0;&#x905E;&#x8FF4;recursion&#x662F;&#x4EC0;&#x9EBC;&#x3002;  </subject>
  <content>&lt;p&gt;&#x8B1B;&#x89E3;&#x5F97;&#x592A;&#x597D;&#x4E86; &#x66F4;&#x61C2;&#x905E;&#x8FF4;&#x4E86;&lt;/p&gt; </content>
  <attach></attach>
  <rcount></rcount>
  <rank></rank>
  <hit>1</hit>
  <lang>1</lang>
</data>
