<?xml version="1.0"?>
<data version="3.0" time="2024-06-30 09:15:17" type="post" filename="b000000013000000001.xml">
  <open_time>0000-00-00</open_time>
  <close_time>0000-00-00</close_time>
  <lang_name>Big5</lang_name>
  <board_id>1001162646</board_id>
  <node>000000013000000001</node>
  <site>1000110001</site>
  <pt>2022-09-18 17:17:03</pt>
  <poster>11813</poster>
  <realname>&#x5433;&#x5B9C;&#x9D3B;  </realname>
  <email>yhwu@cycu.edu.tw</email>
  <homepage>https://www.researchgate.net/profile/Yi-Hung-Wu-2  </homepage>
  <subject>Re: 104. &#x4EC0;&#x9EBC;&#x60C5;&#x6CC1;&#x4E0B;&#x9069;&#x5408;&#x4F7F;&#x7528;&#x905E;&#x8FF4;&#xFF1F;&#x70BA;&#x4EC0;&#x9EBC;&#xFF1F;  </subject>
  <content>&lt;p&gt;&lt;span style="color:#b22222"&gt;&amp;quot;&#x9700;&#x8981;&#x8F03;&#x591A;&#x7684;&#x5132;&#x5B58;&#x7A7A;&#x9593;&#x3001;&#x7A0B;&#x5F0F; run&amp;nbsp;&#x8D77;&#x4F86;&#x9700;&#x8981;&#x82B1;&#x8CBB;&#x6BD4;&#x8F03;&#x591A;&#x7684;&#x6642;&#x9593;&amp;quot; &#x53EF;&#x80FD;&#x9700;&#x8981;&#x9032;&#x4E00;&#x6B65;&#x89E3;&#x91CB;&#xFF0C;&#x6709;&#x4E9B;&#x554F;&#x984C;&#x7528;&#x8FF4;&#x5708;&#x5BEB;&#x6CD5;&#x662F;&#x6548;&#x7387;&#x66F4;&#x5DEE;&#x7684;&#x3002;&lt;/span&gt;&lt;/p&gt; </content>
  <attach></attach>
  <rcount></rcount>
  <rank></rank>
  <hit>1</hit>
  <lang>1</lang>
</data>
