<?xml version="1.0"?>
<data version="3.0" time="2024-06-30 09:15:17" type="post" filename="b000000020.xml">
  <open_time>0000-00-00</open_time>
  <close_time>0000-00-00</close_time>
  <lang_name>Big5</lang_name>
  <board_id>1001162646</board_id>
  <node>000000020</node>
  <site>1000110001</site>
  <pt>2022-09-19 17:07:38</pt>
  <poster>11020105</poster>
  <realname>&#x7C21;&#x5065;&#x6D32;  </realname>
  <email>jay0982854390@gmail.com</email>
  <homepage> </homepage>
  <subject>101. &#x4EE5;&#x81EA;&#x5DF1;&#x7684;&#x8A71;&#x63CF;&#x8FF0;&#x905E;&#x8FF4;recursion&#x662F;&#x4EC0;&#x9EBC;&#x3002; </subject>
  <content>&lt;p&gt;&#x4E00;&#x7A2E;&#x80FD;&#x5920;&#x89E3;&#x6C7A;&#x91CD;&#x8986;&#x554F;&#x984C;&#x4EE5;&#x53CA;&#x5C07;&#x5927;&#x554F;&#x984C;&#x5206;&#x6210;&#x597D;&#x5E7E;&#x500B;&#x5C0F;&#x554F;&#x984C;&#x89E3;&#x6C7A;&#x7684;&#x65B9;&#x6CD5;&#xFF0C;&#x4F8B;&#x5982;&#x4ECA;&#x5929;&#x7C43;&#x7403;&#x4F5C;&#x696D;&#x8981;&#x6295;&#x9032;100&#x9846;&#x7403;(&#x5927;&#x554F;&#x984C;)&#xFF0C;&#x800C;&#x6211;&#x5206;&#x6210;&#x4E0A;&#x5348;&#xFF0C;&#x4E2D;&#x5348;&#xFF0C;&#x4E0B;&#x5348;&#xFF0C;&#x665A;&#x4E0A;&#xFF0C;&#x56DB;&#x6B21;&#x5206;&#x5225;&#x6295;&#x9032;25&#x9846;&#x7403;(&#x4E5F;&#x5C31;&#x662F;&#x5206;&#x6210;&#x56DB;&#x500B;&#x5C0F;&#x554F;&#x984C;&#x89E3;&#x6C7A;)&#xFF0C;&#x800C;&#x5B8C;&#x6210;&#x7684;&#x689D;&#x4EF6;&#x5C31;&#x662F;&#x7E3D;&#x5171;&#x6295;&#x9032;100&#x9846;&#x7403;&#x6216;&#x662F;&#x6642;&#x9593;&#x5DF2;&#x8D85;&#x904E;&#x534A;&#x591C;12&#x9EDE;&#x3002;&#x9019;&#x4E5F;&#x662F;&#x905E;&#x8FF4;&#x4E2D;&#x7684;&#x7D42;&#x6B62;&#x689D;&#x4EF6;&#xFF0C;&#x6240;&#x4EE5;&#x4EE5;&#x4E0A;&#x5169;&#x7A2E;&#x689D;&#x4EF6;&#x4E4B;&#x4E00;&#x672A;&#x9054;&#x6210;&#xFF0C;&#x6211;&#x5C31;&#x5FC5;&#x9808;&#x7E7C;&#x7E8C;&#x5206;&#x5225;&#x5C07;&#x7403;&#x6295;&#x9032;&#x3002;&lt;/p&gt;</content>
  <attach></attach>
  <rcount></rcount>
  <rank></rank>
  <hit>44</hit>
  <lang>1</lang>
</data>
