<?xml version="1.0"?>
<data version="3.0" time="2024-06-30 09:15:17" type="post" filename="b000000014000000001.xml">
  <open_time>0000-00-00</open_time>
  <close_time>0000-00-00</close_time>
  <lang_name>Big5</lang_name>
  <board_id>1001162646</board_id>
  <node>000000014000000001</node>
  <site>1000110001</site>
  <pt>2022-09-18 17:28:37</pt>
  <poster>11813</poster>
  <realname>&#x5433;&#x5B9C;&#x9D3B;  </realname>
  <email>yhwu@cycu.edu.tw</email>
  <homepage>https://www.researchgate.net/profile/Yi-Hung-Wu-2  </homepage>
  <subject>Re: 101. &#x4EE5;&#x81EA;&#x5DF1;&#x7684;&#x8A71;&#x63CF;&#x8FF0;&#x905E;&#x8FF4;recursion&#x662F;&#x4EC0;&#x9EBC;&#x3002;  </subject>
  <content>&lt;p&gt;&lt;span style="color:#ff0000"&gt;&#x9019;&#x500B;&#x905E;&#x8FF4;&#x51FD;&#x6578;&#x662F;&#x4E0D;&#x6B63;&#x78BA;&#x7684;&#xFF0C;&#x8B8A;&#x6578;n&#x5728;&#x905E;&#x8FF4;&#x904E;&#x7A0B;&#x6C92;&#x6709;&#x4EFB;&#x4F55;&#x8B8A;&#x5316;&#xFF0C;&#x5927;&#x591A;&#x6578;&#x60C5;&#x6CC1;&#x90FD;&#x662F;&#x7121;&#x6CD5;&#x7D42;&#x6B62;...&lt;/span&gt;&lt;/p&gt;&#xD;
&#xD;
&lt;p&gt;Ref.&amp;nbsp;&lt;a href="https://www.banpresto.jp/shop/search.html?country_id=04" target="_blank"&gt;https://www.banpresto.jp/shop/search.html?country_id=04&lt;/a&gt;&lt;/p&gt; </content>
  <attach></attach>
  <rcount></rcount>
  <rank></rank>
  <hit>1</hit>
  <lang>1</lang>
</data>
