<?xml version="1.0"?>
<data version="3.0" time="2024-06-30 09:15:17" type="post" filename="b000000022.xml">
  <open_time>0000-00-00</open_time>
  <close_time>0000-00-00</close_time>
  <lang_name>Big5</lang_name>
  <board_id>1001162646</board_id>
  <node>000000022</node>
  <site>1000110001</site>
  <pt>2022-09-20 01:04:25</pt>
  <poster>10923137</poster>
  <realname>&#x984F;&#x7965;&#x76CA;  </realname>
  <email>n20111224@yahoo.com.tw</email>
  <homepage>  </homepage>
  <subject>&#x4EE5;&#x81EA;&#x5DF1;&#x7684;&#x8A71;&#x63CF;&#x8FF0;&#x905E;&#x8FF4;recursion&#x662F;&#x4EC0;&#x9EBC;&#x3002; </subject>
  <content>&lt;p&gt;&#x770B;&#x5230;&#x905E;&#x8FF4;&#x6211;&#x60F3;&#x5230;&#x7684;&#x5C31;&#x662F;&#x706B;&#x5F71;&#x5FCD;&#x8005;&#x4E2D;&#x7684;&#x5F71;&#x5206;&#x8EAB;&#x4E4B;&#x8853;&#xFF0C;&#x800C;&#x67E5;&#x514B;&#x62C9;&#x5C31;&#x597D;&#x6BD4;&#x662F;&#x96FB;&#x8166;&#x7684;&#x8A18;&#x61B6;&#x9AD4;&#x5BB9;&#x91CF;(&#x67E5;&#x514B;&#x62C9;&#x7684;&#x7E3D;&#x91CF;&#x6703;&#x76F4;&#x63A5;&#x5F71;&#x97FF;&#x5F71;&#x5206;&#x8EAB;&#x7684;&#x6578;&#x76EE;)&#xFF0C;&#x4F7F;&#x7528;&#x5F71;&#x5206;&#x8EAB;&#x4E4B;&#x5F8C;&#x773C;&#x524D;&#x7684;&#x554F;&#x984C;&#x5C31;&#x7B49;&#x65BC;&#x662F;&#x5206;&#x6563;&#x7D66;&#x5404;&#x500B;&#x5F71;&#x5206;&#x8EAB;&#x53BB;&#x5206;&#x5DE5;&#x8655;&#x7406;&#xFF0C;&#x5F85;&#x554F;&#x984C;&#x89E3;&#x6C7A;&#x4E4B;&#x5F8C;&#x5F71;&#x5206;&#x8EAB;&#x4E5F;&#x6703;&#x4E3B;&#x52D5;&#x6D88;&#x5931;&#xFF0C;&#x6211;&#x8A8D;&#x70BA;&#x905E;&#x8FF4;&#x7D66;&#x6211;&#x7684;&#x611F;&#x89BA;&#x4EA6;&#x662F;&#x5982;&#x6B64;&#x3002;&lt;/p&gt; </content>
  <attach></attach>
  <rcount></rcount>
  <rank></rank>
  <hit>23</hit>
  <lang>1</lang>
</data>
