<?xml version="1.0"?>
<data version="3.0" time="2024-06-30 09:15:17" type="post" filename="b000000037.xml">
  <open_time>0000-00-00</open_time>
  <close_time>0000-00-00</close_time>
  <lang_name>Big5</lang_name>
  <board_id>1001162646</board_id>
  <node>000000037</node>
  <site>1000110001</site>
  <pt>2022-09-23 10:39:59</pt>
  <poster>11027131</poster>
  <realname>&#x674E;&#x8679;&#x6600;  </realname>
  <email>lhy1x37@gmail.com</email>
  <homepage>  </homepage>
  <subject>101. &#x4EE5;&#x81EA;&#x5DF1;&#x7684;&#x8A71;&#x63CF;&#x8FF0;&#x905E;&#x8FF4;recursion&#x662F;&#x4EC0;&#x9EBC;&#x3002; </subject>
  <content>&lt;p&gt;&#x905E;&#x8FF4;&#x5C31;&#x662F;&#x5C07;&#x4E00;&#x500B;&#x5927;&#x554F;&#x984C;&#x4EE5;&#x547C;&#x53EB;&#x81EA;&#x5DF1;&#x7684;&#x65B9;&#x5F0F;&#x62C6;&#x6210;&#x5C0F;&#x554F;&#x984C;&#xFF0C;&#x4E5F;&#x5C31;&#x662F;&#x81EA;&#x5DF1;&#x5E6B;&#x81EA;&#x5DF1;&#x89E3;&#x6C7A;&#x554F;&#x984C;&#x3002;&lt;/p&gt; </content>
  <attach></attach>
  <rcount></rcount>
  <rank></rank>
  <hit>38</hit>
  <lang>1</lang>
</data>
