<?xml version="1.0"?>
<data version="3.0" time="2024-06-30 09:15:17" type="post" filename="b000000042.xml">
  <open_time>0000-00-00</open_time>
  <close_time>0000-00-00</close_time>
  <lang_name>Big5</lang_name>
  <board_id>1001162646</board_id>
  <node>000000042</node>
  <site>1000110001</site>
  <pt>2022-09-26 10:38:15</pt>
  <poster>11027170</poster>
  <realname>&#x767D;&#x5F18;&#x5F97;  </realname>
  <email>hongdek1@gmail.com</email>
  <homepage>  </homepage>
  <subject>101. &#x4EE5;&#x81EA;&#x5DF1;&#x7684;&#x8A71;&#x63CF;&#x8FF0;&#x905E;&#x8FF4;recursion&#x662F;&#x4EC0;&#x9EBC; </subject>
  <content>&lt;p&gt;&#x5982;&#x679C;&#x6211;&#x662F;&#x8463;&#x4E8B;&#x9577;&#x6211;&#x60F3;&#x8981;&#x58D3;&#x69A8;&#x5728;&#x6211;&#x4E4B;&#x4E0B;&#x7684;&#x6240;&#x6709;&#x54E1;&#x5DE5;&#xFF0C;&#x90A3;&#x6211;&#x5C31;&lt;strong&gt;&#x628A;&#x58D3;&#x69A8;&#x6211;&#x4E4B;&#x4E0B;&#x7684;&#x54E1;&#x5DE5;&#x7684;&#x65B9;&#x6CD5;&lt;/strong&gt;&lt;em&gt;&#x6559;&#x6703;&lt;/em&gt;&lt;strong&gt;&lt;u&gt;&#x6211;&#x7684;&#x4E0B;&#x5C6C;&lt;/u&gt;&lt;/strong&gt;&#x4E26;&#x4E14;&lt;strong&gt;&#x8A2D;&#x7F6E;&lt;/strong&gt;&#x4ED6;&lt;strong&gt;&#x4E5F;&#x6703;&#x58D3;&#x69A8;&#x4ED6;&#x4E4B;&#x4E0B;&#x7684;&#x54E1;&#x5DE5;&#xFF0C;&#x4EE5;&#x505A;&#x5230;&#x7121;&#x9650;&#x5F80;&#x4E0B;&#x58D3;&#x69A8;&#x76F4;&#x5230;&#x6700;&#x5E95;&#x5C64;&#x3002;&lt;/strong&gt;&lt;/p&gt;&#xD;
&#xD;
&lt;p&gt;&#x905E;&#x8FF4;&#x5C31;&#x662F;&#x9019;&#x6A23;&#xFF0C;&#x628A;&#x91CD;&#x8907;&#x7684;&#x89E3;&#x6C7A;&#x554F;&#x984C;&#x7684;&#x5C0F;&#x52D5;&#x4F5C;&#x4EE5;&#x81EA;&#x6211;&#x547C;&#x53EB;&#x7684;&#x65B9;&#x5F0F;&#x5F80;&#x4E0B;&#x5EF6;&#x4F38;&#x3002;&lt;s&gt;&#x8001;&#x95C6;&#x4E0D;&#x8981;!!&lt;/s&gt;&lt;/p&gt;&#xD;
&#xD;
&lt;p&gt;&lt;img alt="&#x660E;&#x661F;&#x62FF;&#x538B;&#x69A8;&#x5458;&#x5DE5;&#x5F53;&#x4EBA;&#x8BBE;&#xFF1A;&#x534A;&#x591C;4&#x70B9;&#x7ED9;&#x5458;&#x5DE5;&#x53D1;&#x6D88;&#x606F;&#xFF0C;7&#x70B9;&#x95EE;&#x4E3A;&#x4EC0;&#x4E48;&#x4E0D;&#x56DE;_&#x817E;&#x8BAF;&#x65B0;&#x95FB;" src="https://encrypted-tbn0.gstatic.com/images?q=tbn:ANd9GcS1BF1V3LBBQRLV5JLycrgYdHUWPf87ia3WUQ&amp;amp;usqp=CAU" /&gt;&lt;/p&gt; </content>
  <attach></attach>
  <rcount></rcount>
  <rank></rank>
  <hit>19</hit>
  <lang>1</lang>
</data>
