<?xml version="1.0"?>
<data version="3.0" time="2024-06-30 09:15:17" type="post" filename="b000000043.xml">
  <open_time>0000-00-00</open_time>
  <close_time>0000-00-00</close_time>
  <lang_name>Big5</lang_name>
  <board_id>1001162646</board_id>
  <node>000000043</node>
  <site>1000110001</site>
  <pt>2022-09-26 10:54:51</pt>
  <poster>11027102</poster>
  <realname>&#x4EC7;&#x701A;&#x6176;  </realname>
  <email>tim1357929@gmail.com</email>
  <homepage>  </homepage>
  <subject>104. &#x4EC0;&#x9EBC;&#x60C5;&#x6CC1;&#x4E0B;&#x9069;&#x5408;&#x4F7F;&#x7528;&#x905E;&#x8FF4;&#xFF1F;&#x70BA;&#x4EC0;&#x9EBC;&#xFF1F; </subject>
  <content>&lt;p&gt;&#x82E5;&#x539F;&#x554F;&#x984C;&#x90FD;&#x662F;&#x540C;&#x6027;&#x8CEA;&#x7684;&#x72C0;&#x6CC1;&#x4E0B;&#x5C31;&#x9069;&#x5408;&#x4F7F;&#x7528;&#x905E;&#x8FF4;&#xFF0C;&#x4F7F;&#x7528;&#x905E;&#x8FF4;&#x53EF;&#x4EE5;&#x628A;&#x898F;&#x6A21;&#x5927;&#x7684;&#x554F;&#x984C;&#x8F49;&#x5316;&#x6210;&#x898F;&#x6A21;&#x8F03;&#x5C0F;&#x7684;&#x554F;&#x984C;&#xFF0C;&#x8B93;&#x7A0B;&#x5F0F;&#x78BC;&#x770B;&#x8D77;&#x4F86;&#x6BD4;&#x8F03;&#x7CBE;&#x7C21;&#x3002;&lt;/p&gt; </content>
  <attach></attach>
  <rcount></rcount>
  <rank></rank>
  <hit>17</hit>
  <lang>1</lang>
</data>
