<?xml version="1.0"?>
<data version="3.0" time="2024-06-30 09:15:17" type="post" filename="b000000042000000002.xml">
  <open_time>0000-00-00</open_time>
  <close_time>0000-00-00</close_time>
  <lang_name>Big5</lang_name>
  <board_id>1001162646</board_id>
  <node>000000042000000002</node>
  <site>1000110001</site>
  <pt>2022-09-26 15:34:20</pt>
  <poster>11813</poster>
  <realname>&#x5433;&#x5B9C;&#x9D3B;  </realname>
  <email>yhwu@cycu.edu.tw</email>
  <homepage>https://www.researchgate.net/profile/Yi-Hung-Wu-2  </homepage>
  <subject>Re: 101. &#x4EE5;&#x81EA;&#x5DF1;&#x7684;&#x8A71;&#x63CF;&#x8FF0;&#x905E;&#x8FF4;recursion&#x662F;&#x4EC0;&#x9EBC;  </subject>
  <content>&lt;p&gt;&lt;span style="color:#b22222"&gt;&#x5275;&#x610F;&#x9084;&#x53EF;&#x4EE5;&#xFF0C;&#x4E0D;&#x904E;&#xFF0C;&#x5C11;&#x4E86;base case&#x4E0D;&#x5920;&#x5B8C;&#x6574;...&lt;/span&gt;&lt;/p&gt; </content>
  <attach></attach>
  <rcount></rcount>
  <rank></rank>
  <hit>1</hit>
  <lang>1</lang>
</data>
