<?xml version="1.0"?>
<data version="3.0" time="2024-06-30 09:15:17" type="post" filename="b000000026.xml">
  <open_time>0000-00-00</open_time>
  <close_time>0000-00-00</close_time>
  <lang_name>Big5</lang_name>
  <board_id>1001162646</board_id>
  <node>000000026</node>
  <site>1000110001</site>
  <pt>2022-09-21 00:51:29</pt>
  <poster>11027112</poster>
  <realname>&#x9673;&#x9038;&#x99FF;  </realname>
  <email>zxc548193c@gmail.com</email>
  <homepage>  </homepage>
  <subject>104. &#x4EC0;&#x9EBC;&#x60C5;&#x6CC1;&#x4E0B;&#x9069;&#x5408;&#x4F7F;&#x7528;&#x905E;&#x8FF4;&#xFF1F;&#x70BA;&#x4EC0;&#x9EBC;&#xFF1F; </subject>
  <content>&lt;p&gt;Recursion &#x5C31;&#x662F;&#x628A;&#x5927;&#x7684;&#x554F;&#x984C;&#x62C6;&#x6210;&#x5C0F;&#x90E8;&#x5206;&#x4E00;&#x500B;&#x4E00;&#x500B;&#x53BB;&#x57F7;&#x884C;&#xFF0C;&#x76F8;&#x8F03;&#x65BC;&#x4E00;&#x822C;&#x7684;&#x5BEB;&#x6CD5;&#xFF0C;&#x7528;recursion&#x5728;&#x57F7;&#x884C;&#x4E0A;&#x66F4;&#x52A0;&#x8FC5;&#x901F;&#x3001;&#x66F4;&#x52A0;&#x6709;&#x6548;&#x7387;&#x3002;&#x7A0B;&#x5F0F;&#x78BC;&#x770B;&#x8D77;&#x4F86;&#x4E5F;&#x6BD4;&#x8F03;&#x6DFA;&#x986F;&#x6613;&#x61C2;&#x3002;&lt;/p&gt; </content>
  <attach></attach>
  <rcount></rcount>
  <rank></rank>
  <hit>36</hit>
  <lang>1</lang>
</data>
