<?xml version="1.0"?>
<data version="3.0" time="2024-06-30 09:15:17" type="post" filename="b000000017.xml">
  <open_time>0000-00-00</open_time>
  <close_time>0000-00-00</close_time>
  <lang_name>Big5</lang_name>
  <board_id>1001162646</board_id>
  <node>000000017</node>
  <site>1000110001</site>
  <pt>2022-09-18 12:23:58</pt>
  <poster>11027156</poster>
  <realname>&#x6797;&#x82B7;&#x5B89;  </realname>
  <email>annann9277@gmail.com</email>
  <homepage>  </homepage>
  <subject>101. &#x4EE5;&#x81EA;&#x5DF1;&#x7684;&#x8A71;&#x63CF;&#x8FF0;&#x905E;&#x8FF4;recursion&#x662F;&#x4EC0;&#x9EBC;&#x3002; </subject>
  <content>&lt;p&gt;&lt;span style="font-family:&#x65B0;&#x7D30;&#x660E;&#x9AD4;,serif"&gt;&#x905E;&#x8FF4;&#x662F;&#x4E00;&#x7A2E;&#x628A;&#x4E00;&#x500B;&#x5927;&#x554F;&#x984C;&#x62C6;&#x89E3;&#x6210;&#x8A31;&#x591A;&#x91CD;&#x8907;&#x5C0F;&#x554F;&#x984C;&#xFF0C;&#x518D;&#x7528;&#x51FD;&#x6578;&#x628A;&#x9019;&#x8A31;&#x591A;&#x5C0F;&#x554F;&#x984C;&#x89E3;&#x6C7A;&#xFF0C;&#x52A0;&#x4E0A;&#x9069;&#x7576;&#x7684;&#x7D42;&#x6B62;&#x689D;&#x4EF6;&#xFF0C;&#x6700;&#x5F8C;&#x5C07;&#x5927;&#x554F;&#x984C;&#x4E5F;&#x8655;&#x7406;&#x5B8C;&#x7684;&#x4E00;&#x7A2E;&#x65B9;&#x6CD5;&#x3002;&lt;/span&gt;&lt;/p&gt;&#xD;
&#xD;
&lt;p&gt;&lt;span style="font-family:&#x65B0;&#x7D30;&#x660E;&#x9AD4;,serif"&gt;&#x5728;&#x64CD;&#x4F5C;&#x6B65;&#x9A5F;&#x76F8;&#x540C;&#xFF0C;&#x4F46;&#x53C3;&#x6578;&#x537B;&#x4E0D;&#x540C;&#x7684;&#x60C5;&#x6CC1;&#x4E0B;&#x5C31;&#x53EF;&#x4EE5;&#x4F7F;&#x7528;&#xFF0C;&#x53EF;&#x4EE5;&#x7528;&#x4F86;&#x4EE3;&#x66FF;&#x8D85;&#x5927;&#x53C8;&#x5BB9;&#x6613;&#x51FA;&#x932F;&#x7684;&lt;/span&gt;while&lt;span style="font-family:&#x65B0;&#x7D30;&#x660E;&#x9AD4;,serif"&gt;&#x6216;&lt;/span&gt;for&lt;span style="font-family:&#x65B0;&#x7D30;&#x660E;&#x9AD4;,serif"&gt;&#x8FF4;&#x5708;&#x3002;&lt;/span&gt;&lt;/p&gt;&#xD;
&#xD;
&lt;p&gt;&lt;span style="font-family:&#x65B0;&#x7D30;&#x660E;&#x9AD4;,serif"&gt;&#x6211;&#x500B;&#x4EBA;&#x5C0D;&#x905E;&#x8FF4;&#x6C92;&#x6709;&#x5F88;&#x64C5;&#x9577;&#xFF0C;&#x6240;&#x4EE5;&#x5C31;&#x7B97;&#x6709;&#x8981;&#x7528;&#x905E;&#x8FF4;&#x5BEB;&#x6BD4;&#x8F03;&#x65B9;&#x4FBF;&#x7684;&#x5730;&#x65B9;&#xFF0C;&#x6211;&#x53EF;&#x80FD;&#x9084;&#x662F;&#x6703;&#x4E0B;&#x610F;&#x8B58;&#x9078;&#x64C7;&#x571F;&#x6CD5;&#x7149;&#x92FC;&#x3002;&lt;/span&gt;&lt;/p&gt; </content>
  <attach></attach>
  <rcount></rcount>
  <rank></rank>
  <hit>57</hit>
  <lang>1</lang>
</data>
