<?xml version="1.0"?>
<data version="3.0" time="2024-06-30 09:15:17" type="post" filename="b000000016000000004.xml">
  <open_time>0000-00-00</open_time>
  <close_time>0000-00-00</close_time>
  <lang_name>Big5</lang_name>
  <board_id>1001162646</board_id>
  <node>000000016000000004</node>
  <site>1000110001</site>
  <pt>2022-09-18 13:25:44</pt>
  <poster>11027156</poster>
  <realname>&#x6797;&#x82B7;&#x5B89;  </realname>
  <email>annann9277@gmail.com</email>
  <homepage>  </homepage>
  <subject>Re: 101. &#x4EE5;&#x81EA;&#x5DF1;&#x7684;&#x8A71;&#x63CF;&#x8FF0;&#x905E;&#x8FF4;recursion&#x662F;&#x4EC0;&#x9EBC;&#x3002;  </subject>
  <content>&lt;p&gt;&#x512A;&#x79C0;&#xFF01;&#x4F46;&#x6211;&#x61C9;&#x8A72;&#x4E0D;&#x6562;&#x554F;&#x524D;&#x9762;&#x7684;&#x4EBA;&#x554F;&#x984C;&lt;/p&gt; </content>
  <attach></attach>
  <rcount></rcount>
  <rank></rank>
  <hit>1</hit>
  <lang>1</lang>
</data>
