<?xml version="1.0"?>
<data version="3.0" time="2024-06-30 09:15:17" type="post" filename="b000000027000000002.xml">
  <open_time>0000-00-00</open_time>
  <close_time>0000-00-00</close_time>
  <lang_name>Big5</lang_name>
  <board_id>1001162646</board_id>
  <node>000000027000000002</node>
  <site>1000110001</site>
  <pt>2022-09-23 11:47:46</pt>
  <poster>11813</poster>
  <realname>&#x5433;&#x5B9C;&#x9D3B;  </realname>
  <email>yhwu@cycu.edu.tw</email>
  <homepage>https://www.researchgate.net/profile/Yi-Hung-Wu-2  </homepage>
  <subject>Re: 101. &#x4EE5;&#x81EA;&#x5DF1;&#x7684;&#x8A71;&#x63CF;&#x8FF0;&#x905E;&#x8FF4;recursion&#x662F;&#x4EC0;&#x9EBC;&#x3002;  </subject>
  <content>&lt;p&gt;&#x51FA;&#x984C;&#xFF1A;&#x5BBF;&#x71DF;&#x7684;&#x5F62;&#x72C0;&lt;/p&gt;&#xD;
&#xD;
&lt;p&gt;&#x8ACB;&#x756B;...&lt;/p&gt;&#xD;
&#xD;
&lt;p&gt;&lt;a href="https://garticphone.com/zh-TW" target="_blank"&gt;https://garticphone.com/zh-TW&lt;/a&gt;&lt;/p&gt; </content>
  <attach></attach>
  <rcount></rcount>
  <rank></rank>
  <hit>1</hit>
  <lang>1</lang>
</data>
