<?xml version="1.0"?>
<data version="3.0" time="2024-06-30 09:15:17" type="post" filename="b000000047000000002.xml">
  <open_time>0000-00-00</open_time>
  <close_time>0000-00-00</close_time>
  <lang_name>Big5</lang_name>
  <board_id>1001162646</board_id>
  <node>000000047000000002</node>
  <site>1000110001</site>
  <pt>2022-10-08 22:11:11</pt>
  <poster>11813</poster>
  <realname>&#x5433;&#x5B9C;&#x9D3B;  </realname>
  <email>yhwu@cycu.edu.tw</email>
  <homepage>https://www.researchgate.net/profile/Yi-Hung-Wu-2  </homepage>
  <subject>Re: 101. &#x4EE5;&#x81EA;&#x5DF1;&#x7684;&#x8A71;&#x63CF;&#x8FF0;&#x905E;&#x8FF4;recursion&#x662F;&#x4EC0;&#x9EBC;&#x3002;*  </subject>
  <content>&lt;p&gt;&lt;span style="color:#b22222"&gt;&#x53EF;&#x60DC;&#xFF0C;&#x9EDE;&#x8B9A;&#x6578;&#x6216;&#x56DE;&#x61C9;&#x6578;&#x90FD;&#x504F;&#x4F4E;&#x3002;&lt;/span&gt;&lt;/p&gt; </content>
  <attach></attach>
  <rcount></rcount>
  <rank></rank>
  <hit>1</hit>
  <lang>1</lang>
</data>
