<?xml version="1.0"?>
<data version="3.0" time="2024-06-30 09:15:17" type="post" filename="b000000001.xml">
  <open_time>0000-00-00</open_time>
  <close_time>0000-00-00</close_time>
  <lang_name>Big5</lang_name>
  <board_id>1001162646</board_id>
  <node>000000001</node>
  <site>1000110001</site>
  <pt>2022-09-13 11:48:18</pt>
  <poster>11027154</poster>
  <realname>&#x5ED6;&#x6893;&#x9038;  </realname>
  <email>joe3727@gmail.com</email>
  <homepage>  </homepage>
  <subject>101. &#x4EE5;&#x81EA;&#x5DF1;&#x7684;&#x8A71;&#x63CF;&#x8FF0;&#x905E;&#x8FF4;recursion&#x662F;&#x4EC0;&#x9EBC;&#x3002; </subject>
  <content>&lt;p&gt;&lt;strong&gt;&#x5206;&#x800C;&#x6CBB;&#x4E4B;&lt;/strong&gt;&lt;/p&gt;&#xD;
&#xD;
&lt;p&gt;&#x5982;&#x679C;&#x6211;&#x5011;&#x9047;&#x5230;&#x4E86;&#x4E00;&#x500B;&#x5927;&#x554F;&#x984C;&#xFF0C;&#x7121;&#x6CD5;&#x7ACB;&#x5373;&#x63A8;&#x6F14;&#x901A;&#x5F0F;&#x89E3;&#xFF0C;&#x4E0D;&#x59A8;&#x8A66;&#x8A66;&#x770B;&#x5C07;&#x5927;&#x554F;&#x984C;&#x62C6;&#x89E3;&#x6210;&#x591A;&#x500B;&#x5B50;&#x554F;&#x984C;&#xFF0C;&#x8209;&#x4F8B;&#x4F86;&#x8AAA;&#x6211;&#x5011;&#x7121;&#x6CD5;&#x5F97;&#x77E5;&#x8CBB;&#x6C0F;&#x6578;&#x5217; f(50) &#x6578;&#x503C;&#x70BA;&#x4F55; &#xFF0C;&#x4F46;&#x53EA;&#x8981;&#x6211;&#x5011;&#x6709;&#x4E86;&#x5B50;&#x554F;&#x984C;&#x7684;&#x89E3;&#x6C7A;&#x65B9;&#x6CD5;&#x5C31;&#x6709;&#x6A5F;&#x6703;&#x89E3;&#x51FA;&#x5927;&#x554F;&#x984C; f(2) = f(1) + f(0) | f(3) = f(2) + f(1) | ...... | f(n) = f(n-1) + f(n-2) when n &amp;gt;= 2 and f(0) = 0 f(1) = 1&amp;nbsp;&#xFF0C;&#x50CF;&#x662F;&#x9AA8;&#x724C;&#x4E00;&#x6A23;&#x3002;&lt;/p&gt; </content>
  <attach></attach>
  <rcount></rcount>
  <rank></rank>
  <hit>132</hit>
  <lang>1</lang>
</data>
