<?xml version="1.0"?>
<data version="3.0" time="2024-06-30 09:15:17" type="post" filename="b000000024.xml">
  <open_time>0000-00-00</open_time>
  <close_time>0000-00-00</close_time>
  <lang_name>Big5</lang_name>
  <board_id>1001162646</board_id>
  <node>000000024</node>
  <site>1000110001</site>
  <pt>2022-09-20 12:47:51</pt>
  <poster>11027164</poster>
  <realname>&#x8D99;&#x6021;&#x5112;  </realname>
  <email>zxc20011026@gmail.com</email>
  <homepage>  </homepage>
  <subject>104. &#x4EC0;&#x9EBC;&#x60C5;&#x6CC1;&#x4E0B;&#x9069;&#x5408;&#x4F7F;&#x7528;&#x905E;&#x8FF4;&#xFF1F;&#x70BA;&#x4EC0;&#x9EBC;&#xFF1F; </subject>
  <content>&lt;p&gt;&#x5728;&#x4E00;&#x500B;&#x5927;&#x554F;&#x984C;&#x5982;&#x679C;&#x53EF;&#x4EE5;&#x5206;&#x89E3;&#x6210;&#x591A;&#x500B;&#x5C0F;&#x90E8;&#x5206;&#xFF0C;&#x800C;&#x9019;&#x4E9B;&#x5C0F;&#x90E8;&#x5206;&#x7684;&#x89E3;&#x6C7A;&#x65B9;&#x6CD5;&#x8DDF;&#x6027;&#x8CEA;&#x4E00;&#x6A23;&#x6642;&#x9069;&#x5408;&#x4F7F;&#x7528;&#x905E;&#x8FF4;&#xFF0C;&#x56E0;&#x70BA;&#x905E;&#x8FF4;&#x51FD;&#x5F0F;&#x7C21;&#x55AE;&#x4F86;&#x8AAA;&#x5C31;&#x662F;&#x4E00;&#x500B;&#x547C;&#x53EB;&#x81EA;&#x5DF1;&#x7684;&#x51FD;&#x5F0F;&#xFF0C;&#x5982;&#x679C;&#x89E3;&#x6C7A;&#x65B9;&#x5F0F;&#x4E0D;&#x540C;&#x7684;&#x8A71;&#x5C31;&#x7121;&#x6CD5;&#x904B;&#x7528;&#x5230;&#x905E;&#x8FF4;&#x7684;&#x512A;&#x52E2;&#x4E86;&#xFF0C;&#x751A;&#x81F3;&#x9084;&#x6709;&#x53EF;&#x80FD;&#x5C0E;&#x81F4;&#x7D50;&#x679C;&#x8207;&#x6B63;&#x78BA;&#x7B54;&#x6848;&#x4E0D;&#x7B26;&#x3002;&lt;/p&gt; </content>
  <attach></attach>
  <rcount></rcount>
  <rank></rank>
  <hit>39</hit>
  <lang>1</lang>
</data>
