<?xml version="1.0"?>
<data version="3.0" time="2024-06-30 09:15:17" type="post" filename="b000000038.xml">
  <open_time>0000-00-00</open_time>
  <close_time>0000-00-00</close_time>
  <lang_name>Big5</lang_name>
  <board_id>1001162646</board_id>
  <node>000000038</node>
  <site>1000110001</site>
  <pt>2022-09-24 02:24:07</pt>
  <poster>11027101</poster>
  <realname>&#x674E;&#x5EAD;&#x59A4;  </realname>
  <email>timi920714@gmail.com</email>
  <homepage>  </homepage>
  <subject>101.&#x4EE5;&#x81EA;&#x5DF1;&#x7684;&#x8A71;&#x63CF;&#x8FF0;&#x905E;&#x8FF4;recursion&#x662F;&#x4EC0;&#x9EBC; </subject>
  <content>&lt;p&gt;&#x905E;&#x8FF4;&#x662F;&#x6307;&#x5728;&#x51FD;&#x5F0F;&#x4E2D;&#x547C;&#x53EB;&#x81EA;&#x8EAB;&#xFF0C;&#x800C;&#x905E;&#x8FF4;&#x5FC5;&#x9808;&#x6709;&#x7D42;&#x6B62;&#x689D;&#x4EF6;&#xFF0C;&#x624D;&#x80FD;&#x88AB;&#x8A08;&#x7B97;&#x3002;&lt;/p&gt;&#xD;
&#xD;
&lt;p&gt;&#x905E;&#x8FF4;&#x7684;&#x6982;&#x5FF5;&#x662F;&#x5C07;&#x4E00;&#x500B;&#x5927;&#x7684;&#x554F;&#x984C;&#x5206;&#x5272;&#x6210;&#x8A31;&#x591A;&#x5C0F;&#x554F;&#x984C;&#x53BB;&#x89E3;&#x6C7A;&#xFF0C;&#x57F7;&#x884C;&#x91CD;&#x8907;&#x4EFB;&#x52D9;&#x4F7F;&#x7528;&#xFF0C;&#x53EF;&#x8655;&#x7406;&#x8F03;&#x8907;&#x96DC;&#x7684;&#x554F;&#x984C;&#x3002;&lt;/p&gt; </content>
  <attach></attach>
  <rcount></rcount>
  <rank></rank>
  <hit>132</hit>
  <lang>1</lang>
</data>
