<?xml version="1.0"?>
<data version="3.0" time="2024-06-30 09:15:17" type="post" filename="b000000004000000001.xml">
  <open_time>0000-00-00</open_time>
  <close_time>0000-00-00</close_time>
  <lang_name>Big5</lang_name>
  <board_id>1001162646</board_id>
  <node>000000004000000001</node>
  <site>1000110001</site>
  <pt>2022-09-14 23:43:04</pt>
  <poster>11813</poster>
  <realname>&#x5433;&#x5B9C;&#x9D3B;  </realname>
  <email>yhwu@cycu.edu.tw</email>
  <homepage>https://www.researchgate.net/profile/Yi-Hung-Wu-2  </homepage>
  <subject>Re: 101. &#x4EE5;&#x81EA;&#x5DF1;&#x7684;&#x8A71;&#x63CF;&#x8FF0;&#x905E;&#x8FF4;recursion&#x662F;&#x4EC0;&#x9EBC;  </subject>
  <content>&lt;p&gt;&#x6587;&#x7B46;&#x4E0D;&#x932F;&#xFF0C;&#x88DC;&#x500B;&#x5C0F;&#x5C0F;&#x7684;&#x6280;&#x8853;&#x9EDE;&#xFF1A;&lt;/p&gt;&#xD;
&#xD;
&lt;p&gt;&#x60F3;&#x60F3;&#x53EF;&#x5426;&#x5BEB;&#x500B;&#x905E;&#x8FF4;&#xFF1A;&lt;a href="https://leetcode.com/problems/merge-two-sorted-lists/"&gt;https://leetcode.com/problems/merge-two-sorted-lists/&lt;/a&gt;&lt;/p&gt; </content>
  <attach></attach>
  <rcount></rcount>
  <rank></rank>
  <hit>1</hit>
  <lang>1</lang>
</data>
