<?xml version="1.0"?>
<data version="3.0" time="2024-06-30 09:15:17" type="post" filename="b000000049.xml">
  <open_time>0000-00-00</open_time>
  <close_time>0000-00-00</close_time>
  <lang_name>Big5</lang_name>
  <board_id>1001162646</board_id>
  <node>000000049</node>
  <site>1000110001</site>
  <pt>2022-10-08 22:12:24</pt>
  <poster>11813</poster>
  <realname>&#x5433;&#x5B9C;&#x9D3B;  </realname>
  <email>yhwu@cycu.edu.tw</email>
  <homepage>https://www.researchgate.net/profile/Yi-Hung-Wu-2  </homepage>
  <subject>&#x5DF2;&#x767B;&#x8A18;&#x8A55;&#x5206; </subject>
  <content>&lt;p&gt;&lt;span style="color:#0000cd"&gt;&#x5171;&#x8A08;46&#x4F4D;&#x540C;&#x5B78;&#x5F97;&#x5206;&#x3002;&lt;/span&gt;&lt;/p&gt; </content>
  <attach></attach>
  <rcount></rcount>
  <rank></rank>
  <hit>33</hit>
  <lang>1</lang>
</data>
