<?xml version="1.0"?>
<data version="3.0" time="2024-06-30 09:15:17" type="post" filename="b000000004.xml">
  <open_time>0000-00-00</open_time>
  <close_time>0000-00-00</close_time>
  <lang_name>Big5</lang_name>
  <board_id>1001162646</board_id>
  <node>000000004</node>
  <site>1000110001</site>
  <pt>2022-09-14 16:06:50</pt>
  <poster>10927111</poster>
  <realname>&#x8521;&#x548C;&#x7965;  </realname>
  <email>abc3746089@gmail.com</email>
  <homepage>  </homepage>
  <subject>101. &#x4EE5;&#x81EA;&#x5DF1;&#x7684;&#x8A71;&#x63CF;&#x8FF0;&#x905E;&#x8FF4;recursion&#x662F;&#x4EC0;&#x9EBC; </subject>
  <content>&lt;p&gt;&amp;nbsp; &#x8D77;&#x521D;&#x7B2C;&#x4E00;&#x6B21;&#x548C;&#x5B83;&#x898B;&#x9762;&#x6642;&#xFF0C;&#x6211;&#x8A8D;&#x70BA;&#x90A3;&#x4E0D;&#x662F;&#x6211;&#x6240;&#x80FD;&#x63A5;&#x89F8;&#x7684;&#x6771;&#x897F;&#xFF0C;&#x4F46;&#x6211;&#x537B;&#x88AB;&#x5B83;&#x7D66;&#x6DF1;&#x6DF1;&#x7684;&#x5438;&#x5F15;&#x3002;&lt;/p&gt;&#xD;
&#xD;
&lt;p&gt;&amp;nbsp; &#x548C;&#x8FF4;&#x5708;&#x76F8;&#x6BD4;&#x4E4B;&#x4E0B;&#xFF0C;&#x905E;&#x8FF4;&#x5C0D;&#x6211;&#x4F86;&#x8AAA;&#x4E0D;&#x592A;&#x76F4;&#x89BA;&#xFF0C;&#x9700;&#x8981;&#x5728;&#x8166;&#x888B;&#x69CB;&#x601D;&#x76EE;&#x524D;&#x6240;&#x6C42;&#x7684;&#x7D50;&#x679C;&#x7576;&#x4E2D;&#x662F;&#x5426;&#x6709;&#x751A;&#x9EBC;&lt;strong&gt;&#x95DC;&#x806F;&#x6027;&lt;/strong&gt;&#xFF0C;&#x5728;&lt;strong&gt;&#x5217;&#x8209;&#x4E86;&#x4E00;&#x5927;&#x5806;&#x4F8B;&#x5B50;&#x4E26;&#x601D;&#x8003;&#x4E4B;&#x5F8C;&#xFF0C;&#x624D;&#x80FD;&#x5F9E;&#x4E2D;&#x6293;&#x5230;&#x9019;&#x4F8B;&#x5B50;&#x7684;&#x5171;&#x901A;&#x9EDE;&lt;/strong&gt;&#x3002;&#x6211;&#x8A8D;&#x70BA;&#x5728;&#x8FFD;&#x6C42;&#x5171;&#x901A;&#x9EDE;&#xFF08;&#x6216;&#x7A31;&lt;strong&gt;&#x901A;&#x5F0F;&lt;/strong&gt;&#xFF09;&#x7684;&#x904E;&#x7A0B;&#x4E2D;&#x6703;&#x9593;&#x63A5;&#x7684;&#x5F37;&#x5316;&#x81EA;&#x5DF1;&#x7684;&#x6578;&#x5B78;&#x63A8;&#x7406;&#x80FD;&#x529B;&#xFF0C;&#x96D6;&#x7136;&#x904E;&#x7A0B;&#x6703;&#x6709;&#x4E9B;&#x7E41;&#x7463;&#xFF0C;&#x4F46;&#x5728;&#x5F97;&#x5230;&#x901A;&#x5F0F;&#x4E4B;&#x5F8C;&#x537B;&#x53C8;&#x89BA;&#x5F97;&#x539F;&#x4F86;&#x9019;&#x9EBC;&#x7684;&#x7C21;&#x55AE;&#xFF0C;&#x56E0;&#x70BA;&#x6BCF;&#x500B;&#x7D50;&#x679C;&#x53EA;&#x662F;&#x4F9D;&#x7167;&#x4E00;&#x4EF6;&#x56FA;&#x5B9A;&#x7684;&#x6E96;&#x5247;&#x800C;&#x53BB;&#x91CD;&#x8907;&#x57F7;&#x884C;&#x800C;&#x5DF2;&#x3002;&lt;/p&gt;&#xD;
&#xD;
&lt;p&gt;&amp;nbsp; &#x5C0D;&#x6211;&#x4F86;&#x8AAA;&#xFF0C;&#x905E;&#x8FF4;&#x50C5;&#x662F;&#x500B;&#x4F9D;&#x7167;&#x898F;&#x5247;&#x53BB;&#x904B;&#x4F5C;&#x7684;&#x4E00;&#x500B;&#x7406;&#x5FF5;&#x3002;&#x800C;&#x8FF4;&#x5708;&#x7684;&#x69CB;&#x601D;&#x904E;&#x7A0B;&#x5247;&#x975E;&#x5E38;&#x76F4;&#x89BA;&#xFF0C;&#x6211;&#x60F3;&#x5230;&#x751A;&#x9EBC;&#x5C31;&#x5BEB;&#x751A;&#x9EBC;&#xFF0C;&#x786C;&#x5E79;&#x5C31;&#x80FD;&#x5F97;&#x5230;&#x7D50;&#x679C;&#x3002;&#x8207;&#x905E;&#x8FF4;&#x76F8;&#x6BD4;&#x4E4B;&#x4E0B;&#x50C5;&#x6709;&#x66B4;&#x529B;&#xFF0C;&#x6C92;&#x4EC0;&#x9EBC;&#x8CDE;&#x5473;&#x3002;&lt;/p&gt;&#xD;
&#xD;
&lt;p&gt;&amp;nbsp;&amp;nbsp;&#x905E;&#x8FF4;&#x662F;&#x9580;&#x85DD;&#x8853;&#xFF0C;&#x662F;&#x300C;&#x7C21;&#x55AE;&#x7684;&#x66B4;&#x529B;&#x7F8E;&#x5B78;&#x300D;&#xFF0C;&#x552F;&#x6709;&#x8166;&#x888B;&#x9AD8;&#x901F;&#x904B;&#x8F49;&#x8166;&#x6F3F;&#x90FD;&#x5FEB;&#x88AB;&#x7529;&#x51FA;&#x7684;&#x6642;&#x5019;&#xFF0C;&#x624D;&#x6703;&#x512A;&#x96C5;&#x5730;&#x964D;&#x81E8;&#x5728;&#x4E86;&#x6211;&#x9019;&#x51E1;&#x4EBA;&#x7684;&#x8166;&#x4E2D;&#x3002;&lt;/p&gt; </content>
  <attach></attach>
  <rcount></rcount>
  <rank></rank>
  <hit>81</hit>
  <lang>1</lang>
</data>
