<?xml version="1.0"?>
<data version="3.0" time="2024-06-30 09:15:17" type="post" filename="b000000003.xml">
  <open_time>0000-00-00</open_time>
  <close_time>0000-00-00</close_time>
  <lang_name>Big5</lang_name>
  <board_id>1001162646</board_id>
  <node>000000003</node>
  <site>1000110001</site>
  <pt>2022-09-13 21:50:03</pt>
  <poster>11027122</poster>
  <realname>&#x9673;&#x67CF;&#x5B87;  </realname>
  <email>99588albert@gmail.com</email>
  <homepage> </homepage>
  <subject>104. &#x4EC0;&#x9EBC;&#x60C5;&#x6CC1;&#x4E0B;&#x9069;&#x5408;&#x4F7F;&#x7528;&#x905E;&#x8FF4;&#xFF1F;&#x70BA;&#x4EC0;&#x9EBC;&#xFF1F; </subject>
  <content>&lt;p&gt;&#x905E;&#x8FF4;&#x7528;&#x65BC;&#x89E3;&#x6C7A;&#x53EF;&#x4EE5;&#x88AB;&#x62C6;&#x89E3;&#x6210;&#x898F;&#x6A21;&#x5C0F;&#x3001;&#x4F46;&#x662F;&#x985E;&#x578B;&#x8DDF;&#x539F;&#x672C;&#x7684;&#x554F;&#x984C;&#x4E00;&#x6A23;&#x7684;&#x60C5;&#x6CC1;&#xFF0C;&#x4F8B;&#x5982;&#x6700;&#x5178;&#x578B;&#x7684;&#x4F8B;&#x5B50;&#xFF1A;&#x968E;&#x4E58;&lt;/p&gt;&#xD;
&#xD;
&lt;p&gt;&#x800C;&#x6700;&#x9069;&#x5408;&#x4F7F;&#x7528;&#x7684;&#x6642;&#x6A5F;&#x662F;&#x4F7F;&#x7528;&#x8FED;&#x4EE3;&#x6CD5;(interative method)&#x6642;&#x6703;&#x8B93;&#x7A0B;&#x5F0F;&#x904E;&#x65BC;&#x8907;&#x96DC;&#x7684;&#x554F;&#x984C;&#xFF0C;&#x6216;&#x662F;&#x8A72;&#x554F;&#x984C;&#x6709;&#x8A31;&#x591A;&#x53EF;&#x80FD;&#x7684;&#x5206;&#x652F;&#xFF0C;&lt;/p&gt;&#xD;
&#xD;
&lt;p&gt;&#x8209;&#x4F8B;&#x4F86;&#x8AAA;&#xFF1A;&#x6211;&#x5011;&#x5728;&#x4E0B;&#x5B78;&#x671F;&#x6240;&#x5BE6;&#x4F5C;&#x7684;&#x4E8C;&#x5143;&#x641C;&#x5C0B;&#x6A39;&#x4E2D;&#x7684; preorder, inorder, postorder &#x5982;&#x679C;&#x4F7F;&#x7528;&#x905E;&#x8FF4;&#x80FD;&#x8B93;&#x7A0B;&#x5F0F;&#x8B8A;&#x5F97;&#x66F4;&#x7C21;&#x6F54;&#x6613;&#x8B80;&#x3002;&lt;/p&gt;&#xD;
&#xD;
&lt;p&gt;&#x800C;&#x8A72;&#x4F7F;&#x7528;&#x905E;&#x8FF4;&#x7684;&#x539F;&#x56E0;&#x5982;&#x540C;&#x4E0A;&#x8FF0;&#xFF0C;&#x4F7F;&#x7528;&#x905E;&#x8FF4;&#x6700;&#x5927;&#x7684;&#x512A;&#x9EDE;&#xFF0C;&#x5C31;&#x662F;&#x80FD;&#x8B93;&#x7A0B;&#x5F0F;&#x78BC;&#x7C21;&#x6F54;&#x3001;&#x6E05;&#x6670;&#xFF0C;&#x4E14;&#x6613;&#x65BC;&#x9664;&#x932F;&#x3002;&lt;/p&gt;</content>
  <attach></attach>
  <rcount></rcount>
  <rank></rank>
  <hit>109</hit>
  <lang>1</lang>
</data>
