<?xml version="1.0"?>
<data version="3.0" time="2024-06-30 09:15:17" type="post" filename="b000000021.xml">
  <open_time>0000-00-00</open_time>
  <close_time>0000-00-00</close_time>
  <lang_name>Big5</lang_name>
  <board_id>1001162646</board_id>
  <node>000000021</node>
  <site>1000110001</site>
  <pt>2022-09-19 18:28:41</pt>
  <poster>11027127</poster>
  <realname>&#x6797;&#x696D;&#x660C;  </realname>
  <email>a0930549766@gmail.com</email>
  <homepage>  </homepage>
  <subject>101. &#x4EE5;&#x81EA;&#x5DF1;&#x7684;&#x8A71;&#x63CF;&#x8FF0;&#x905E;&#x8FF4;recursion&#x662F;&#x4EC0;&#x9EBC;&#x3002; </subject>
  <content>&lt;p&gt;&#x905E;&#x8FF4;&#x53EF;&#x4EE5;&#x7528;&#x4F86;&#x89E3;&#x6C7A;&#x91CD;&#x8907;&#x6027;&#x9AD8;&#x7684;&#x554F;&#x984C;&#xFF0C;&#x4F8B;&#x5982;&#x4E8C;&#x5143;&#x6A39;&#x53EF;&#x4EE5;&#x5229;&#x7528;&#x905E;&#x8FF4;&#x8F15;&#x9B06;&#x5730;&#x5340;&#x5206;&#x6578;&#x64DA;&#x3002;&#x53C8;&#x6216;&#x662F;&#x5C0B;&#x627E;&#x6700;&#x5927;&#x516C;&#x56E0;&#x6578;&#x9019;&#x7A2E;&#x7E41;&#x7463;&#x7684;&#x554F;&#x984C;&#xFF0C;&#x5229;&#x7528;&#x905E;&#x8FF4;&#x4E00;&#x5C64;&#x4E00;&#x5C64;&#x7684;&#x628A;&#x6578;&#x5B57;&#x62C6;&#x89E3;&#x958B;&#x4F86;&#xFF0C;&#x4F86;&#x5C0B;&#x627E;&#x6700;&#x5F8C;&#x7684;&#x7B54;&#x6848;&#x3002;&lt;/p&gt; </content>
  <attach></attach>
  <rcount></rcount>
  <rank></rank>
  <hit>42</hit>
  <lang>1</lang>
</data>
