<?xml version="1.0"?>
<data version="3.0" time="2024-06-30 09:15:17" type="post" filename="b000000029.xml">
  <open_time>0000-00-00</open_time>
  <close_time>0000-00-00</close_time>
  <lang_name>Big5</lang_name>
  <board_id>1001162646</board_id>
  <node>000000029</node>
  <site>1000110001</site>
  <pt>2022-09-21 12:21:39</pt>
  <poster>11027149</poster>
  <realname>&#x6E38;&#x5A55;&#x6B46;  </realname>
  <email>xin090918@gmail.com</email>
  <homepage> </homepage>
  <subject>104. &#x4EC0;&#x9EBC;&#x60C5;&#x6CC1;&#x4E0B;&#x9069;&#x5408;&#x4F7F;&#x7528;&#x905E;&#x8FF4;&#xFF1F;&#x70BA;&#x4EC0;&#x9EBC;&#xFF1F; </subject>
  <content>&lt;p&gt;&#x628A;&#x5927;&#x554F;&#x984C;&#x62C6;&#x6210;&#x5C0F;&#x554F;&#x984C;&#xFF0C;&#x800C;&#x4E14;&#x5C0F;&#x554F;&#x984C;&#x6027;&#x8CEA;&#x8DDF;&#x5927;&#x554F;&#x984C;&#x4E00;&#x6A23;&#xFF0C;&#x662F;&#x91CD;&#x8907;&#x57F7;&#x884C;&#x4E00;&#x6A23;&#x7684;&#x7A0B;&#x5F0F;&#x78BC;&#x3002;&lt;/p&gt;&#xD;
&#xD;
&lt;p&gt;&#x53EF;&#x4EE5;&#x8655;&#x7406;&#x6BD4;&#x8F03;&#x8907;&#x96DC;&#x7684;&#x554F;&#x984C;&#xFF0C;&#x9084;&#x53EF;&#x4EE5;&#x7E2E;&#x77ED;&#x7A0B;&#x5F0F;&#x78BC;&#x3002;&lt;/p&gt;</content>
  <attach></attach>
  <rcount></rcount>
  <rank></rank>
  <hit>49</hit>
  <lang>1</lang>
</data>
