<?xml version="1.0"?>
<data version="3.0" time="2024-06-30 09:15:17" type="post" filename="b000000005.xml">
  <open_time>0000-00-00</open_time>
  <close_time>0000-00-00</close_time>
  <lang_name>Big5</lang_name>
  <board_id>1001162646</board_id>
  <node>000000005</node>
  <site>1000110001</site>
  <pt>2022-09-14 21:53:58</pt>
  <poster>11027109</poster>
  <realname>&#x5433;&#x6600;&#x851A;  </realname>
  <email>wing222430@gmail.com</email>
  <homepage> </homepage>
  <subject>104. &#x4EC0;&#x9EBC;&#x60C5;&#x6CC1;&#x4E0B;&#x9069;&#x5408;&#x4F7F;&#x7528;&#x905E;&#x8FF4;&#xFF1F;&#x70BA;&#x4EC0;&#x9EBC;&#xFF1F; </subject>
  <content>&lt;p&gt;&#x7576;&#x4E00;&#x500B;&#x554F;&#x984C;&#x53EF;&#x4EE5;&#x62C6;&#x5206;&#x6210;&#x6578;&#x500B;&#x5C0F;&#x554F;&#x984C;&#xFF0C;&#x4E26;&#x4E14;&#x6BCF;&#x4E00;&#x500B;&#x5C0F;&#x554F;&#x984C;&#x7684;&#x6839;&#x672C;&#x90FD;&#x662F;&#x76F8;&#x540C;&#x7684;&#x6027;&#x8CEA;&#x6642;&#xFF0C;&#x5C31;&#x9069;&#x5408;&#x4F7F;&#x7528;&#x905E;&#x8FF4;&#x4F86;&#x89E3;&#x6C7A;&#x554F;&#x984C;&#x3002;&lt;/p&gt;&#xD;
&#xD;
&lt;p&gt;&#x56E0;&#x70BA;&#x76F8;&#x8F03;&#x65BC;&#x8FF4;&#x5708;&#xFF0C;&#x4F7F;&#x7528;&#x905E;&#x8FF4;&#x80FD;&#x5920;&#x4F7F;&#x7A0B;&#x5F0F;&#x66F4;&#x7CBE;&#x7C21;&#xFF0C;&#x905E;&#x8FF4;&#x7684;&#x80CC;&#x5F8C;&#x5176;&#x5BE6;&#x662F;&#x4E00;&#x500B;&#x5806;&#x758A;&#x7684;&#x6982;&#x5FF5;&#xFF0C;&#x96D6;&#x7136;&#x6211;&#x5011;&#x770B;&#x4E0D;&#x898B;&#x5176;&#x4E2D;&#x96B1;&#x85CF;&#x5728;&#x5F8C;&#x53F0;&#x7684;&#x7D30;&#x7BC0;&#xFF0C;&#x4F46;&#x905E;&#x8FF4;&#x7684;&#x5806;&#x758A;&#x5E6B;&#x6211;&#x5011;&#x7D00;&#x9304;&#x4E86;&#x904E;&#x7A0B;&#x4E2D;&#x7684;&#x503C;&#xFF0C;&#x70BA;&#x6211;&#x5011;&#x6E1B;&#x5C11;&#x90E8;&#x5206;&#x5DE5;&#x4F5C;&#xFF0C;&#x4F7F;&#x7A0B;&#x5F0F;&#x78BC;&#x66F4;&#x7C21;&#x6F54;&#x6613;&#x61C2;&#x3002;&lt;/p&gt;&#xD;
&#xD;
&lt;p&gt;&#x8209;&#x4F8B;&#x4F86;&#x8AAA;&#x50CF;&#x662F;&#x8CBB;&#x5F0F;&#x6578;&#x5217;&#x5C31;&#x662F;&#x905E;&#x8FF4;&#x76F8;&#x7576;&#x6709;&#x540D;&#x7684;&#x4F8B;&#x5B50;&#xFF0C;&#x56E0;&#x70BA;&#x6BCF;&#x4E00;&#x500B;&#x8CBB;&#x5F0F;&#x6578;&#x5217;F(n)&#x90FD;&#x6703;&#x7B49;&#x65BC;&#x672C;&#x8EAB;&#x524D;&#x5169;&#x9805;&#x7684;&#x548C;&#xFF0C;&#x975E;&#x5E38;&#x7B26;&#x5408;&#x300C;&#x63A8;&#x85A6;&#x4F7F;&#x7528;&#x905E;&#x8FF4;&#x300D;&#x7684;&#x60C5;&#x6CC1;&#x3002;&lt;/p&gt;</content>
  <attach></attach>
  <rcount></rcount>
  <rank></rank>
  <hit>95</hit>
  <lang>1</lang>
</data>
