<?xml version="1.0"?>
<data version="3.0" time="2024-06-30 09:15:17" type="post" filename="b000000046.xml">
  <open_time>0000-00-00</open_time>
  <close_time>0000-00-00</close_time>
  <lang_name>Big5</lang_name>
  <board_id>1001162646</board_id>
  <node>000000046</node>
  <site>1000110001</site>
  <pt>2022-09-26 22:37:59</pt>
  <poster>11027130</poster>
  <realname>&#x90B1;&#x5955;&#x7FD4;  </realname>
  <email>ioppoi1029384756@gmail.com</email>
  <homepage>  </homepage>
  <subject>101. &#x4EE5;&#x81EA;&#x5DF1;&#x7684;&#x8A71;&#x63CF;&#x8FF0;&#x905E;&#x8FF4;recursion&#x662F;&#x4EC0;&#x9EBC;&#x3002; </subject>
  <content>&lt;p&gt;&#x905E;&#x8FF4;&#x4E3B;&#x8981;&#x662F;&#x5C07;&#x4E0D;&#x7BA1;&#x5927;&#x9084;&#x662F;&#x5C0F;&#x4F46;&#x89E3;&#x6C7A;&#x65B9;&#x6CD5;&#x6216;&#x6027;&#x8CEA;&#x4E00;&#x6A23;&#x7684;&#x554F;&#x984C;&#x85C9;&#x7531;&#x91CD;&#x8907;&#x547C;&#x53EB;&#x51FD;&#x5F0F;&#x7531;&#x5927;&#x554F;&#x984C;&#x62C6;&#x5230;&#x5C0F;&#x554F;&#x984C;&#x9032;&#x884C;&#x89E3;&#x6C7A;&#xFF0C;&#x4F46;&#x9808;&#x660E;&#x78BA;&#x77E5;&#x9053;&#x7D42;&#x6B62;&#x689D;&#x4EF6;&#x3002;&lt;/p&gt; </content>
  <attach></attach>
  <rcount></rcount>
  <rank></rank>
  <hit>9</hit>
  <lang>1</lang>
</data>
