<?xml version="1.0"?>
<data version="3.0" time="2024-06-30 09:15:17" type="post" filename="b000000045.xml">
  <open_time>0000-00-00</open_time>
  <close_time>0000-00-00</close_time>
  <lang_name>Big5</lang_name>
  <board_id>1001162646</board_id>
  <node>000000045</node>
  <site>1000110001</site>
  <pt>2022-09-26 18:39:34</pt>
  <poster>11027106</poster>
  <realname>&#x675C;&#x59F3;&#x84C1;  </realname>
  <email>rziostudent616@gmail.com</email>
  <homepage>  </homepage>
  <subject>101. &#x4EE5;&#x81EA;&#x5DF1;&#x7684;&#x8A71;&#x63CF;&#x8FF0;&#x905E;&#x8FF4;recursion&#x662F;&#x4EC0;&#x9EBC;&#x3002; </subject>
  <content>&lt;p&gt;&#x905E;&#x8FF4;&#x662F;&#x5C07;&#x4E00;&#x500B;&#x554F;&#x984C;&#x62C6;&#x5206;&#x6210;&#x597D;&#x5E7E;&#x500B;&#x5C0F;&#x554F;&#x984C;&#xFF0C;&#x76F4;&#x5230;&#x9054;&#x6210;&#x4E2D;&#x6B62;&#x689D;&#x4EF6;&#x624D;&#x6703;&#x505C;&#x6B62;&#x62C6;&#x5206;&#xFF0C;&#x800C;&#x9019;&#x4E9B;&#x5C0F;&#x554F;&#x984C;&#x90FD;&#x662F;&#x5728;&#x89E3;&#x6C7A;&#x540C;&#x4E00;&#x500B;&#x554F;&#x984C;&#x3002;&#x6B64;&#x65B9;&#x5F0F;&#x7684;&#x512A;&#x9EDE;&#x5728;&#x65BC;&#x7A0B;&#x5F0F;&#x6703;&#x6BD4;&#x8F03;&#x7CBE;&#x7C21;&#x3002;&lt;/p&gt; </content>
  <attach></attach>
  <rcount></rcount>
  <rank></rank>
  <hit>10</hit>
  <lang>1</lang>
</data>
