<?xml version="1.0"?>
<data version="3.0" time="2024-06-30 09:15:17" type="post" filename="b000000018.xml">
  <open_time>0000-00-00</open_time>
  <close_time>0000-00-00</close_time>
  <lang_name>Big5</lang_name>
  <board_id>1001162646</board_id>
  <node>000000018</node>
  <site>1000110001</site>
  <pt>2022-09-18 18:29:01</pt>
  <poster>10911151</poster>
  <realname>&#x5F90;&#x6587;&#x5FC3;  </realname>
  <email>milk12343056@gmail.com</email>
  <homepage>  </homepage>
  <subject>101. &#x4EE5;&#x81EA;&#x5DF1;&#x7684;&#x8A71;&#x63CF;&#x8FF0;&#x905E;&#x8FF4;recursion&#x662F;&#x4EC0;&#x9EBC;&#x3002; </subject>
  <content>&lt;p&gt;&#x53EF;&#x4EE5;&#x7528;&#x6578;&#x5B78;&#x6B78;&#x7D0D;&#x6CD5;&#x4F86;&#x60F3;&#x905E;&#x8FF4;&#xFF0C;&#x5728;&#x6B78;&#x7D0D;&#x6CD5;&#x4E2D;&#xFF0C;&#x7B2C;&#x4E00;&#x6B65;&#x5F9E;&#x6700;&#x5C0F;&#x81EA;&#x7136;&#x6578;n=1&#x958B;&#x59CB;&#x8B49;&#x660E;&#xFF0C;&#x7B2C;&#x4E8C;&#x6B65;&#x5728;k&#x662F;&#x4EFB;&#x610F;&#x6B63;&#x6574;&#x6578;&#x7684;&#x60C5;&#x6CC1;&#x4E0B;&#xFF0C;&#x8B49;&#x660E;k=n+1&#x80FD;&#x5920;&#x6210;&#x7ACB;&#x6642;&#x5247;&#x539F;&#x5F0F;&#x6210;&#x7ACB;&#x3002;&lt;/p&gt;&#xD;
&#xD;
&lt;p&gt;&#x628A;n=1&#x770B;&#x6210;&#x5C0F;&#x554F;&#x984C;&#xFF0C;k=n+1&#x5C31;&#x662F;&#x5927;&#x554F;&#x984C;&#xFF0C;&#x770B;&#x4E0A;&#x8FF0;&#x7684;&#x6578;&#x5B78;&#x6B78;&#x7D0D;&#x6CD5;&#xFF0C;&#x6703;&#x767C;&#x73FE;k=n+1&#x9019;&#x500B;&#x5927;&#x554F;&#x984C;&#x7684;&#x89E3;&#x6CD5;&#x5176;&#x5BE6;&#x5C31;&#x8DDF;n=1&#x9019;&#x500B;&#x5C0F;&#x554F;&#x984C;&#x7684;&#x89E3;&#x6CD5;&#x4E00;&#x6A23;&#xFF0C;&#x6240;&#x4EE5;&#x5C31;&#x6709;&#x4E86;&#x51FD;&#x5F0F;&#x81EA;&#x5DF1;&#x547C;&#x53EB;&#x81EA;&#x5DF1;&#x7684;&#x60C5;&#x6CC1;&#x3002;&lt;/p&gt;&#xD;
&#xD;
&lt;p&gt;&#x4F46;&#x662F;&#x9019;&#x500B;&#x53EF;&#x4EE5;&#x89E3;&#x6C7A;&#x554F;&#x984C;&#x7684;&#x51FD;&#x5F0F;&#xFF0C;&#x5FC5;&#x9808;&#x8981;&#x6709;&#x660E;&#x986F;&#x7684;&#x505C;&#x6B62;&#x547C;&#x53EB;&#x689D;&#x4EF6;&#xFF0C;&#x5426;&#x5247;&#x6703;&#x6709;&#x7121;&#x9650;&#x905E;&#x8FF4;&#x7684;&#x554F;&#x984C;&#x3002;&lt;/p&gt;&#xD;
&#xD;
&lt;p&gt;ps.&#x6578;&#x5B78;&#x6B78;&#x7D0D;&#x6CD5;&#x61C9;&#x8A72;&#x662F;&#x9AD8;&#x4E2D;&#x6578;&#x5B78;&#x8AB2;&#x4E0A;&#x7684;&#xFF0C;&#x5230;&#x5927;&#x5B78;&#x770B;&#x5230;&#x905E;&#x8FF4;&#x7684;&#x6642;&#x5019;&#xFF0C;&#x7B2C;&#x4E00;&#x53CD;&#x61C9;&#x5C31;&#x662F;&#x905E;&#x8FF4;&#x8DDF;&#x6578;&#x5B78;&#x6B78;&#x7D0D;&#x6CD5;&#x597D;&#x50CF;&#xFF0C;&#x4E00;&#x67E5;&#x4E4B;&#x5F8C;&#x767C;&#x73FE;&#x4ED6;&#x5011;&#x771F;&#x7684;&#x6709;&#x95DC;&#x4FC2;!&lt;/p&gt; </content>
  <attach></attach>
  <rcount></rcount>
  <rank></rank>
  <hit>46</hit>
  <lang>1</lang>
</data>
