<?xml version="1.0"?>
<data version="3.0" time="2024-06-30 09:15:17" type="post" filename="b000000012.xml">
  <open_time>0000-00-00</open_time>
  <close_time>0000-00-00</close_time>
  <lang_name>Big5</lang_name>
  <board_id>1001162646</board_id>
  <node>000000012</node>
  <site>1000110001</site>
  <pt>2022-09-15 21:35:14</pt>
  <poster>11027147</poster>
  <realname>&#x90B1;&#x5CFB;&#x5F65;  </realname>
  <email>jim97503@gmail.com</email>
  <homepage>  </homepage>
  <subject>104. &#x4EC0;&#x9EBC;&#x60C5;&#x6CC1;&#x4E0B;&#x9069;&#x5408;&#x4F7F;&#x7528;&#x905E;&#x8FF4;&#xFF1F;&#x70BA;&#x4EC0;&#x9EBC;&#xFF1F; </subject>
  <content>&lt;p&gt;&#x5C0F;&#x6642;&#x5019;&#x7B2C;&#x4E00;&#x6B21;&#x63A5;&#x89F8;&#x5230;&#x6CB3;&#x5167;&#x5854;&#x6642;&#xFF0C;&#x5617;&#x8A66;&#x7684;&#x7167;&#x8457;&#x4ED6;&#x6240;&#x8981;&#x6C42;&#x7684;&#x689D;&#x4EF6;&#x628A;A&#x67F1;&#x4E0A;&#x7684;&#x5713;&#x76E4;&#x79FB;&#x5230;C&#x67F1;&#x3002;&#x5728;&#x904E;&#x7A0B;&#x4E2D;&#x767C;&#x73FE;&#x6703;&#x4E00;&#x76F4;&#x51FA;&#x73FE;&#x5982;&#x4F55;&#x628A;&#x975E;C&#x67F1;&#x4E0A;&#x7684;&#x6700;&#x5927;&#x5713;&#x76E4;&#x63D0;&#x51FA;&#x4F86;&#x9019;&#x500B;&#x554F;&#x984C;&#xFF0C;&#x4E5F;&#x5C31;&#x662F;&#x7576;&#x6700;&#x5927;&#x5713;&#x76E4;&#x5728;A&#x67F1;&#x6642;&#x8981;&#x628A;&#x6B64;&#x5713;&#x76E4;&#x4E0A;&#x7684;&#x6240;&#x6709;&#x5713;&#x76E4;&#x63D0;&#x5230;B&#x67F1;&#x63A5;&#x8457;&#x5C31;&#x53EF;&#x4EE5;&#x628A;&#x6B64;&#x5713;&#x76E4;&#x79FB;&#x5230;C&#x67F1;&#x3002;&#x540C;&#x7406;&#x7576;&#x6700;&#x5927;&#x5713;&#x76E4;&#x5728;B&#x67F1;&#x6642;&#x5C31;&#x628A;&#x6B64;&#x5713;&#x76E4;&#x4E0A;&#x7684;&#x6240;&#x6709;&#x5713;&#x76E4;&#x79FB;&#x5230;A&#x67F1;&#x3002;&#x800C;&#x9019;&#x500B;&#x904E;&#x7A0B;&#x662F;&#x4E00;&#x500B;&#x6709;&#x898F;&#x5F8B;&#x7684;&#x4E14;&#x76F8;&#x8F03;&#x65BC;&#x539F;&#x4F86;&#x7684;&#x6CB3;&#x5167;&#x5854;&#x554F;&#x984C;&#x8F49;&#x70BA;&#x4E00;&#x500B;&#x5C0F;&#x554F;&#x984C;(&#x5982;&#x4F55;&#x628A;&#x6700;&#x5927;&#x5713;&#x76E4;&#x5F9E;A&#x67F1;&#x6216;B&#x67F1;&#x4E2D;&#x63D0;&#x51FA;&#x4F86;)&#xFF0C;&#x53EA;&#x8981;&#x91CD;&#x8907;&#x505A;&#x9019;&#x500B;&#x5C0F;&#x554F;&#x984C;&#x5C31;&#x53EF;&#x4EE5;&#x5B8C;&#x6210;&#x6CB3;&#x5167;&#x5854;&#x9019;&#x6A23;&#x7684;&#x5927;&#x554F;&#x984C;&#x3002;&lt;/p&gt;&#xD;
&#xD;
&lt;p&gt;&#x5728;&#x5B78;&#x4E86;&#x905E;&#x8FF4;&#x5F8C;&#xFF0C;&#x767C;&#x73FE;&#x905E;&#x8FF4;&#x6B63;&#x662F;&#x7528;&#x4F86;&#x9069;&#x5408;&#x8655;&#x7406;&#x6B64;&#x7A2E;&#x72C0;&#x6CC1;&#x7684;&#x65B9;&#x6CD5;&#xFF0C;&#x4E5F;&#x5C31;&#x662F;&#x7576;&#x4E00;&#x500B;&#x5927;&#x554F;&#x984C;&#x53EF;&#x4EE5;&#x62C6;&#x6210;&#x91CD;&#x8907;&#x7684;&#x4E14;&#x6709;&#x898F;&#x5F8B;&#x7684;&#x5C0F;&#x554F;&#x984C;&#x6642;&#xFF0C;&#x905E;&#x8FF4;&#x5C31;&#x883B;&#x9069;&#x5408;&#x7528;&#x4F86;&#x89E3;&#x6C7A;&#x6B64;&#x5927;&#x554F;&#x984C;&#x7684;&#xFF0C;&#x56E0;&#x70BA;&#x6211;&#x5011;&#x628A;&#x539F;&#x672C;&#x8981;&#x89E3;&#x6C7A;&#x7684;&#x554F;&#x984C;&#x8B8A;&#x5F97;&#x76F8;&#x8F03;&#x7C21;&#x55AE;&#x4E14;&#x57F7;&#x884C;&#x4E0A;&#x66F4;&#x6709;&#x6548;&#x7387;&#x3002;&lt;/p&gt; </content>
  <attach></attach>
  <rcount></rcount>
  <rank></rank>
  <hit>89</hit>
  <lang>1</lang>
</data>
