<?xml version="1.0"?>
<data version="3.0" time="2024-06-30 09:15:17" type="post" filename="b000000010.xml">
  <open_time>0000-00-00</open_time>
  <close_time>0000-00-00</close_time>
  <lang_name>Big5</lang_name>
  <board_id>1001162646</board_id>
  <node>000000010</node>
  <site>1000110001</site>
  <pt>2022-09-15 01:16:58</pt>
  <poster>11027137</poster>
  <realname>&#x674E;&#x627F;&#x7950;  </realname>
  <email>epe04886@gmail.com</email>
  <homepage>  </homepage>
  <subject>104.&#x4EC0;&#x9EBC;&#x60C5;&#x6CC1;&#x4E0B;&#x9069;&#x5408;&#x7528;&#x905E;&#x8FF4;? &#x70BA;&#x4EC0;&#x9EBC;? </subject>
  <content>&lt;p&gt;&#x7576;&#x5927;&#x4E00;&#x4E0B;&#x525B;&#x9047;&#x5230;&#x905E;&#x8FF4;&#x6642;&#xFF0C;&#x6211;&#x6703;&#x5FCD;&#x4E0D;&#x4F4F;&#x60F3;&#x9019;&#x6A23;&#x7684;&#x984C;&#x76EE;&#x7528;&#x8FF4;&#x5708;&#x89E3;&#x4E0D;&#x662F;&#x6BD4;&#x8F03;&#x5FEB;&#x55CE;?&#x905E;&#x8FF4;&#x4E00;&#x76F4;&#x547C;&#x53EB;&#x81EA;&#x5DF1;&#x76F4;&#x5230;&#x628A;&#x81EA;&#x5DF1;&#x5F04;&#x6688;&#xFF0C;&#x78BA;&#x5BE6;&#xFF0C;&#x67D0;&#x4E9B;&#x984C;&#x76EE;&#x7528;&#x8FF4;&#x5708;&#x6BD4;&#x8F03;&#x7701;&#x4E8B;&#xFF0C;&#x4F46;&#x662F;&#x5BEB;&#x5230;&#x8D8A;&#x671F;&#x672B;&#x6703;&#x767C;&#x73FE;&#xFF0C;&#x4E0D;&#x7BA1;&#x662F;for &#x9084;&#x662F;do while&#x88E1;&#x9762;&#x585E;&#x7684;&#x6771;&#x897F;&#x8D8A;&#x4F86;&#x8D8A;&#x591A;&#xFF0C;&#x91CD;&#x8907;&#x8981;&#x8655;&#x7406;&#x7684;&#x4E8B;&#x60C5;&#x4E0D;&#x53EA;&#x4E00;&#x4EF6;&#xFF0C;&#x8B8A;&#x5F97;&#x5F88;&#x96E3;&#x9664;&#x932F;&#x3002;&#x6240;&#x4EE5;&#xFF0C;&#x4EE5;&#x4E0B;&#x662F;&#x6211;&#x8A8D;&#x70BA;&#x9069;&#x5408;&#x7528;&#x905E;&#x8FF4;&#x7684;&#x60C5;&#x6CC1;:&lt;/p&gt;&#xD;
&#xD;
&lt;p&gt;1.&#x7576;&#x91CD;&#x8907;&#x4E14;&#x7E41;&#x96DC;&#x7684;&#x4E8B;&#x60C5;&#x8981;&#x8655;&#x7406;&#xFF0C;&#x53EF;&#x4EE5;&#x4E1F;&#x5230;&#x526F;&#x7A0B;&#x5F0F;&#x53BB;&#x5BE6;&#x884C;&#x3002;&lt;/p&gt;&#xD;
&#xD;
&lt;p&gt;2.&#x5927;&#x4E8B;&#x53EF;&#x4EE5;&#x6709;&#x898F;&#x5F8B;&#x5316;&#x6210;&#x5C0F;&#x4E8B;&#x8655;&#x7406;&#x7684;&#x6642;&#x5019;&#x3002;&lt;/p&gt;&#xD;
&#xD;
&lt;p&gt;3.&#x5728;linked list&#x4E0A;&#x80FD;&#x5920;&#x5FEB;&#x901F;&#x904D;&#x6B77;&#x6240;&#x9700;&#x8CC7;&#x8A0A;&#x3002;&lt;/p&gt;&#xD;
&#xD;
&lt;p&gt;4.&#x6709;&#x660E;&#x78BA;&#x7684;&#x7D42;&#x6B62;&#x689D;&#x4EF6;&#xFF0C;&#x4E0D;&#x6703;&#x51FA;&#x4E8B;&#x3002;&lt;/p&gt;&#xD;
&#xD;
&lt;p&gt;5.&#x5BEB;&#x8A08;&#x6982;&#x8D85;&#x904E;65&#x884C;&#x6642;&#xFF0C;&#x4E0D;&#x5F97;&#x4E0D;&#x6539;&lt;/p&gt; </content>
  <attach></attach>
  <rcount></rcount>
  <rank></rank>
  <hit>56</hit>
  <lang>1</lang>
</data>
