<?xml version="1.0"?>
<data version="3.0" time="2024-06-30 09:15:17" type="post" filename="b000000021000000003.xml">
  <open_time>0000-00-00</open_time>
  <close_time>0000-00-00</close_time>
  <lang_name>Big5</lang_name>
  <board_id>1001162646</board_id>
  <node>000000021000000003</node>
  <site>1000110001</site>
  <pt>2022-09-20 10:35:25</pt>
  <poster>11813</poster>
  <realname>&#x5433;&#x5B9C;&#x9D3B;  </realname>
  <email>yhwu@cycu.edu.tw</email>
  <homepage>https://www.researchgate.net/profile/Yi-Hung-Wu-2  </homepage>
  <subject>Re: 101. &#x4EE5;&#x81EA;&#x5DF1;&#x7684;&#x8A71;&#x63CF;&#x8FF0;&#x905E;&#x8FF4;recursion&#x662F;&#x4EC0;&#x9EBC;&#x3002;  </subject>
  <content>&lt;p&gt;&#x53EF;&#x4EE5;&#x7528;&#x4F86;&#x89E3;&#x6C7A;&#x91CD;&#x8907;&#x6027;&#x9AD8;&#x7684;&#x554F;&#x984C;&#xFF0C;&#x6240;&#x4EE5;&#xFF0C;&#x4EFB;&#x4F55;&#x8FF4;&#x5708;&#x90FD;&#x53EF;&#x4EE5;&#x6539;&#x5BEB;&#x6210;&#x905E;&#x8FF4;&#xFF0C;&#x5C0D;&#x55CE;&#xFF1F;&lt;/p&gt; </content>
  <attach></attach>
  <rcount></rcount>
  <rank></rank>
  <hit>1</hit>
  <lang>1</lang>
</data>
