<?xml version="1.0"?>
<data version="3.0" time="2024-06-30 09:15:17" type="post" filename="b000000007000000001.xml">
  <open_time>0000-00-00</open_time>
  <close_time>0000-00-00</close_time>
  <lang_name>Big5</lang_name>
  <board_id>1001162646</board_id>
  <node>000000007000000001</node>
  <site>1000110001</site>
  <pt>2022-09-14 23:52:20</pt>
  <poster>11813</poster>
  <realname>&#x5433;&#x5B9C;&#x9D3B;  </realname>
  <email>yhwu@cycu.edu.tw</email>
  <homepage>https://www.researchgate.net/profile/Yi-Hung-Wu-2  </homepage>
  <subject>Re: 101. &#x4EE5;&#x81EA;&#x5DF1;&#x7684;&#x8A71;&#x63CF;&#x8FF0;&#x905E;&#x8FF4;recursion&#x662F;&#x4EC0;&#x9EBC;&#x3002;  </subject>
  <content>&lt;p&gt;&#x5F88;&#x597D;&#x7684;&#x4F8B;&#x5B50;&#xFF01;&lt;/p&gt;&#xD;
&#xD;
&lt;p&gt;&lt;a href="https://1.bp.blogspot.com/-s7feI319gzQ/WRlePRikWCI/AAAAAAAAKT0/JTfMGMe3EXoSwPSzzt_NouQ2ASOFBEsogCLcB/s640/15_1.jpg"&gt;&lt;img alt="" src="https://1.bp.blogspot.com/-s7feI319gzQ/WRlePRikWCI/AAAAAAAAKT0/JTfMGMe3EXoSwPSzzt_NouQ2ASOFBEsogCLcB/s640/15_1.jpg" style="height:198px; width:416px" /&gt;&lt;/a&gt;&lt;/p&gt; </content>
  <attach></attach>
  <rcount></rcount>
  <rank></rank>
  <hit>1</hit>
  <lang>1</lang>
</data>
