<?xml version="1.0"?>
<data version="3.0" time="2024-06-30 09:15:17" type="post" filename="b000000042000000003.xml">
  <open_time>0000-00-00</open_time>
  <close_time>0000-00-00</close_time>
  <lang_name>Big5</lang_name>
  <board_id>1001162646</board_id>
  <node>000000042000000003</node>
  <site>1000110001</site>
  <pt>2022-09-26 17:23:27</pt>
  <poster>11027162</poster>
  <realname>&#x5289;&#x5F65;&#x6210;  </realname>
  <email>s11027162@cycu.edu.tw</email>
  <homepage>  </homepage>
  <subject>Re: 101. &#x4EE5;&#x81EA;&#x5DF1;&#x7684;&#x8A71;&#x63CF;&#x8FF0;&#x905E;&#x8FF4;recursion&#x662F;&#x4EC0;&#x9EBC;  </subject>
  <content>&lt;p&gt;&#x592A;&#x9ED1;&#x5FC3;&#x4E86;&#x5427;&amp;nbsp;&lt;/p&gt; </content>
  <attach></attach>
  <rcount></rcount>
  <rank></rank>
  <hit>1</hit>
  <lang>1</lang>
</data>
