<?xml version="1.0"?>
<data version="3.0" time="2024-06-30 09:15:17" type="post" filename="b000000027.xml">
  <open_time>0000-00-00</open_time>
  <close_time>0000-00-00</close_time>
  <lang_name>Big5</lang_name>
  <board_id>1001162646</board_id>
  <node>000000027</node>
  <site>1000110001</site>
  <pt>2022-09-21 01:44:10</pt>
  <poster>11027135</poster>
  <realname>&#x674E;&#x5B97;&#x8AFA;  </realname>
  <email>mouth0203lk@gmail.com</email>
  <homepage>  </homepage>
  <subject>101. &#x4EE5;&#x81EA;&#x5DF1;&#x7684;&#x8A71;&#x63CF;&#x8FF0;&#x905E;&#x8FF4;recursion&#x662F;&#x4EC0;&#x9EBC;&#x3002; </subject>
  <content>&lt;p&gt;&#x8FF4;&#x7C21;&#x55AE;&#x4F86;&#x8AAA;&#x5C31;&#x662F;&#x900F;&#x904E;&#x91CD;&#x8907;&#x547C;&#x53EB;&#x81EA;&#x8EAB;&#x51FD;&#x5F0F;&#x4F86;&#x5BE6;&#x73FE; &amp;#39;&#x8FF4;&amp;#39; &#x7684;&#x6548;&#x679C;&#xFF0C;&#x4E26;&#x5728;&#x5230;&#x9054;&#x7D42;&#x6B62;&#x689D;&#x4EF6;&#x7684;&#x6642;&#x5019;&#x9010;&#x5C64;&#x8FD4;&#x56DE;&#x4E00;&#x76F4;&#x5230;&#x7D50;&#x675F;&#x4E5F;&#x5C31;&#x662F; &amp;#39;&#x905E;&amp;#39; (&#x9806;&#x8457;&#x6B21;&#x5E8F;)&amp;nbsp;&amp;nbsp;&#x3002;&lt;/p&gt;&#xD;
&#xD;
&lt;p&gt;&#x8209;&#x4F8B;&#x4F86;&#x8AAA;&lt;/p&gt;&#xD;
&#xD;
&lt;p&gt;&#x5C31;&#x50CF;&#x5E38;&#x898B;&#x7684;&#x7834;&#x51B0;&#x904A;&#x6232;&amp;lt;&amp;lt;&#x7E6A;&#x756B;&#x63A5;&#x9F8D;&amp;gt;&amp;gt;&#x7684;&#x6982;&#x5FF5;&#x4E00;&#x6A23;&#xFF0C;&#x7531;&#x7B2C;&#x4E00;&#x500B;&#x4EBA;&#x770B;&#x4E86;&#x984C;&#x76EE;&#x5F8C;&#x756B;&#x4E0B;&#x4F86;&#x7D66;&#x4E0B;&#x4E00;&#x4F4D;&#x89C0;&#x6469;&#xFF0C;&#x4E0B;&#x4E00;&#x500B;&#x4EBA;&#x518D;&#x756B;&#x5716;&#xFF0C;&#x76F4;&#x5230;&#x50B3;&#x7D66;&#x6700;&#x5F8C;&#x4E00;&#x4F4D;&#x731C;&#x51FA;&#x7B54;&#x6848;&#x3002;&amp;nbsp; &#x63A5;&#x9F8D;(&#x50B3;&#x7D66;&#x4E0B;&#x4E00;&#x500B;&#x4EBA;)&#x7684;&#x904E;&#x7A0B;&#x5C31;&#x50CF;&#x51FD;&#x5F0F;&#x547C;&#x53EB;&#x81EA;&#x5DF1;&#x672C;&#x8EAB;&#x4E00;&#x822C;&#xFF0C;&#x63A5;&#x9F8D;&#x7684;&#x984C;&#x76EE;&#x5C31;&#x50CF;&#x905E;&#x8FF4;&#x7684;&#x901A;&#x5F0F;&#xFF0C;&#x800C;&#x50B3;&#x81F3;&#x6700;&#x5F8C;&#x4E00;&#x4F4D;&#x5C31;&#x662F;&#x905E;&#x8FF4;&#x7684;&#x7D42;&#x6B62;&#x689D;&#x4EF6;&#x3002;&lt;/p&gt;&#xD;
&#xD;
&lt;p&gt;&lt;span style="font-size:8px"&gt;P.S. &#x5728;&#x904E;&#x5B8C;&#x6691;&#x5047;&#x4E4B;&#x5F8C;&#x6574;&#x500B;&#x4EBA;&#x90FD;&#x662F;&#x5BBF;&#x71DF;&#x7684;&#x5F62;&#x72C0;(&#xCA5;&#xFE4F;&#xCA5;)&lt;/span&gt;&lt;/p&gt; </content>
  <attach></attach>
  <rcount></rcount>
  <rank></rank>
  <hit>53</hit>
  <lang>1</lang>
</data>
