<?xml version="1.0"?>
<data version="3.0" time="2024-06-30 09:11:38" type="post" filename="b000000002000000002.xml">
  <open_time>0000-00-00</open_time>
  <close_time>0000-00-00</close_time>
  <lang_name>Big5</lang_name>
  <board_id>1001296420</board_id>
  <node>000000002000000002</node>
  <site>1000110001</site>
  <pt>2023-11-27 21:37:21</pt>
  <poster>11813</poster>
  <realname>&#x5433;&#x5B9C;&#x9D3B;  </realname>
  <email>yhwu@cycu.edu.tw</email>
  <homepage>https://www.researchgate.net/profile/Yi-Hung-Wu-2  </homepage>
  <subject>Re: 117  </subject>
  <content>&lt;p&gt;void callByAddress( int &amp;amp;numB ) {&lt;/p&gt;&#xD;
&#xD;
&lt;p&gt;&lt;span style="color:#ff0000"&gt;Read the previous post first;&amp;nbsp;otherwise, you will get points deducted instead of points added!&lt;/span&gt;&lt;/p&gt;&#xD;
&#xD;
&lt;p&gt;&lt;span style="color:#ff0000"&gt;Besides, do&amp;nbsp;NOT&amp;nbsp;plagiarize!&lt;/span&gt;&lt;/p&gt; </content>
  <attach></attach>
  <rcount></rcount>
  <rank></rank>
  <hit>1</hit>
  <lang>1</lang>
</data>
