<?xml version="1.0"?>
<data version="3.0" time="2024-06-30 09:11:38" type="post" filename="b000000004.xml">
  <open_time>0000-00-00</open_time>
  <close_time>0000-00-00</close_time>
  <lang_name>Big5</lang_name>
  <board_id>1001296420</board_id>
  <node>000000004</node>
  <site>1000110001</site>
  <pt>2023-10-07 00:59:19</pt>
  <poster>11127137</poster>
  <realname>&#x9EC3;&#x4E59;&#x5BB6;  </realname>
  <email>u810025@gmail.com</email>
  <homepage>https://ja-errorpro.cf  </homepage>
  <subject>120 </subject>
  <content>&lt;p&gt;&#x8209;&#x4F8B;&#x8AAA;&#x660E;&#x4F7F;&#x7528;&#x96D9;&#x5411;&#x93C8;&#x7D50;&#x4E32;&#x5217;doubly linked list&#x7684;&#x60C5;&#x5883;&#x3002;&lt;/p&gt;&#xD;
&#xD;
&lt;p&gt;&lt;br /&gt;&#xD;
1. &#x7DE8;&#x8F2F;&#x5668;&#x7684;&#x5FA9;&#x539F;/&#x91CD;&#x505A;&#x529F;&#x80FD;&lt;/p&gt;&#xD;
&#xD;
&lt;p&gt;&#x4EE5;&#x6587;&#x5B57;&#x7DE8;&#x8F2F;&#x5668;&#x70BA;&#x4F8B;&#xFF0C;&#x7576;&#x4F7F;&#x7528;&#x8005;&#x9032;&#x884C;&#x4E86;&#x4FEE;&#x6539;&#xFF0C;&#x5C31;&#x5C07;&#x7576;&#x524D;&#x6587;&#x672C;&#x72C0;&#x614B;&#x5B58;&#x5230;doubly linked list&#x5C3E;&#x7AEF;&#xFF0C;&#x7576;&#x4F7F;&#x7528;&#x8005;&#x57F7;&#x884C;&#x5FA9;&#x539F;&#x6307;&#x4EE4;&#x5C31;&#x5C07;&#x6307;&#x6A19;&#x5F80;&#x524D;&#x4E00;&#x500B;&#xFF0C;&#x5982;&#x679C;&#x57F7;&#x884C;&#x91CD;&#x505A;&#x5C31;&#x5F80;&#x5F8C;&#x4E00;&#x500B;&lt;/p&gt;&#xD;
&#xD;
&lt;p&gt;2. &#x700F;&#x89BD;&#x5668;&#x7684;&#x4E0A;&#x4E00;&#x9801;&#x3001;&#x4E0B;&#x4E00;&#x9801;(&#x6B77;&#x53F2;&#x7D00;&#x9304;)&#x529F;&#x80FD;&lt;/p&gt;&#xD;
&#xD;
&lt;p&gt;&#x6BCF;&#x700F;&#x89BD;&#x4E00;&#x500B;&#x7DB2;&#x9801;&#x5C31;&#x628A;URL&#x52A0;&#x5230;doubly linked list&#x5C3E;&#x7AEF;&#xFF0C;&#x80FD;&#x66F4;&#x65B9;&#x4FBF;&#x5411;&#x524D;&#x5411;&#x5F8C;&#x5C0E;&#x822A;&lt;/p&gt;&#xD;
&#xD;
&lt;p&gt;3. &#x66F4;&#x65B9;&#x4FBF;&#x5BE6;&#x4F5C;stack&#x3001;hash table&#x4E4B;&#x985E;&#x7684;&#x8CC7;&#x6599;&#x7D50;&#x69CB;&lt;/p&gt;&#xD;
&#xD;
&lt;p&gt;4. Linux kernel&#x7684;&#x884C;&#x7A0B;(process)&#x7BA1;&#x7406;&lt;/p&gt;&#xD;
&#xD;
&lt;p&gt;&#x5728;Linux kernel&#x7684;&#x539F;&#x59CB;&#x78BC;&#x53EF;&#x4EE5;&#x627E;&#x5230;&#x5927;&#x91CF;(circular) doubly linked list&#xFF0C;&#x6700;&#x8457;&#x540D;&#x7684;&#x4F8B;&#x5B50;&#x5C31;&#x662F;&#x884C;&#x7A0B;&#x7BA1;&#x7406;&#xFF0C;&#x53EF;&#x4EE5;&#x9AD8;&#x6548;&#x7387;&#x9032;&#x884C;&#x63D2;&#x5165;&#x3001;&#x522A;&#x9664;&#x3001;&#x641C;&#x5C0B;&#x3001;&#x904D;&#x6B77;&lt;/p&gt; </content>
  <attach></attach>
  <rcount></rcount>
  <rank></rank>
  <hit>34</hit>
  <lang>1</lang>
</data>
