<?xml version="1.0"?>
<data version="3.0" time="2024-06-30 09:11:38" type="post" filename="b000000010.xml">
  <open_time>0000-00-00</open_time>
  <close_time>0000-00-00</close_time>
  <lang_name>Big5</lang_name>
  <board_id>1001296420</board_id>
  <node>000000010</node>
  <site>1000110001</site>
  <pt>2023-10-18 23:02:22</pt>
  <poster>03109309</poster>
  <realname>&#x5442;&#x6C9B;&#x9716;  </realname>
  <email>0</email>
  <homepage> </homepage>
  <subject>118 </subject>
  <content>&lt;p&gt;&lt;strong&gt;118. &#x4EE4;ptrX&#x6307;&#x5411;&#x93C8;&#x7D50;&#x4E32;&#x5217;&#x7684;&#x7BC0;&#x9EDE;&#xFF0C;&#x6BD4;&#x8F03;ptrX = ptrX-&amp;gt;next&#x548C;ptrX-&amp;gt;next = ptrX&#x7684;&#x5DEE;&#x7570;&#x3002;&lt;/strong&gt;&lt;/p&gt;&#xD;
&#xD;
&lt;p&gt;1. ptrX= ptrX -&amp;gt; next:&lt;/p&gt;&#xD;
&#xD;
&lt;p&gt;ptrX &#x6307;&#x5411;&#x7684;&#x662F;&#x73FE;&#x5728;&#x9019;&#x500B;&#x7BC0;&#x9EDE;&#x4F4D;&#x5740;&#x7684;&#x4E0B;&#x4E00;&#x500B;&#x4F4D;&#x5740; ( ptrX &#x5728; Linked List &#x4E0A;&#x5411;&#x53F3;&#x79FB;&#x52D5;)&#x3002;&lt;/p&gt;&#xD;
&#xD;
&lt;p&gt;2. ptrX-&amp;gt;next = ptrX:&lt;/p&gt;&#xD;
&#xD;
&lt;p&gt;prtX&#x6307;&#x5411;&#x7684;&#x73FE;&#x5728;&#x9019;&#x500B;&#x7BC0;&#x9EDE;&#x7684;&#x4E0B;&#x4E00;&#x500B;&#x4F4D;&#x5740;&#x70BA;&#x81EA;&#x5DF1;&#x672C;&#x8EAB;&#x9019;&#x500B;&#x7BC0;&#x9EDE;&#x7684;&#x4F4D;&#x5740; ( &#x5728; Linked List &#x4E0A;&#x5F62;&#x6210;&#x4E00;&#x500B;&#x5C01;&#x9589;&#x7684;&#x8FF4;&#x5708;&#xFF0C;&#x6703;&#x7121;&#x6CD5;&#x53D6;&#x5F97;&#x63A5;&#x4E0B;&#x4F86;&#x7684;Linked List &#x8CC7;&#x6599;)&#x3002;&lt;/p&gt;&#xD;
&#xD;
&lt;p&gt;&lt;img alt="" src="/user/0/3/03109309/images/IMG_0218%281%29.PNG" style="height:371px; width:500px" /&gt;&lt;/p&gt;</content>
  <attach></attach>
  <rcount></rcount>
  <rank></rank>
  <hit>14</hit>
  <lang>1</lang>
</data>
