<?xml version="1.0"?>
<data version="3.0" time="2024-06-30 09:11:38" type="post" filename="b000000006000000002.xml">
  <open_time>0000-00-00</open_time>
  <close_time>0000-00-00</close_time>
  <lang_name>Big5</lang_name>
  <board_id>1001296420</board_id>
  <node>000000006000000002</node>
  <site>1000110001</site>
  <pt>2023-11-27 21:50:30</pt>
  <poster>11813</poster>
  <realname>&#x5433;&#x5B9C;&#x9D3B;  </realname>
  <email>yhwu@cycu.edu.tw</email>
  <homepage>https://www.researchgate.net/profile/Yi-Hung-Wu-2  </homepage>
  <subject>Re: 119  </subject>
  <content>&lt;p&gt;&lt;span style="color:#ff0000"&gt;&lt;strong&gt;BUG:&lt;/strong&gt;&lt;/span&gt;&lt;/p&gt;&#xD;
&#xD;
&lt;p&gt;Node *pre = find( index - 1 );&amp;nbsp; &amp;nbsp;&lt;span style="color:#ff0000"&gt;// pre=NULL if there are only two nodes&lt;/span&gt;&lt;/p&gt;&#xD;
&#xD;
&lt;p&gt;&amp;nbsp; &amp;nbsp; &amp;nbsp; &amp;nbsp; &amp;nbsp; &amp;nbsp; dl = pre-&amp;gt;next;&amp;nbsp; &lt;span style="color:#ff0000"&gt;// pre-&amp;gt;next?&lt;/span&gt;&lt;/p&gt; </content>
  <attach></attach>
  <rcount></rcount>
  <rank></rank>
  <hit>1</hit>
  <lang>1</lang>
</data>
