<?xml version="1.0"?>
<data version="3.0" time="2024-06-30 09:11:38" type="post" filename="b000000012.xml">
  <open_time>0000-00-00</open_time>
  <close_time>0000-00-00</close_time>
  <lang_name>Big5</lang_name>
  <board_id>1001296420</board_id>
  <node>000000012</node>
  <site>1000110001</site>
  <pt>2023-10-18 23:48:33</pt>
  <poster>11127112</poster>
  <realname>&#x838A;&#x6C9B;&#x5112;  </realname>
  <email>a0922166067@gmail.com</email>
  <homepage>  </homepage>
  <subject>118 </subject>
  <content>&lt;p&gt;&lt;span style="font-size:14px"&gt;&#x4EE4;ptrX&#x6307;&#x5411;&#x93C8;&#x7D50;&#x4E32;&#x5217;&#x7684;&#x7BC0;&#x9EDE;&#xFF0C;&#x6BD4;&#x8F03;ptrX = ptrX-&amp;gt;next&#x548C;ptrX-&amp;gt;next = ptrX&#x7684;&#x5DEE;&#x7570;&#x3002;&lt;/span&gt;&lt;/p&gt;&#xD;
&#xD;
&lt;p&gt;&lt;span style="font-size:12px"&gt;&#x5047;&#x8A2D;&#x73FE;&#x5728;&#x6709;&#x4E00;&#x500B;list&#x50CF;&#x9019;&#x6A23;&#xFF1A;6-&amp;gt;5-&amp;gt;4-&amp;gt;3-&amp;gt;2-&amp;gt;1&#xFF0C;ptrX&#x6307;&#x5411;5&#x3002;&lt;/span&gt;&lt;/p&gt;&#xD;
&#xD;
&lt;p&gt;&lt;span style="font-size:12px"&gt;&#x82E5;ptrX=ptrX -&amp;gt; next&#xFF0C;&#x5247;ptrX&#x6703;&#x7531;&#x6307;5&#x8F49;&#x6210;&#x6307;&#x5411;4&#xFF0C;&#x4F46;&#x82E5;&#x662F;ptrX-&amp;gt;next = ptrX&#x7684;&#x8A71;&#xFF0C;&#x4ED6;&#x6703;&#x4E00;&#x76F4;&#x6307;&#x5411;&#x540C;&#x4E00;&#x500B;&#x9EDE;&#xFF0C;&#x4E0D;&#x8B8A;&#x3002;&lt;/span&gt;&lt;/p&gt; </content>
  <attach></attach>
  <rcount></rcount>
  <rank></rank>
  <hit>10</hit>
  <lang>1</lang>
</data>
