<?xml version="1.0"?>
<data version="3.0" time="2024-06-30 09:11:38" type="post" filename="b000000002.xml">
  <open_time>0000-00-00</open_time>
  <close_time>0000-00-00</close_time>
  <lang_name>Big5</lang_name>
  <board_id>1001296420</board_id>
  <node>000000002</node>
  <site>1000110001</site>
  <pt>2023-10-06 16:07:41</pt>
  <poster>10924148</poster>
  <realname>&#x9673;&#x9EC3;&#x63DA;  </realname>
  <email>conary0917@gmail.com</email>
  <homepage>  </homepage>
  <subject>117 </subject>
  <content>&lt;p&gt;&#x984C;&#x76EE;:&lt;/p&gt;&#xD;
&#xD;
&lt;p&gt;117. &#x5BEB;C++&#x7A0B;&#x5F0F;&#x78BC;&#x8AAA;&#x660E;&#x50B3;&#x5740;&#x547C;&#x53EB;call by address&#x3002;&lt;/p&gt;&#xD;
&#xD;
&lt;p&gt;&#x7A0B;&#x5F0F;&#x78BC;:&lt;/p&gt;&#xD;
&#xD;
&lt;p&gt;#include&amp;lt;iostream&amp;gt;&lt;/p&gt;&#xD;
&#xD;
&lt;p&gt;using namespace std;&lt;/p&gt;&#xD;
&#xD;
&lt;p&gt;void callByAddress( int &amp;amp;numB ) {&lt;/p&gt;&#xD;
&#xD;
&lt;p&gt;&amp;nbsp; numB += 10;&lt;/p&gt;&#xD;
&#xD;
&lt;p&gt;&amp;nbsp; return;&lt;/p&gt;&#xD;
&#xD;
&lt;p&gt;}&lt;/p&gt;&#xD;
&#xD;
&lt;p&gt;int main() {&lt;/p&gt;&#xD;
&#xD;
&lt;p&gt;&amp;nbsp; int numA = 0;&lt;/p&gt;&#xD;
&#xD;
&lt;p&gt;&amp;nbsp; cout &amp;lt;&amp;lt; numA &amp;lt;&amp;lt; endl;&lt;/p&gt;&#xD;
&#xD;
&lt;p&gt;&amp;nbsp; callByAddress( numA );&lt;/p&gt;&#xD;
&#xD;
&lt;p&gt;&amp;nbsp; cout &amp;lt;&amp;lt; numA &amp;lt;&amp;lt; endl;&lt;/p&gt;&#xD;
&#xD;
&lt;p&gt;}&lt;/p&gt;&#xD;
&#xD;
&lt;p&gt;&#x8AAA;&#x660E;:&lt;/p&gt;&#xD;
&#xD;
&lt;p&gt;&#x4E0A;&#x5716;&#x7684;&#x7A0B;&#x5F0F;&#x78BC;&#x9996;&#x5148;&#x6703;&#x5370;&#x51FA;&#x4E00;&#x958B;&#x59CB;&#x521D;&#x59CB;&#x5316;&#x7684;numA&#x4E5F;&#x5C31;&#x662F;0&#xFF0C;&#x63A5;&#x8457;&#x5229;&#x7528;call by address &#x50B3;&#x5165;&#x51FD;&#x5F0F;&#x5F8C;&#x7528;numB&#x4F86;&#x63A5;&#xFF0C;&#x518D;&#x4F86;&#x5C07;numB&#x52A0;&#x4E0A;10&#x5F8C;&#x7D50;&#x675F;&#xFF0C;&#x56DE;&#x5230;main&#x518D;&#x6B21;&#x5370;&#x51FA;numA&#xFF0C;&#x6B64;&#x6642;&#x6703;&#x767C;&#x73FE;&#x5370;&#x51FA;&#x7684;&#x4E26;&#x4E0D;&#x662F;0&#x800C;&#x662F;10&#x3002;&lt;/p&gt;&#xD;
&#xD;
&lt;p&gt;call by address&#x662F;&#x5C07;&#x50B3;&#x5165;&#x53C3;&#x6578;&#x7684;&#x6240;&#x5728;&#x4F4D;&#x7F6E;&#x50B3;&#x5165;&#xFF0C;&#x56E0;&#x6B64;&#x5728;&#x6B64;&#x7A0B;&#x5F0F;&#x78BC;&#x4E2D;&#x7684;numA&#x4EE5;&#x53CA;numB&#x5176;&#x5BE6;&#x662F;&#x540C;&#x4E00;&#x500B;&#x8CC7;&#x6599;&#xFF0C;&#x4E5F;&#x5C31;&#x662F;&#x8AAA;&#x9019;&#x5169;&#x500B;&#x8B8A;&#x6578;&#x4E2D;&#x7684;&#x6578;&#x503C;&#x5728;&#x8A18;&#x61B6;&#x9AD4;&#x4E0A;&#x5176;&#x5BE6;&#x662F;&#x540C;&#x4E00;&#x500B;&#x4F4D;&#x7F6E;&#x7684;&#x6578;&#x503C;&#xFF0C;&#x53EA;&#x662F;&#x7528;&#x4E0D;&#x540C;&#x540D;&#x7A31;&#x4F86;&#x7A31;&#x547C;&#x800C;&#x5DF2;&#x3002;&lt;/p&gt; </content>
  <attach></attach>
  <rcount></rcount>
  <rank></rank>
  <hit>32</hit>
  <lang>1</lang>
</data>
