<?xml version="1.0"?>
<data version="3.0" time="2024-06-30 09:13:24" type="post" filename="b000000003.xml">
  <open_time>0000-00-00</open_time>
  <close_time>0000-00-00</close_time>
  <lang_name>Big5</lang_name>
  <board_id>1001296426</board_id>
  <node>000000003</node>
  <site>1000110001</site>
  <pt>2023-12-17 00:50:58</pt>
  <poster>11127110</poster>
  <realname>&#x8A31;&#x81F3;&#x6600;  </realname>
  <email>alberthsu919@gmail.com</email>
  <homepage>  </homepage>
  <subject>219 </subject>
  <content>&lt;p&gt;219. &lt;span style="font-family:&#x65B0;&#x7D30;&#x660E;&#x9AD4;,serif"&gt;&#x8209;&#x4F8B;&#x5340;&#x5225;&#x5B8C;&#x5168;&lt;/span&gt;full&lt;span style="font-family:&#x65B0;&#x7D30;&#x660E;&#x9AD4;,serif"&gt;&#x3001;&#x5B8C;&#x6574;&lt;/span&gt;complete&lt;span style="font-family:&#x65B0;&#x7D30;&#x660E;&#x9AD4;,serif"&gt;&#x53CA;&#x5E73;&#x8861;&lt;/span&gt;balanced&lt;span style="font-family:&#x65B0;&#x7D30;&#x660E;&#x9AD4;,serif"&gt;&#x4E8C;&#x5143;&#x6A39;&#x7684;&#x5DEE;&#x7570;&#x3002;&lt;/span&gt;&lt;/p&gt;&#xD;
&#xD;
&lt;p&gt;Full Binary Tree &lt;span style="font-family:&#x65B0;&#x7D30;&#x660E;&#x9AD4;,serif"&gt;&#x5B8C;&#x5168;&#x6A39;&#xFF1A;&#x9664;&#x4E86;&#x6700;&#x5E95;&#x5C64;&#x5916;&#xFF0C;&#x5176;&#x9918;&#x7BC0;&#x9EDE;&#x90FD;&#x6709;&#x5DE6;&#x53F3;&#x5169;&#x500B;&#x5B50;&#x7BC0;&#x9EDE;&#x3002;&lt;/span&gt;&lt;/p&gt;&#xD;
&#xD;
&lt;p&gt;Complete Binary Tree&lt;span style="font-family:&#x65B0;&#x7D30;&#x660E;&#x9AD4;,serif"&gt;&#x5B8C;&#x6574;&#x6A39;&#xFF1A;&#x6700;&#x5E95;&#x5C64;&#x4E4B;&#x4E0A;&#x70BA;&#x5B8C;&#x5168;&#x6A39;&#xFF0C;&#x6700;&#x5E95;&#x5C64;&#x7684;&#x7BC0;&#x9EDE;&#x662F;&#x7531;&#x5DE6;&#x800C;&#x53F3;&#x6DFB;&#x52A0;&#x3002;&lt;/span&gt;&lt;/p&gt;&#xD;
&#xD;
&lt;p&gt;Balanced Binary Tree &lt;span style="font-family:&#x65B0;&#x7D30;&#x660E;&#x9AD4;,serif"&gt;&#x5E73;&#x8861;&#x6A39;&#xFF1A;&#x6BCF;&#x4E00;&#x500B;&#x7BC0;&#x9EDE;&#x7684;&#x5169;&#x5B50;&#x6A39;&#x4E4B;&#x6A39;&#x9AD8;&#xFF0C;&#x76F8;&#x5DEE;&#x4E0D;&#x5927;&#x65BC;&lt;/span&gt;1&lt;span style="font-family:&#x65B0;&#x7D30;&#x660E;&#x9AD4;,serif"&gt;&#x3002;&lt;/span&gt;&lt;/p&gt;&#xD;
&#xD;
&lt;p&gt;&lt;span style="font-family:&#x65B0;&#x7D30;&#x660E;&#x9AD4;,serif"&gt;&lt;img alt="" src="/user/1/1/11127110/images/%E9%99%90%E6%99%82%E6%90%B6%E7%AD%94%20216-220.jpg" style="height:134px; width:600px" /&gt;&lt;/span&gt;&lt;/p&gt; </content>
  <attach></attach>
  <rcount></rcount>
  <rank></rank>
  <hit>16</hit>
  <lang>1</lang>
</data>
