<?xml version="1.0"?>
<data version="3.0" time="2024-06-30 09:13:24" type="post" filename="b000000004.xml">
  <open_time>0000-00-00</open_time>
  <close_time>0000-00-00</close_time>
  <lang_name>Big5</lang_name>
  <board_id>1001296426</board_id>
  <node>000000004</node>
  <site>1000110001</site>
  <pt>2023-12-18 23:34:18</pt>
  <poster>11127133</poster>
  <realname>&#x9673;&#x4E59;&#x83C1;  </realname>
  <email>fiona99107@gmail.com</email>
  <homepage> </homepage>
  <subject>220 </subject>
  <content>&lt;p&gt;220. &#x8209;&#x4F8B;&#x5340;&#x5225;&#x524D;&#x5E8F;preorder&#x3001;&#x4E2D;&#x5E8F;inorder&#x53CA;&#x5F8C;&#x5E8F;postorder&#x4E8C;&#x5143;&#x6A39;&#x8D70;&#x8A2A;&#x7684;&#x5DEE;&#x7570;&#x3002;&lt;/p&gt;&#xD;
&#xD;
&lt;p&gt;&lt;img alt="" src="/user/1/1/11127133/images/index.jpg" style="height:720px; width:593px" /&gt;&lt;/p&gt;&#xD;
&#xD;
&lt;p&gt;preorder:1,2,4,5,3,6,7&lt;/p&gt;&#xD;
&#xD;
&lt;p&gt;inorder:4,2,5,1,6,3,7&lt;/p&gt;&#xD;
&#xD;
&lt;p&gt;postorder:4,5,2,6,7,3,1&lt;/p&gt;&#xD;
&#xD;
&lt;p&gt;&#x524D;&#x5E8F;&#x898F;&#x5247;&#x70BA;:&#x4E2D;&#x3001;&#x5DE6;&#x3001;&#x53F3;&#xFF0C;&#x6545;&#x6703;&#x5148;&#x5370;&#x51FA;&#x7236;&#x7BC0;&#x9EDE;&#xFF0C;&#x518D;&#x5F80;&#x5DE6;&#x5B50;&#x6A39;&#x8D70;&#xFF0C;&#x63A5;&#x8457;&#x518D;&#x53BB;&#x53F3;&#x5B50;&#x6A39;&#x3002;&lt;/p&gt;&#xD;
&#xD;
&lt;p&gt;&#x4E2D;&#x5E8F;&#x898F;&#x5247;&#x70BA;:&#x5DE6;&#x3001;&#x4E2D;&#x3001;&#x53F3;&#xFF0C;&#x6545;&#x6703;&#x5148;&#x5F80;&#x5DE6;&#x5B50;&#x6A39;&#x8D70;&#xFF0C;&#x518D;&#x5370;&#x51FA;&#x7236;&#x7BC0;&#x9EDE;&#xFF0C;&#x63A5;&#x8457;&#x518D;&#x53BB;&#x53F3;&#x5B50;&#x6A39;&#x3002;&lt;/p&gt;&#xD;
&#xD;
&lt;p&gt;&#x5F8C;&#x5E8F;&#x898F;&#x5247;&#x70BA;:&#x5DE6;&#x3001;&#x53F3;&#x3001;&#x4E2D;&#xFF0C;&#x6545;&#x6703;&#x5148;&#x904D;&#x6B77;&#x5DE6;&#x5B50;&#x6A39;&#xFF0C;&#x518D;&#x904D;&#x6B77;&#x53F3;&#x5B50;&#x6A39;&#xFF0C;&#x6700;&#x5F8C;&#x5370;&#x51FA;&#x7236;&#x7BC0;&#x9EDE;&#x3002;&lt;/p&gt;</content>
  <attach></attach>
  <rcount></rcount>
  <rank></rank>
  <hit>17</hit>
  <lang>1</lang>
</data>
