<?xml version="1.0"?>
<data version="3.0" time="2024-06-30 09:13:24" type="post" filename="b000000002000000001.xml">
  <open_time>0000-00-00</open_time>
  <close_time>0000-00-00</close_time>
  <lang_name>Big5</lang_name>
  <board_id>1001296426</board_id>
  <node>000000002000000001</node>
  <site>1000110001</site>
  <pt>2023-12-26 15:38:34</pt>
  <poster>11813</poster>
  <realname>&#x5433;&#x5B9C;&#x9D3B;  </realname>
  <email>yhwu@cycu.edu.tw</email>
  <homepage>https://www.researchgate.net/profile/Yi-Hung-Wu-2  </homepage>
  <subject>Re: 219  </subject>
  <content>&lt;p&gt;&amp;quot;&#x82E5;&#x7B2C;&#x56DB;&#x5C64;&#x7684;&#x7BC0;&#x9EDE;&#x6709;&#x5B50;&#x7BC0;&#x9EDE;&#xFF0C;&#x5728;&#x5176;&#x5DE6;&#x908A;&#x540C;&#x968E;&#x5C64;&#x7684;&#x7BC0;&#x9EDE;&#x90FD;&#x4E00;&#x5B9A;&#x6709;&#x5169;&#x500B;&#x5B50;&#x7BC0;&#x9EDE;&amp;quot;&lt;/p&gt;&#xD;
&#xD;
&lt;p&gt;&lt;span style="color:#b22222"&gt;&#x9019;&#x53E5;&#x8A71;&#x7684;&#x908F;&#x8F2F;&#x4E26;&#x4E0D;&#x7CBE;&#x78BA;&#x3002;&lt;/span&gt;&lt;/p&gt; </content>
  <attach></attach>
  <rcount></rcount>
  <rank></rank>
  <hit>1</hit>
  <lang>1</lang>
</data>
