<?xml version="1.0"?>
<data version="3.0" time="2024-06-30 09:11:38" type="board" filename="list.xml" id="1001296420">
  <board_id>1001296420</board_id>
  <bname>a:5:{s:4:"Big5";s:35:"&#x9650;&#x6642;&#x6436;&#x7B54; 116-120(20240630_copy)";s:6:"GB2312";s:25:"QA 116-120(20240630_copy)";s:2:"en";s:25:"QA 116-120(20240630_copy)";s:6:"EUC-JP";s:15:"(20240630_copy)";s:11:"user_define";s:15:"(20240630_copy)";}</bname>
  <manager>11813</manager>
  <title>&#x64C7;&#x4E00;&#x56DE;&#x7B54;&#xFF0C;&#x9EDE;&#x8B9A;15&#x6B21;&#x6216;3&#x4EBA;&#x7559;&#x597D;&#x8A55;&#x7D66;&#x4E88;QA&#x8A55;&#x5206;&#xFF01;&#xD;
&#x6A19;&#x984C;&#x8A3B;&#x660E;&#x984C;&#x865F;&#xFF0C;&#x5167;&#x5BB9;&#x4E0D;&#x5B9C;&#x5C07;&#x7121;&#x9810;&#x8B66;&#x522A;&#x6587;&#xFF01;&#xD;
116. &#x5C07;&#x5F8C;&#x5E8F;&#x5F0F;postfix&#x8F49;&#x524D;&#x5E8F;&#x5F0F;prefix&#xFF0C;&#x4E26;&#x8A73;&#x8FF0;&#x6B65;&#x9A5F;&#x3002;*&#xD;
a b + c * d e + f * + w z + *&#xD;
117. &#x5BEB;C++&#x7A0B;&#x5F0F;&#x78BC;&#x8AAA;&#x660E;&#x50B3;&#x5740;&#x547C;&#x53EB;call by address&#x3002;&#xD;
118. &#x4EE4;ptrX&#x6307;&#x5411;&#x93C8;&#x7D50;&#x4E32;&#x5217;&#x7684;&#x7BC0;&#x9EDE;&#xFF0C;&#x6BD4;&#x8F03;ptrX = ptrX-&gt;next&#x548C;ptrX-&gt;next = ptrX&#x7684;&#x5DEE;&#x7570;&#x3002;&#xD;
119. &#x5BEB;C++&#x7A0B;&#x5F0F;&#x78BC;&#x8AAA;&#x660E;&#x522A;&#x9664;&#x93C8;&#x7D50;&#x4E32;&#x5217;linked list&#x7B2C;3&#x500B;&#x7BC0;&#x9EDE;&#x3002;&#xD;
120. &#x8209;&#x4F8B;&#x8AAA;&#x660E;&#x4F7F;&#x7528;&#x96D9;&#x5411;&#x93C8;&#x7D50;&#x4E32;&#x5217;doubly linked list&#x7684;&#x60C5;&#x5883;&#x3002;</title>
  <owner_id>10139144</owner_id>
  <open_time>2023-10-04 00:00:00</open_time>
  <close_time>2023-10-18 23:59:00</close_time>
  <share_time>2023-10-25 12:00:00</share_time>
  <switch></switch>
  <with_attach>no</with_attach>
  <vpost>0</vpost>
  <default_order>pt</default_order>
  <post_times>0</post_times>
  <extras></extras>
  <poster>student,assistant,teacher</poster>
  <after_finish></after_finish>
  <fb_comment>N</fb_comment>
  <board>
    <node id="000000001" type="F" data="b000000001.xml"/>
    <node id="000000001000000001" type="F" data="b000000001000000001.xml"/>
    <node id="000000001000000002" type="F" data="b000000001000000002.xml"/>
    <node id="000000002" type="F" data="b000000002.xml"/>
    <node id="000000002000000001" type="F" data="b000000002000000001.xml"/>
    <node id="000000002000000002" type="F" data="b000000002000000002.xml"/>
    <node id="000000003" type="F" data="b000000003.xml"/>
    <node id="000000003000000001" type="F" data="b000000003000000001.xml"/>
    <node id="000000004" type="F" data="b000000004.xml"/>
    <node id="000000004000000001" type="F" data="b000000004000000001.xml"/>
    <node id="000000004000000002" type="F" data="b000000004000000002.xml"/>
    <node id="000000005" type="F" data="b000000005.xml"/>
    <node id="000000005000000001" type="F" data="b000000005000000001.xml"/>
    <node id="000000005000000002" type="F" data="b000000005000000002.xml"/>
    <node id="000000006" type="F" data="b000000006.xml"/>
    <node id="000000006000000001" type="F" data="b000000006000000001.xml"/>
    <node id="000000006000000002" type="F" data="b000000006000000002.xml"/>
    <node id="000000007" type="F" data="b000000007.xml"/>
    <node id="000000007000000001" type="F" data="b000000007000000001.xml"/>
    <node id="000000007000000002" type="F" data="b000000007000000002.xml"/>
    <node id="000000008" type="F" data="b000000008.xml"/>
    <node id="000000008000000001" type="F" data="b000000008000000001.xml"/>
    <node id="000000009" type="F" data="b000000009.xml"/>
    <node id="000000009000000001" type="F" data="b000000009000000001.xml"/>
    <node id="000000010" type="F" data="b000000010.xml"/>
    <node id="000000010000000001" type="F" data="b000000010000000001.xml"/>
    <node id="000000011" type="F" data="b000000011.xml"/>
    <node id="000000011000000001" type="F" data="b000000011000000001.xml"/>
    <node id="000000012" type="F" data="b000000012.xml"/>
    <node id="000000012000000001" type="F" data="b000000012000000001.xml"/>
    <node id="000000013" type="F" data="b000000013.xml"/>
  </board>
  <quint/>
</data>
