<?xml version="1.0"?>
<data version="3.0" time="2024-06-30 09:13:36" type="post" filename="b000000004.xml">
  <open_time>0000-00-00</open_time>
  <close_time>0000-00-00</close_time>
  <lang_name>Big5</lang_name>
  <board_id>1001296428</board_id>
  <node>000000004</node>
  <site>1000110001</site>
  <pt>2023-12-26 22:40:59</pt>
  <poster>11127133</poster>
  <realname>&#x9673;&#x4E59;&#x83C1;  </realname>
  <email>fiona99107@gmail.com</email>
  <homepage> </homepage>
  <subject>223 </subject>
  <content>&lt;p&gt;223. &#x76F8;&#x540C;&#x641C;&#x5C0B;&#x9375;&#x7684;&#x4E8C;&#x7B46;&#x8CC7;&#x6599;&#x5982;&#x4F55;&#x5B58;&#x5165;&#x4E8C;&#x5143;&#x641C;&#x5C0B;&#x6A39;&#xFF1F;&lt;/p&gt;&#xD;
&#xD;
&lt;ol&gt;&#xD;
	&lt;li&gt;&#x5C07;&#x65B0;&#x63D2;&#x5165;&#x7684;&#x9EDE;&#x63D2;&#x5165;&#x76F8;&#x540C;&#x9375;&#x503C;&#x7684;&#x9EDE;&#x7684;&#x5DE6;&#x5B50;&#x6A39;&#x6216;&#x53F3;&#x5B50;&#x6A39;&#xFF0C;&#x4E26;&#x4E14;&#x5728;&#x5EFA;&#x6A39;&#x7684;&#x904E;&#x7A0B;&#x4E2D;&#x53EA;&#x80FD;&#x9078;&#x4E00;&#x908A;&#xFF0C;&#x5982;&#x4F5C;&#x696D;&#x4E94;&#x4EFB;&#x52D9;&#x4E00;&#xFF0C;&#x76F8;&#x540C;&#x9375;&#x503C;&#x4E00;&#x76F4;&#x63D2;&#x5165;&#x53F3;&#x5B50;&#x6A39;&#x3002;&lt;/li&gt;&#xD;
	&lt;li&gt;&#xD;
	&lt;p&gt;&#x5C07;&#x65B0;&#x63D2;&#x5165;&#x7684;&#x9EDE;&#x63D2;&#x5165;&#x5230;&#x76F8;&#x540C;&#x9375;&#x503C;&#x7684;&#x9EDE;&#x7684;&#x5F8C;&#x9762;&#xFF0C;&#x5982;&#x4F5C;&#x696D;&#x4E94;&#x4EFB;&#x52D9;&#x4E09;&#xFF0C;&#x5229;&#x7528;push_back&#x7684;&#x65B9;&#x6CD5;&#x63D2;&#x5165;&lt;/p&gt;&#xD;
	&lt;/li&gt;&#xD;
&lt;/ol&gt;</content>
  <attach></attach>
  <rcount></rcount>
  <rank></rank>
  <hit>14</hit>
  <lang>1</lang>
</data>
