<?xml version="1.0"?>
<data version="3.0" time="2024-06-30 09:13:36" type="post" filename="b000000003.xml">
  <open_time>0000-00-00</open_time>
  <close_time>0000-00-00</close_time>
  <lang_name>Big5</lang_name>
  <board_id>1001296428</board_id>
  <node>000000003</node>
  <site>1000110001</site>
  <pt>2023-12-26 12:01:03</pt>
  <poster>11127145</poster>
  <realname>&#x9673;&#x91C7;&#x59AE;  </realname>
  <email>Clice.choo2525@gmail.com</email>
  <homepage>  </homepage>
  <subject>221 </subject>
  <content>&lt;p&gt;221. &#x8209;&#x4F8B;&#x89E3;&#x8AAA;&#x4E2D;&#x5E8F;&#x8D70;&#x8A2A;&#x4E8C;&#x5143;&#x641C;&#x5C0B;&#x6A39;&#x662F;&#x5426;&#x7A69;&#x5B9A;&#x6392;&#x5E8F;&#x3002;&lt;/p&gt;&#xD;
&#xD;
&lt;p&gt;&#x4E2D;&#x5E8F;&#x8D70;&#x8A2A;&#x4E8C;&#x5143;&#x641C;&#x5C0B;&#x6A39;&#x662F;&#x7A69;&#x5B9A;&#x6392;&#x5E8F;&#x3002;&lt;/p&gt;&#xD;
&#xD;
&lt;p&gt;&#x4EE5;&#x4E0B;&#x7684;&#x6A39;&#x70BA;&#x7BC4;&#x4F8B;:&lt;/p&gt;&#xD;
&#xD;
&lt;p&gt;&amp;nbsp; &amp;nbsp; &amp;nbsp; 5&lt;br /&gt;&#xD;
&amp;nbsp; &amp;nbsp; &amp;nbsp;/ \&lt;br /&gt;&#xD;
&amp;nbsp; &amp;nbsp; 3 &amp;nbsp; 8&lt;br /&gt;&#xD;
&amp;nbsp; &amp;nbsp;/ \ / \&lt;br /&gt;&#xD;
&amp;nbsp; 2 &amp;nbsp;4 7 &amp;nbsp;9&lt;/p&gt;&#xD;
&#xD;
&lt;p&gt;&#x8D70;&#x8A2A;&#x9806;&#x5E8F;&#x662F;2 3 4 5 7 8 9&amp;nbsp;&lt;/p&gt;&#xD;
&#xD;
&lt;p&gt;&lt;br /&gt;&#xD;
&#x52A0;&#x5165;&#x4E00;&#x7BC0;&#x9EDE;3&amp;#39;&lt;/p&gt;&#xD;
&#xD;
&lt;p&gt;&amp;nbsp; &amp;nbsp; &amp;nbsp; 5&lt;br /&gt;&#xD;
&amp;nbsp; &amp;nbsp; &amp;nbsp;/ \&lt;br /&gt;&#xD;
&amp;nbsp; &amp;nbsp; 3 &amp;nbsp; 8&lt;br /&gt;&#xD;
&amp;nbsp; &amp;nbsp;/ \ / \&lt;br /&gt;&#xD;
&amp;nbsp; 2 3&amp;#39;&amp;nbsp;7 &amp;nbsp;9&lt;br /&gt;&#xD;
&amp;nbsp; &amp;nbsp; &amp;nbsp; &amp;nbsp;\&lt;br /&gt;&#xD;
&amp;nbsp; &amp;nbsp; &amp;nbsp; &amp;nbsp; &amp;nbsp;4&lt;/p&gt;&#xD;
&#xD;
&lt;p&gt;&#x8D70;&#x8A2A;&#x9806;&#x5E8F;&#x662F;2 3 3&amp;#39; 4 5 7 8 9&amp;nbsp;&lt;/p&gt;&#xD;
&#xD;
&lt;p&gt;&#x6392;&#x5E8F;&#x524D;&#x5F8C;&#x5B83;&#x5011;&#x7684;&#x76F8;&#x5C0D;&#x4F4D;&#x7F6E;&#x6C92;&#x6709;&#x6539;&#x8B8A;&#xFF0C;&#x6545;&#x70BA;&#x7A69;&#x5B9A;&#x6392;&#x5E8F;&#x3002;&lt;/p&gt; </content>
  <attach></attach>
  <rcount></rcount>
  <rank></rank>
  <hit>43</hit>
  <lang>1</lang>
</data>
