<?xml version="1.0"?>
<data version="3.0" time="2024-06-30 09:16:12" type="post" filename="b000000007.xml">
  <open_time>0000-00-00</open_time>
  <close_time>0000-00-00</close_time>
  <lang_name>Big5</lang_name>
  <board_id>1001162650</board_id>
  <node>000000007</node>
  <site>1000110001</site>
  <pt>2022-10-18 20:40:37</pt>
  <poster>11027139</poster>
  <realname>&#x8A31;&#x66F8;&#x7DAD;  </realname>
  <email>xushuwei1122@gmail.com</email>
  <homepage>  </homepage>
  <subject>122. &#x5BEB;C++&#x7A0B;&#x5F0F;&#x78BC;&#x8AAA;&#x660E;&#x50B3;&#x53C3;&#x8003;&#x547C;&#x53EB;call by reference </subject>
  <content>&lt;p&gt;&#x4EE5;&#x4E0B;&#x662F;&#x6211;&#x81EA;&#x5DF1;&#x5BEB;&#x5F97;&#x7A0B;&#x5F0F;&#x7BC4;&#x4F8B;&#xFF0C;&#x89E3;&#x91CB;&#x5728;&#x7A0B;&#x5F0F;&#x7684;&#x4E0B;&#x65B9;&lt;/p&gt;&#xD;
&#xD;
&lt;p&gt;&lt;img alt="" src="/user/1/1/11027139/images/call_by_reference.png" style="height:498px; width:807px" /&gt;&lt;/p&gt;&#xD;
&#xD;
&lt;p&gt;Call by reference&#x662F;&amp;nbsp;C++&#x624D;&#x6709;&#x7684;&#xFF0C;call by reference &#x548C; call by address&#x7684;&#x5DEE;&#x5225;&#x4E3B;&#x8981;&#x5728;&#x65BC;&#x5F8C;&#x8005;&#x7684;&#x6307;&#x6A19;&#x5B83;&#x7684;&#x5167;&#x5BB9;&#x70BA;&#x6307;&#x5411;&#x7684;&#x4F4D;&#x7F6E;&#xFF0C;&#x6240;&#x4EE5;&#x4ED6;&#x672C;&#x8EAB;&#x4ECD;&#x7136;&#x6709;&#x8A18;&#x61B6;&#x9AD4;&#x4F4D;&#x7F6E;&#x4F46;&#x662F;&#x524D;&#x8005;&#x662F;&#x4E0D;&#x6703;&#x6709;&#x7684;&#x3002;&#x56E0;&#x6B64;&#x53C3;&#x6578;&#x5728;&#x88AB;&#x51FD;&#x5F0F;&#x547C;&#x53EB;&#x4E4B;&#x5F8C;&#xFF0C;&#x4E3B;&#x7A0B;&#x5F0F;&#x7684;&#x503C;&#x6703;&#x53D7;&#x5230;&#x51FD;&#x5F0F;&#x7684;&#x5F71;&#x97FF;&#xFF0C;&#x4EE5;&#x53CA;&#x51FD;&#x5F0F;&#x548C;&#x4E3B;&#x7A0B;&#x5F0F;&#x6240;&#x4F7F;&#x7528;&#x7684;&#x53C3;&#x6578;&#x7684;&#x8A18;&#x61B6;&#x9AD4;&#x4F4D;&#x7F6E;&#x662F;&#x76F8;&#x540C;&#x7684;&#x3002;&lt;/p&gt; </content>
  <attach></attach>
  <rcount></rcount>
  <rank></rank>
  <hit>30</hit>
  <lang>1</lang>
</data>
