<?xml version="1.0"?>
<data version="3.0" time="2024-06-30 09:16:12" type="post" filename="b000000011.xml">
  <open_time>0000-00-00</open_time>
  <close_time>0000-00-00</close_time>
  <lang_name>Big5</lang_name>
  <board_id>1001162650</board_id>
  <node>000000011</node>
  <site>1000110001</site>
  <pt>2022-10-25 16:01:38</pt>
  <poster>11027144</poster>
  <realname>&#x9673;&#x4F73;&#x97F3;  </realname>
  <email>crechessiissii@gmail.com</email>
  <homepage> </homepage>
  <subject>122. &#x5BEB;C++&#x7A0B;&#x5F0F;&#x78BC;&#x8AAA;&#x660E;&#x50B3;&#x53C3;&#x8003;&#x547C;&#x53EB;call by reference </subject>
  <content>&lt;p&gt;&#x4EE5;&#x4E0B;&#x70BA;&#x7A0B;&#x5F0F;&#x78BC;&lt;img alt="" src="/user/1/1/11027144/images/%E8%9E%A2%E5%B9%95%E6%93%B7%E5%8F%96%E7%95%AB%E9%9D%A2%202022-10-25%20155336.jpg" style="height:383px; width:800px" /&gt;&lt;/p&gt;&#xD;
&#xD;
&lt;p&gt;call by reference: &#x628A;&#x6240;&#x8981;&#x5F15;&#x7528;&#x7684;&#x4F4D;&#x7F6E;&#x8907;&#x88FD;&#x7D66;function&#x7684;&#x53C3;&#x6578;&#xFF0C;&#x5169;&#x8005;&#x7684;&#x5730;&#x5740;&#x662F;&#x76F8;&#x540C;&#x7684;&#xFF0C;&#x56E0;&#x6B64;&#x5C0D;function&#x88E1;&#x7684;x&#x7684;&#x6539;&#x8B8A;&#x5176;&#x5BE6;&#x5C31;&#x662F;&#x5C0D;main&#x4E2D;&#x7684;x&#x7684;&#x6539;&#x8B8A;&#xFF0C;&#x56E0;&#x6B64;function&#x7684;&#x57F7;&#x884C;&#x6703;&#x5F71;&#x97FF;&#x5230;main&#x88E1;&#x9762;&#x7684;&#x6578;&#x503C;&#x3002;&lt;/p&gt;&#xD;
&#xD;
&lt;p&gt;&#x4EE5;&#x4E0B;&#x662F;&#x57F7;&#x884C;&#x7D50;&#x679C;&#xFF0C;&#x5728;&#x547C;&#x53EB;function&#x4E4B;&#x5F8C;&#xFF0C;main&#x7684;&#x503C;&#x6703;&#x53D7;&#x5230;&#x5F71;&#x97FF;&#xFF0C;&#x4F46;main&#x548C;function&#x6240;&#x4F7F;&#x7528;&#x7684;&#x53C3;&#x6578;&#x7684;&#x8A18;&#x61B6;&#x9AD4;&#x4F4D;&#x7F6E;&#x662F;&#x76F8;&#x540C;&#x7684;&#x3002;&lt;img alt="" src="/user/1/1/11027144/images/1.jpg" style="height:62px; width:800px" /&gt;&lt;/p&gt;</content>
  <attach></attach>
  <rcount></rcount>
  <rank></rank>
  <hit>21</hit>
  <lang>1</lang>
</data>
