<?xml version="1.0"?>
<data version="3.0" time="2024-06-30 09:16:12" type="post" filename="b000000006.xml">
  <open_time>0000-00-00</open_time>
  <close_time>0000-00-00</close_time>
  <lang_name>Big5</lang_name>
  <board_id>1001162650</board_id>
  <node>000000006</node>
  <site>1000110001</site>
  <pt>2022-10-17 01:42:20</pt>
  <poster>11020105</poster>
  <realname>&#x7C21;&#x5065;&#x6D32;  </realname>
  <email>jay0982854390@gmail.com</email>
  <homepage> </homepage>
  <subject>&#x5BEB;C++&#x7A0B;&#x5F0F;&#x78BC;&#x8AAA;&#x660E;&#x5982;&#x4F55;&#x8907;&#x88FD;&#x4E00;&#x6574;&#x500B;&#x93C8;&#x7D50;&#x4E32;&#x5217;linked list&#x5230;&#x53E6;&#x4E00;&#x500B;&#x8B8A;&#x6578;&#x3002; </subject>
  <content>&lt;p&gt;&#x5148;&#x5047;&#x8A2D;&#x6709;&#x4E00;&#x93C8;&#x7D50;&#x4E32;&#x5217;&#x88E1;&#x7684;&#x503C;&#x4F9D;&#x5E8F;&#x662F;10,20,30&#x3002;&#x5BA3;&#x544A;&#x53E6;&#x4E00;&#x500B;&#x93C8;&#x7D50;&#x4E32;&#x5217;&#x4F86;&#x8907;&#x88FD;&#x503C;&#x3002;&lt;/p&gt;&#xD;
&#xD;
&lt;p&gt;&#x82E5;&#x4F9D;&#x5E8F;&#x5370;&#x51FA;&#x7684;&#x503C;&#x8207;&#x521D;&#x59CB;&#x76F8;&#x540C;&#x4EE3;&#x8868;&#x8907;&#x88FD;&#x6210;&#x529F;&lt;/p&gt;&#xD;
&#xD;
&lt;p&gt;&lt;img alt="" src="/user/1/1/11020105/images/%E8%9E%A2%E5%B9%95%E6%93%B7%E5%8F%96%E7%95%AB%E9%9D%A2%20%2886%29%281%29.png" style="height:878px; width:1920px" /&gt;&lt;/p&gt;</content>
  <attach></attach>
  <rcount></rcount>
  <rank></rank>
  <hit>14</hit>
  <lang>1</lang>
</data>
