<?xml version="1.0"?>
<data version="3.0" time="2024-06-30 09:16:12" type="post" filename="b000000006000000001.xml">
  <open_time>0000-00-00</open_time>
  <close_time>0000-00-00</close_time>
  <lang_name>Big5</lang_name>
  <board_id>1001162650</board_id>
  <node>000000006000000001</node>
  <site>1000110001</site>
  <pt>2022-10-21 14:51:21</pt>
  <poster>11813</poster>
  <realname>&#x5433;&#x5B9C;&#x9D3B;  </realname>
  <email>yhwu@cycu.edu.tw</email>
  <homepage>https://www.researchgate.net/profile/Yi-Hung-Wu-2  </homepage>
  <subject>Re: &#x5BEB;C++&#x7A0B;&#x5F0F;&#x78BC;&#x8AAA;&#x660E;&#x5982;&#x4F55;&#x8907;&#x88FD;&#x4E00;&#x6574;&#x500B;&#x93C8;&#x7D50;&#x4E32;&#x5217;linked list&#x5230;&#x53E6;&#x4E00;&#x500B;&#x8B8A;&#x6578;&#x3002;  </subject>
  <content>&lt;p&gt;&lt;span style="color:#b22222"&gt;&#x984C;&#x76EE;&#x6C92;&#x6709;&#x9650;&#x5236;&#x4EFB;&#x4F55;&#x9577;&#x5EA6;&#x7684;&#x93C8;&#x7D50;&#x4E32;&#x5217;&#xFF0C;&#x89E3;&#x7B54;&#x7684;&#x7A0B;&#x5F0F;&#x78BC;&#x5C31;&#x8981;&#x80FD;&#x61C9;&#x4ED8;&#x5404;&#x7A2E;&#x9577;&#x5EA6;&#xFF0C;&#x5305;&#x62EC;0&#x3002;&lt;/span&gt;&lt;/p&gt; </content>
  <attach></attach>
  <rcount></rcount>
  <rank></rank>
  <hit>1</hit>
  <lang>1</lang>
</data>
