<?xml version="1.0"?>
<data version="3.0" time="2024-06-30 09:16:12" type="post" filename="b000000008000000003.xml">
  <open_time>0000-00-00</open_time>
  <close_time>0000-00-00</close_time>
  <lang_name>Big5</lang_name>
  <board_id>1001162650</board_id>
  <node>000000008000000003</node>
  <site>1000110001</site>
  <pt>2022-10-22 20:05:50</pt>
  <poster>11813</poster>
  <realname>&#x5433;&#x5B9C;&#x9D3B;  </realname>
  <email>yhwu@cycu.edu.tw</email>
  <homepage>https://www.researchgate.net/profile/Yi-Hung-Wu-2  </homepage>
  <subject>Re: 124. &#x5408;&#x6CD5;&#x904B;&#x7B97;&#x5F0F;&#x82E5;&#x6709;&#x4E09;&#x7D44;&#x62EC;&#x5F27;&#xFF0C;&#x53EF;&#x4EE5;&#x6709;&#x5E7E;&#x7A2E;&#x4E0D;&#x540C;&#x7684;&#x5F62;&#x5F0F;&#xFF1F;&#x4F8B;&#x5982;()()()&#x548C;(()())&#x5C31;&#x662F;&#x4E8C;&#x7A2E;&#x4E0D;&#x540C;&#x7684;&#x5F62;&#x5F0F;&#x3002;  </subject>
  <content>&lt;p&gt;&amp;quot;&#x900F;&#x904E;backtracking&#x7684;&#x65B9;&#x5F0F;&#x5BEB;&#x51FA;&#x4E00;&#x652F;&#x7A0B;&#x5F0F;&#x627E;&#x51FA;&#x5176;&#x5408;&#x6CD5;&#x7684;&#x5F62;&#x5F0F;&#x3002;&amp;quot;&lt;/p&gt;&#xD;
&#xD;
&lt;p&gt;&lt;span style="color:#b22222"&gt;&#x53EF;&#x5426;&#x76F4;&#x63A5;&#x63CF;&#x8FF0;&#xFF1F;&lt;/span&gt;&lt;/p&gt; </content>
  <attach></attach>
  <rcount></rcount>
  <rank></rank>
  <hit>2</hit>
  <lang>1</lang>
</data>
