<?xml version="1.0"?>
<data version="3.0" time="2024-06-30 09:16:12" type="post" filename="b000000004.xml">
  <open_time>0000-00-00</open_time>
  <close_time>0000-00-00</close_time>
  <lang_name>Big5</lang_name>
  <board_id>1001162650</board_id>
  <node>000000004</node>
  <site>1000110001</site>
  <pt>2022-10-15 12:50:38</pt>
  <poster>11027119</poster>
  <realname>&#x79E6;&#x5609;&#x6607;  </realname>
  <email>c20021219@gmail.com</email>
  <homepage> </homepage>
  <subject>123. &#x5BEB;C++&#x7A0B;&#x5F0F;&#x78BC;&#x8AAA;&#x660E;&#x5982;&#x4F55;&#x8907;&#x88FD;&#x4E00;&#x6574;&#x500B;&#x93C8;&#x7D50;&#x4E32;&#x5217;linked list&#x5230;&#x53E6;&#x4E00;&#x500B;&#x8B8A;&#x6578;&#x3002; </subject>
  <content>&lt;p&gt;&#x4EE5;Linkedlist&#x88E1;&#x53EA;&#x6709;&#x4E00;&#x500B;num&#x503C;&#x70BA;&#x4F8B;&#x9032;&#x884C;&#x8907;&#x88FD;&lt;/p&gt;&#xD;
&#xD;
&lt;p&gt;&#x4EE5;linklist A&amp;nbsp;&#x8907;&#x88FD;&#x5230;&amp;nbsp;linklist B &#x4E26;&#x5370;&#x51FA;&#x6AA2;&#x67E5;&#xFF0C;&#x5169;&#x8005;&#x7684;&#x8F38;&#x51FA;&#x76F8;&#x540C;&#xFF0C;&#x5373;&#x8868;&#x793A;&#x8907;&#x88FD;&#x6210;&#x529F;&lt;/p&gt;&#xD;
&#xD;
&lt;p&gt;&lt;img alt="" src="/user/1/1/11027119/images/%E8%9E%A2%E5%B9%95%E6%93%B7%E5%8F%96%E7%95%AB%E9%9D%A2%202022-10-15%20125221.png" style="height:1152px; width:1675px" /&gt;&lt;/p&gt;</content>
  <attach></attach>
  <rcount></rcount>
  <rank></rank>
  <hit>56</hit>
  <lang>1</lang>
</data>
