<?xml version="1.0"?>
<data version="3.0" time="2024-06-30 09:16:12" type="post" filename="b000000001.xml">
  <open_time>0000-00-00</open_time>
  <close_time>0000-00-00</close_time>
  <lang_name>Big5</lang_name>
  <board_id>1001162650</board_id>
  <node>000000001</node>
  <site>1000110001</site>
  <pt>2022-10-13 23:14:51</pt>
  <poster>10927161</poster>
  <realname>&#x8449;&#x90C5;&#x6690;  </realname>
  <email>judeyeh@gmail.com</email>
  <homepage>  </homepage>
  <subject>124. &#x5408;&#x6CD5;&#x904B;&#x7B97;&#x5F0F;&#x82E5;&#x6709;&#x4E09;&#x7D44;&#x62EC;&#x5F27;&#xFF0C;&#x53EF;&#x4EE5;&#x6709;&#x5E7E;&#x7A2E;&#x4E0D;&#x540C;&#x7684;&#x5F62;&#x5F0F;&#xFF1F;&#x4F8B;&#x5982;()()()&#x548C;(()())&#x5C31;&#x662F;&#x4E8C;&#x7A2E;&#x4E0D;&#x540C;&#x7684;&#x5F62;&#x5F0F;&#x3002; </subject>
  <content>&lt;p&gt;&#x4E00;&#x5C64;&#x62EC;&#x5F27; ()()()&lt;/p&gt;&#xD;
&#xD;
&lt;p&gt;&#x4E8C;&#x5C64;&#x62EC;&#x5F27; ( () () )&#x3001;( () ) ()&#x3001;() ( () )&lt;/p&gt;&#xD;
&#xD;
&lt;p&gt;&#x4E09;&#x5C64;&#x62EC;&#x5F27;( ( () ) )&lt;/p&gt;&#xD;
&#xD;
&lt;p&gt;&#x7E3D;&#x5171;5&#x7D44;&lt;/p&gt; </content>
  <attach></attach>
  <rcount></rcount>
  <rank></rank>
  <hit>36</hit>
  <lang>1</lang>
</data>
