<?xml version="1.0"?>
<data version="3.0" time="2024-06-30 09:16:12" type="post" filename="b000000008.xml">
  <open_time>0000-00-00</open_time>
  <close_time>0000-00-00</close_time>
  <lang_name>Big5</lang_name>
  <board_id>1001162650</board_id>
  <node>000000008</node>
  <site>1000110001</site>
  <pt>2022-10-22 00:34:40</pt>
  <poster>11027105</poster>
  <realname>&#x76E7;&#x99FF;&#x63DA;  </realname>
  <email>jy.lu123456@gmail.com</email>
  <homepage>  </homepage>
  <subject>124. &#x5408;&#x6CD5;&#x904B;&#x7B97;&#x5F0F;&#x82E5;&#x6709;&#x4E09;&#x7D44;&#x62EC;&#x5F27;&#xFF0C;&#x53EF;&#x4EE5;&#x6709;&#x5E7E;&#x7A2E;&#x4E0D;&#x540C;&#x7684;&#x5F62;&#x5F0F;&#xFF1F;&#x4F8B;&#x5982;()()()&#x548C;(()())&#x5C31;&#x662F;&#x4E8C;&#x7A2E;&#x4E0D;&#x540C;&#x7684;&#x5F62;&#x5F0F;&#x3002; </subject>
  <content>&lt;p&gt;&lt;span style="font-family:&#x65B0;&#x7D30;&#x660E;&#x9AD4;,serif"&gt;&#x7E3D;&#x5171;&#x6709;&#x4E09;&#x7A2E;&#x985E;&#x578B;&lt;/span&gt;&lt;/p&gt;&#xD;
&#xD;
&lt;p&gt;()()() &lt;span style="font-family:&#x65B0;&#x7D30;&#x660E;&#x9AD4;,serif"&gt;&#x55AE;&#x4E00;&#x7684;&#x62EC;&#x5F27;&lt;/span&gt;&lt;/p&gt;&#xD;
&#xD;
&lt;p&gt;((())) &lt;span style="font-family:&#x65B0;&#x7D30;&#x660E;&#x9AD4;,serif"&gt;&#x4E09;&#x5C64;&#x7684;&#x62EC;&#x5F27;&lt;/span&gt;&lt;/p&gt;&#xD;
&#xD;
&lt;p&gt;(())(), ()(()), (()()) &lt;span style="font-family:&#x65B0;&#x7D30;&#x660E;&#x9AD4;,serif"&gt;&#x5169;&#x5C64;&#x7684;&#x62EC;&#x5F27;&lt;/span&gt;&lt;/p&gt;&#xD;
&#xD;
&lt;p&gt;&lt;span style="font-family:&#x65B0;&#x7D30;&#x660E;&#x9AD4;,serif"&gt;&#x7E3D;&#x5171;&#x4E94;&#x7A2E;&lt;/span&gt;&lt;/p&gt;&#xD;
&#xD;
&lt;p&gt;&lt;span style="font-family:&#x65B0;&#x7D30;&#x660E;&#x9AD4;,serif"&gt;&#x82E5;&#x60F3;&#x8981;&#x518D;&#x77E5;&#x9053;&lt;/span&gt;3&lt;span style="font-family:&#x65B0;&#x7D30;&#x660E;&#x9AD4;,serif"&gt;&#x7D44;&#x4EE5;&#x4E0A;&#x7684;&#x62EC;&#x5F27;&#x6709;&#x5E7E;&#x7A2E;&#x5F62;&#x5F0F;&#xFF0C;&#x53EF;&#x900F;&#x904E;&lt;/span&gt;backtracking&lt;span style="font-family:&#x65B0;&#x7D30;&#x660E;&#x9AD4;,serif"&gt;&#x7684;&#x65B9;&#x5F0F;&#x5BEB;&#x51FA;&#x4E00;&#x652F;&#x7A0B;&#x5F0F;&#x627E;&#x51FA;&#x5176;&#x5408;&#x6CD5;&#x7684;&#x5F62;&#x5F0F;&#x3002;&lt;/span&gt;&lt;/p&gt; </content>
  <attach></attach>
  <rcount></rcount>
  <rank></rank>
  <hit>35</hit>
  <lang>1</lang>
</data>
