<?xml version="1.0"?>
<data version="3.0" time="2024-06-30 09:16:12" type="post" filename="b000000002.xml">
  <open_time>0000-00-00</open_time>
  <close_time>0000-00-00</close_time>
  <lang_name>Big5</lang_name>
  <board_id>1001162650</board_id>
  <node>000000002</node>
  <site>1000110001</site>
  <pt>2022-10-14 01:11:58</pt>
  <poster>11027109</poster>
  <realname>&#x5433;&#x6600;&#x851A;  </realname>
  <email>wing222430@gmail.com</email>
  <homepage>  </homepage>
  <subject>122. &#x5BEB;C++&#x7A0B;&#x5F0F;&#x78BC;&#x8AAA;&#x660E;&#x50B3;&#x53C3;&#x8003;&#x547C;&#x53EB;call by reference&#x3002; </subject>
  <content>&lt;p&gt;&lt;strong&gt;call by reference : &#x547C;&#x53EB;function&#x4EE5;&#x5F8C;&#x4E3B;&#x7A0B;&#x5F0F;&#x7684;&#x503C;&#x6703;&#x88AB;&#x6539;&#x8B8A;&#xFF0C;&#x4E14;&#x8A18;&#x61B6;&#x9AD4;&#x4F4D;&#x7F6E;&#x76F8;&#x540C;&#x3002;&lt;/strong&gt;&lt;/p&gt;&#xD;
&#xD;
&lt;p&gt;&lt;strong&gt;call by value : &#x4E3B;&#x526F;&#x7A0B;&#x5F0F;&#x7684;&#x8B8A;&#x6578;&#x8A18;&#x61B6;&#x9AD4;&#x4F4D;&#x7F6E;&#x4E0D;&#x540C;&#xFF0C;&#x4E14;&#x547C;&#x53EB;function&#x5F8C;&#x4E0D;&#x5F71;&#x97FF;&#x539F;&#x503C;&#x3002;&lt;/strong&gt;&lt;/p&gt;&#xD;
&#xD;
&lt;p&gt;&lt;strong&gt;call by address : &#x547C;&#x53EB;function&#x4EE5;&#x5F8C;&#x4E3B;&#x7A0B;&#x5F0F;&#x7684;&#x503C;&#x6703;&#x88AB;&#x6539;&#x8B8A;&#xFF0C;&#x4F46;function&#x4E2D;&#x8B8A;&#x6578;&#x7684;&#x8A18;&#x61B6;&#x9AD4;&#x4F4D;&#x7F6E;&#x4ECD;&#x4E0D;&#x540C;&#x3002;&amp;nbsp;&lt;/strong&gt;&lt;/p&gt;&#xD;
&#xD;
&lt;p&gt;&lt;strong&gt;&lt;img alt="" src="/user/1/1/11027109/images/2022-10-14%20%281%29.png" style="height:846px; width:1004px" /&gt;&lt;img alt="" src="/user/1/1/11027109/images/2022-10-14.png" style="height:500px; width:687px" /&gt;&lt;/strong&gt;&lt;/p&gt; </content>
  <attach></attach>
  <rcount></rcount>
  <rank></rank>
  <hit>24</hit>
  <lang>1</lang>
</data>
