<?xml version="1.0"?>
<data version="3.0" time="2024-06-30 09:16:12" type="post" filename="b000000002000000001.xml">
  <open_time>0000-00-00</open_time>
  <close_time>0000-00-00</close_time>
  <lang_name>Big5</lang_name>
  <board_id>1001162650</board_id>
  <node>000000002000000001</node>
  <site>1000110001</site>
  <pt>2022-10-15 14:00:00</pt>
  <poster>11027111</poster>
  <realname>&#x984F;&#x9091;&#x5C91;  </realname>
  <email>22692amy@gmail.com</email>
  <homepage>  </homepage>
  <subject>Re: 122. &#x5BEB;C++&#x7A0B;&#x5F0F;&#x78BC;&#x8AAA;&#x660E;&#x50B3;&#x53C3;&#x8003;&#x547C;&#x53EB;call by reference&#x3002;  </subject>
  <content>&lt;p&gt;&#x8B1B;&#x89E3;&#x5F97;&#x5F88;&#x6E05;&#x695A;&#xFF0C;&#x9084;&#x8DDF;&#x4E4B;&#x524D;&#x7684;&#x554F;&#x984C;&#x505A;&#x6BD4;&#x8F03;&#xFF0C;&#x8B9A;&#x8B9A;&lt;/p&gt; </content>
  <attach></attach>
  <rcount></rcount>
  <rank></rank>
  <hit>1</hit>
  <lang>1</lang>
</data>
