<?xml version="1.0"?>
<data version="3.0" time="2024-06-30 09:16:12" type="post" filename="b000000005.xml">
  <open_time>0000-00-00</open_time>
  <close_time>0000-00-00</close_time>
  <lang_name>Big5</lang_name>
  <board_id>1001162650</board_id>
  <node>000000005</node>
  <site>1000110001</site>
  <pt>2022-10-16 13:13:39</pt>
  <poster>11027164</poster>
  <realname>&#x8D99;&#x6021;&#x5112;  </realname>
  <email>zxc20011026@gmail.com</email>
  <homepage>  </homepage>
  <subject>124. &#x5408;&#x6CD5;&#x904B;&#x7B97;&#x5F0F;&#x82E5;&#x6709;&#x4E09;&#x7D44;&#x62EC;&#x5F27;&#xFF0C;&#x53EF;&#x4EE5;&#x6709;&#x5E7E;&#x7A2E;&#x4E0D;&#x540C;&#x7684;&#x5F62;&#x5F0F;&#xFF1F;&#x4F8B;&#x5982;()()()&#x548C;(()())&#x5C31;&#x662F;&#x4E8C;&#x7A2E;&#x4E0D;&#x540C;&#x7684;&#x5F62;&#x5F0F;&#x3002; </subject>
  <content>&lt;p&gt;&#x5171;&#x6709;&#x4E94;&#x7A2E;!&lt;/p&gt;&#xD;
&#xD;
&lt;p&gt;&#x5206;&#x5225;&#x662F;&lt;/p&gt;&#xD;
&#xD;
&lt;p&gt;&#x62EC;&#x5F27;&#x88E1;&#x9762;&#x6C92;&#x6709;&#x62EC;&#x5F27;&#x4E86; ()()() &#x4E00;&#x7A2E;&lt;/p&gt;&#xD;
&#xD;
&lt;p&gt;&#x62EC;&#x5F27;&#x88E1;&#x9762;&#x9084;&#x6709;&#x62EC;&#x5F27; ( () () )&#xFE50;( () ) ()&#xFE50;() ( () ) &#x4E09;&#x7A2E;&lt;/p&gt;&#xD;
&#xD;
&lt;p&gt;&#x62EC;&#x5F27;&#x88E1;&#x9762;&#x7684;&#x62EC;&#x5F27;&#x88E1;&#x9762;&#x9084;&#x6709;&#x62EC;&#x5F27;( ( () ) ) &#x4E00;&#x7A2E;&lt;/p&gt; </content>
  <attach></attach>
  <rcount></rcount>
  <rank></rank>
  <hit>25</hit>
  <lang>1</lang>
</data>
