<?xml version="1.0"?>
<data version="3.0" time="2024-06-30 09:11:10" type="board" filename="list.xml" id="1001296418">
  <board_id>1001296418</board_id>
  <bname>a:5:{s:4:"Big5";s:35:"&#x9650;&#x6642;&#x6436;&#x7B54; 106-110(20240630_copy)";s:6:"GB2312";s:25:"QA 106-110(20240630_copy)";s:2:"en";s:25:"QA 106-110(20240630_copy)";s:6:"EUC-JP";s:15:"(20240630_copy)";s:11:"user_define";s:15:"(20240630_copy)";}</bname>
  <manager>11813</manager>
  <title>&#x64C7;&#x4E00;&#x56DE;&#x7B54;&#xFF0C;&#x9EDE;&#x8B9A;15&#x6B21;&#x6216;3&#x4EBA;&#x7559;&#x597D;&#x8A55;&#x7D66;&#x4E88;QA&#x8A55;&#x5206;&#xFF01;&#xD;
&#x6A19;&#x984C;&#x8A3B;&#x660E;&#x984C;&#x865F;&#xFF0C;&#x5167;&#x5BB9;&#x4E0D;&#x5B9C;&#x5C07;&#x7121;&#x9810;&#x8B66;&#x522A;&#x6587;&#xFF01;&#xD;
106. &#x905E;&#x8FF4;&#x547C;&#x53EB;&#x70BA;&#x4F55;&#x6703;&#x9020;&#x6210;&#x8A18;&#x61B6;&#x9AD4;&#x5340;&#x6BB5;&#x932F;&#x8AA4;&#xFF1F;&#xD;
107. &#x4F5C;&#x696D;&#x4E00;&#x63A1;&#x7528;&#x4EC0;&#x9EBC;&#x8CC7;&#x6599;&#x7D50;&#x69CB;&#x5132;&#x5B58;&#x8B80;&#x5165;&#x8CC7;&#x6599;&#xFF0C;&#x9808;&#x8AAA;&#x660E;&#x539F;&#x56E0;&#x3002;*&#xD;
108. &#x82E5;&#x905E;&#x8FF4;&#x5230;&#x67D0;&#x5C64;&#x5C31;&#x7570;&#x5E38;&#x7D42;&#x6B62;&#xFF0C;&#x8981;&#x5982;&#x4F55;&#x5F37;&#x5236;&#x5B83;&#x7E7C;&#x7E8C;&#x57F7;&#x884C;&#x5230;&#x4E0B;&#x4E00;&#x5C64;&#xFF1F;&#xD;
109. &#x5982;&#x4F55;&#x5E6B;&#x9663;&#x5217;&#x5143;&#x7D20;&#x8A2D;&#x5B9A;&#x975E;&#x96F6;&#x7684;&#x521D;&#x59CB;&#x503C;&#xFF1F;&#x9808;&#x5BEB;&#x51FA;C++&#x7A0B;&#x5F0F;&#x78BC;&#x3002;&#xD;
110. &#x4F5C;&#x696D;&#x4E00;&#x975C;&#x614B;&#x9663;&#x5217;&#x548C;&#x52D5;&#x614B;&#x9663;&#x5217;&#x6709;&#x4F55;&#x5DEE;&#x7570;&#xFF1F;&#x6307;&#x51FA;&#x5176;&#x512A;&#x7F3A;&#x9EDE;&#x3002;*</title>
  <owner_id>10139144</owner_id>
  <open_time>2023-09-20 00:00:00</open_time>
  <close_time>2023-10-04 23:59:00</close_time>
  <share_time>2023-10-11 12:00:00</share_time>
  <switch></switch>
  <with_attach>no</with_attach>
  <vpost>0</vpost>
  <default_order>pt</default_order>
  <post_times>0</post_times>
  <extras></extras>
  <poster>student,assistant,teacher</poster>
  <after_finish></after_finish>
  <fb_comment>N</fb_comment>
  <board>
    <node id="000000001" type="F" data="b000000001.xml"/>
    <node id="000000001000000001" type="F" data="b000000001000000001.xml"/>
    <node id="000000001000000002" type="F" data="b000000001000000002.xml"/>
    <node id="000000001000000003" type="F" data="b000000001000000003.xml"/>
    <node id="000000002" type="F" data="b000000002.xml"/>
    <node id="000000002000000001" type="F" data="b000000002000000001.xml"/>
    <node id="000000002000000002" type="F" data="b000000002000000002.xml"/>
    <node id="000000003" type="F" data="b000000003.xml"/>
    <node id="000000003000000001" type="F" data="b000000003000000001.xml"/>
    <node id="000000003000000002" type="F" data="b000000003000000002.xml"/>
    <node id="000000004" type="F" data="b000000004.xml"/>
    <node id="000000004000000001" type="F" data="b000000004000000001.xml"/>
    <node id="000000005" type="F" data="b000000005.xml"/>
    <node id="000000005000000001" type="F" data="b000000005000000001.xml"/>
    <node id="000000005000000002" type="F" data="b000000005000000002.xml"/>
    <node id="000000006" type="F" data="b000000006.xml"/>
    <node id="000000007" type="F" data="b000000007.xml"/>
    <node id="000000008" type="F" data="b000000008.xml"/>
    <node id="000000009" type="F" data="b000000009.xml"/>
    <node id="000000009000000001" type="F" data="b000000009000000001.xml"/>
    <node id="000000010" type="F" data="b000000010.xml"/>
    <node id="000000010000000001" type="F" data="b000000010000000001.xml"/>
    <node id="000000011" type="F" data="b000000011.xml"/>
    <node id="000000011000000001" type="F" data="b000000011000000001.xml"/>
    <node id="000000012" type="F" data="b000000012.xml"/>
    <node id="000000012000000001" type="F" data="b000000012000000001.xml"/>
    <node id="000000013" type="F" data="b000000013.xml"/>
    <node id="000000013000000001" type="F" data="b000000013000000001.xml"/>
    <node id="000000014" type="F" data="b000000014.xml"/>
    <node id="000000014000000001" type="F" data="b000000014000000001.xml"/>
    <node id="000000015" type="F" data="b000000015.xml"/>
    <node id="000000016" type="F" data="b000000016.xml"/>
    <node id="000000017" type="F" data="b000000017.xml"/>
  </board>
  <quint/>
</data>
