<?xml version="1.0"?>
<data version="3.0" time="2024-06-30 09:12:30" type="post" filename="b000000007000000002.xml">
  <open_time>0000-00-00</open_time>
  <close_time>0000-00-00</close_time>
  <lang_name>Big5</lang_name>
  <board_id>1001296422</board_id>
  <node>000000007000000002</node>
  <site>1000110001</site>
  <pt>2023-10-24 11:29:36</pt>
  <poster>11127136</poster>
  <realname>&#x5F6D;&#x6668;&#x7DAD;  </realname>
  <email>willy921230@gmail.com</email>
  <homepage>  </homepage>
  <subject>Re: 126  </subject>
  <content>&lt;p&gt;&#x771F;&#x6C92;&#x60F3;&#x5230;&lt;/p&gt; </content>
  <attach></attach>
  <rcount></rcount>
  <rank></rank>
  <hit>1</hit>
  <lang>1</lang>
</data>
