<?xml version="1.0"?>
<data version="3.0" time="2024-06-30 09:12:30" type="post" filename="b000000020.xml">
  <open_time>0000-00-00</open_time>
  <close_time>0000-00-00</close_time>
  <lang_name>Big5</lang_name>
  <board_id>1001296422</board_id>
  <node>000000020</node>
  <site>1000110001</site>
  <pt>2023-11-01 00:51:46</pt>
  <poster>10920151</poster>
  <realname>&#x5F35;&#x53C8;&#x665F;  </realname>
  <email>callmejerry3000@gmail.com</email>
  <homepage> </homepage>
  <subject>128 </subject>
  <content>&lt;p&gt;Q&#xFF1A;&#x5F8C;&#x5E8F;&#x5F0F;2 4 6 * + 7 5 - *&#x8981;&#x5982;&#x4F55;&#x900F;&#x904E;&#x5806;&#x758A;&#x6C42;&#x89E3;&#xFF1F;&#x8981;&#x5217;&#x51FA;&#x904E;&#x7A0B;&#x3002;&lt;/p&gt;&#xD;
&#xD;
&lt;p&gt;A&#xFF1A;&lt;/p&gt;&#xD;
&#xD;
&lt;p&gt;&#x7531;&#x5DE6;&#x800C;&#x53F3;&#x8B80;&#x53D6;&#x7B97;&#x5F0F;&#xFF0C;&#x82E5;&#x9047;&#x6578;&#x5B57;&#x5247;push&#x5165;&#x5806;&#x758A;&#xFF0C;&#x82E5;&#x904B;&#x7B97;&#x5B50;&#x5247;&#x5F9E;&#x5806;&#x758A;&#x9802;&#x7AEF;&#x53D6;&#x51FA;&#x5169;&#x500B;&#x6578;&#x5B57;&#x51FA;&#x4F86;&#xFF0C;&#x4E26;&#x505A;&#x6B64;&#x904B;&#x7B97;&#x5B50;&#x7684;&#x904B;&#x7B97;&#xFF0C;&#x7D50;&#x679C;&#x518D;push&#x5165;&#x5806;&#x758A;&#xFF0C;&#x6B64;&#x7B97;&#x5F0F;&#x6700;&#x5F8C;&#x7684;&#x7D50;&#x679C;&#x6703;&#x5728;&#x6700;&#x5F8C;&#x4E00;&#x500B;&#x904B;&#x7B97;&#x5B50;&#x7684;&#x904B;&#x7B97;&#x5F8C;&#x5F97;&#x5230;&#x3002;&lt;/p&gt;&#xD;
&#xD;
&lt;p&gt;1.push(2)&#xFF0C;push(4)&#xFF0C;push(6)&lt;/p&gt;&#xD;
&#xD;
&lt;p&gt;2.&#x53D6;&#x51FA;6&#xFF0C;&#x53D6;&#x51FA;4&#xFF0C;&#x8A08;&#x7B97;4*6=24&lt;/p&gt;&#xD;
&#xD;
&lt;p&gt;3.push(24)&lt;/p&gt;&#xD;
&#xD;
&lt;p&gt;4.&#x53D6;&#x51FA;24&#xFF0C;&#x53D6;&#x51FA;2&#xFF0C;&#x8A08;&#x7B97;2+24=26&lt;/p&gt;&#xD;
&#xD;
&lt;p&gt;5.push(26)&lt;/p&gt;&#xD;
&#xD;
&lt;p&gt;6.push(7)&#xFF0C;push(5)&lt;/p&gt;&#xD;
&#xD;
&lt;p&gt;7.&#x53D6;&#x51FA;5&#xFF0C;&#x53D6;&#x51FA;7&#xFF0C;&#x8A08;&#x7B97;7-5=2&lt;/p&gt;&#xD;
&#xD;
&lt;p&gt;8.push(2)&lt;/p&gt;&#xD;
&#xD;
&lt;p&gt;9.&#x53D6;&#x51FA;2&#xFF0C;&#x53D6;&#x51FA;26&#xFF0C;&#x8A08;&#x7B97;26*2=52&lt;/p&gt;&#xD;
&#xD;
&lt;p&gt;10.&#x6B64;&#x6642;&#x4EE5;&#x8B80;&#x53D6;&#x81F3;&#x6700;&#x5F8C;&#x4E00;&#x500B;&#x904B;&#x7B97;&#x5B50;&#xFF0C;&#x5806;&#x758A;&#x5167;&#x4E5F;&#x6C92;&#x6709;&#x6771;&#x897F;&#xFF0C;&#x6240;&#x4EE5;&#x8A08;&#x7B97;&#x7D50;&#x679C;&#x662F;52&lt;/p&gt;</content>
  <attach></attach>
  <rcount></rcount>
  <rank></rank>
  <hit>13</hit>
  <lang>1</lang>
</data>
