<?xml version="1.0"?>
<data version="3.0" time="2024-06-30 09:12:30" type="post" filename="b000000015.xml">
  <open_time>0000-00-00</open_time>
  <close_time>0000-00-00</close_time>
  <lang_name>Big5</lang_name>
  <board_id>1001296422</board_id>
  <node>000000015</node>
  <site>1000110001</site>
  <pt>2023-10-27 16:07:39</pt>
  <poster>11127110</poster>
  <realname>&#x8A31;&#x81F3;&#x6600;  </realname>
  <email>alberthsu919@gmail.com</email>
  <homepage>  </homepage>
  <subject>128 </subject>
  <content>&lt;p&gt;&lt;span style="font-family:&#x65B0;&#x7D30;&#x660E;&#x9AD4;,serif"&gt;&#x5F8C;&#x5E8F;&#x5F0F;&lt;/span&gt;2 4 6 * + 7 5 - *&lt;span style="font-family:&#x65B0;&#x7D30;&#x660E;&#x9AD4;,serif"&gt;&#x8981;&#x5982;&#x4F55;&#x900F;&#x904E;&#x5806;&#x758A;&#x6C42;&#x89E3;&#xFF1F;&#x8981;&#x5217;&#x51FA;&#x904E;&#x7A0B;&#x3002;&lt;/span&gt;&lt;/p&gt;&#xD;
&#xD;
&lt;p&gt;&lt;span style="font-family:&#x65B0;&#x7D30;&#x660E;&#x9AD4;,serif"&gt;&#x521D;&#x59CB;&#x5316;&#x4E00;&#x500B;&#x7A7A;&#x5806;&#x758A;&#x3002;&lt;/span&gt;&lt;/p&gt;&#xD;
&#xD;
&lt;p&gt;&lt;span style="font-family:&#x65B0;&#x7D30;&#x660E;&#x9AD4;,serif"&gt;&#x7531;&#x5DE6;&#x800C;&#x53F3;&#x8B80;&#x53D6;&#x6BCF;&#x4E00;&#x500B;&#x6578;&#x5B57;&#x6216;&#x904B;&#x7B97;&#x5B50;&#xFF1A;&#x5982;&#x679C;&#x9047;&#x5230;&#x6578;&#x5B57;&#xFF0C;&#x5C07;&#x5176;&#x653E;&#x5165;&#x5806;&#x758A;&#xFF1B;&#x5982;&#x679C;&#x9047;&#x5230;&#x904B;&#x7B97;&#x5B50;&#xFF0C;&#x5247;&#x5F9E;&#x5806;&#x758A;&#x4E2D;&#x53D6;&#x51FA;&#x5169;&#x500B;&#x6578;&#x5B57;&#xFF0C;&#x57F7;&#x884C;&#x904B;&#x7B97;&#xFF0C;&#x7136;&#x5F8C;&#x5C07;&#x7D50;&#x679C;&#x653E;&#x56DE;&#x5806;&#x758A;&#x3002;&lt;/span&gt;&lt;/p&gt;&#xD;
&#xD;
&lt;p&gt;&lt;span style="font-family:&#x65B0;&#x7D30;&#x660E;&#x9AD4;,serif"&gt;&#x5806;&#x758A;&#x4E2D;&#x5269;&#x4E0B;&#x7684;&#x4E00;&#x500B;&#x6578;&#x5B57;&#xFF0C;&#x5373;&#x70BA;&#x8A08;&#x7B97;&#x7D50;&#x679C;&#x3002;&lt;/span&gt;&lt;/p&gt;&#xD;
&#xD;
&lt;table border="1" cellpadding="0" cellspacing="0" style="border-collapse:collapse; border:1px solid transparent"&gt;&#xD;
	&lt;tbody&gt;&#xD;
		&lt;tr&gt;&#xD;
			&lt;td style="vertical-align:top; width:94px"&gt;&#xD;
			&lt;p&gt;[]&lt;/p&gt;&#xD;
			&lt;/td&gt;&#xD;
			&lt;td style="vertical-align:top; width:236px"&gt;&#xD;
			&lt;p&gt;&lt;span style="font-family:&#x65B0;&#x7D30;&#x660E;&#x9AD4;,serif"&gt;&#x521D;&#x59CB;&#x5316;&#x4E00;&#x500B;&#x7A7A;&#x5806;&#x758A;&lt;/span&gt;&lt;/p&gt;&#xD;
			&lt;/td&gt;&#xD;
		&lt;/tr&gt;&#xD;
		&lt;tr&gt;&#xD;
			&lt;td style="vertical-align:top; width:94px"&gt;&#xD;
			&lt;p&gt;[2]&lt;/p&gt;&#xD;
			&lt;/td&gt;&#xD;
			&lt;td style="vertical-align:top; width:236px"&gt;&#xD;
			&lt;p&gt;&lt;span style="font-family:&#x65B0;&#x7D30;&#x660E;&#x9AD4;,serif"&gt;&#x5C07;&lt;/span&gt;2&lt;span style="font-family:&#x65B0;&#x7D30;&#x660E;&#x9AD4;,serif"&gt;&#x653E;&#x5165;&#x5806;&#x758A;&lt;/span&gt;&lt;/p&gt;&#xD;
			&lt;/td&gt;&#xD;
		&lt;/tr&gt;&#xD;
		&lt;tr&gt;&#xD;
			&lt;td style="vertical-align:top; width:94px"&gt;&#xD;
			&lt;p&gt;[2, 4]&lt;/p&gt;&#xD;
			&lt;/td&gt;&#xD;
			&lt;td style="vertical-align:top; width:236px"&gt;&#xD;
			&lt;p&gt;&lt;span style="font-family:&#x65B0;&#x7D30;&#x660E;&#x9AD4;,serif"&gt;&#x5C07;&lt;/span&gt;4&lt;span style="font-family:&#x65B0;&#x7D30;&#x660E;&#x9AD4;,serif"&gt;&#x653E;&#x5165;&#x5806;&#x758A;&lt;/span&gt;&lt;/p&gt;&#xD;
			&lt;/td&gt;&#xD;
		&lt;/tr&gt;&#xD;
		&lt;tr&gt;&#xD;
			&lt;td style="vertical-align:top; width:94px"&gt;&#xD;
			&lt;p&gt;[2, 4, 6]&lt;/p&gt;&#xD;
			&lt;/td&gt;&#xD;
			&lt;td style="vertical-align:top; width:236px"&gt;&#xD;
			&lt;p&gt;&lt;span style="font-family:&#x65B0;&#x7D30;&#x660E;&#x9AD4;,serif"&gt;&#x5C07;&lt;/span&gt;6&lt;span style="font-family:&#x65B0;&#x7D30;&#x660E;&#x9AD4;,serif"&gt;&#x653E;&#x5165;&#x5806;&#x758A;&lt;/span&gt;&lt;/p&gt;&#xD;
			&lt;/td&gt;&#xD;
		&lt;/tr&gt;&#xD;
		&lt;tr&gt;&#xD;
			&lt;td style="vertical-align:top; width:94px"&gt;&#xD;
			&lt;p&gt;[2]&lt;/p&gt;&#xD;
			&lt;/td&gt;&#xD;
			&lt;td style="vertical-align:top; width:236px"&gt;&#xD;
			&lt;p&gt;&lt;span style="font-family:&#x65B0;&#x7D30;&#x660E;&#x9AD4;,serif"&gt;&#x53D6;&lt;/span&gt;4, 6&lt;span style="font-family:&#x65B0;&#x7D30;&#x660E;&#x9AD4;,serif"&gt;&#x9032;&#x884C;&lt;/span&gt;*&lt;span style="font-family:&#x65B0;&#x7D30;&#x660E;&#x9AD4;,serif"&gt;&#x904B;&#x7B97;&#xFF0C;&lt;/span&gt;4*6=24&lt;/p&gt;&#xD;
			&lt;/td&gt;&#xD;
		&lt;/tr&gt;&#xD;
		&lt;tr&gt;&#xD;
			&lt;td style="vertical-align:top; width:94px"&gt;&#xD;
			&lt;p&gt;[2, 24]&lt;/p&gt;&#xD;
			&lt;/td&gt;&#xD;
			&lt;td style="vertical-align:top; width:236px"&gt;&#xD;
			&lt;p&gt;&lt;span style="font-family:&#x65B0;&#x7D30;&#x660E;&#x9AD4;,serif"&gt;&#x5C07;&lt;/span&gt;24&lt;span style="font-family:&#x65B0;&#x7D30;&#x660E;&#x9AD4;,serif"&gt;&#x653E;&#x5165;&#x5806;&#x758A;&lt;/span&gt;&lt;/p&gt;&#xD;
			&lt;/td&gt;&#xD;
		&lt;/tr&gt;&#xD;
		&lt;tr&gt;&#xD;
			&lt;td style="vertical-align:top; width:94px"&gt;&#xD;
			&lt;p&gt;[]&lt;/p&gt;&#xD;
			&lt;/td&gt;&#xD;
			&lt;td style="vertical-align:top; width:236px"&gt;&#xD;
			&lt;p&gt;&lt;span style="font-family:&#x65B0;&#x7D30;&#x660E;&#x9AD4;,serif"&gt;&#x53D6;&lt;/span&gt;2, 24&lt;span style="font-family:&#x65B0;&#x7D30;&#x660E;&#x9AD4;,serif"&gt;&#x9032;&#x884C;&lt;/span&gt;+&lt;span style="font-family:&#x65B0;&#x7D30;&#x660E;&#x9AD4;,serif"&gt;&#x904B;&#x7B97;&#xFF0C;&lt;/span&gt;2+24=26&lt;/p&gt;&#xD;
			&lt;/td&gt;&#xD;
		&lt;/tr&gt;&#xD;
		&lt;tr&gt;&#xD;
			&lt;td style="vertical-align:top; width:94px"&gt;&#xD;
			&lt;p&gt;[26]&lt;/p&gt;&#xD;
			&lt;/td&gt;&#xD;
			&lt;td style="vertical-align:top; width:236px"&gt;&#xD;
			&lt;p&gt;&lt;span style="font-family:&#x65B0;&#x7D30;&#x660E;&#x9AD4;,serif"&gt;&#x5C07;&lt;/span&gt;26&lt;span style="font-family:&#x65B0;&#x7D30;&#x660E;&#x9AD4;,serif"&gt;&#x653E;&#x5165;&#x5806;&#x758A;&lt;/span&gt;&lt;/p&gt;&#xD;
			&lt;/td&gt;&#xD;
		&lt;/tr&gt;&#xD;
		&lt;tr&gt;&#xD;
			&lt;td style="vertical-align:top; width:94px"&gt;&#xD;
			&lt;p&gt;[26, 7]&lt;/p&gt;&#xD;
			&lt;/td&gt;&#xD;
			&lt;td style="vertical-align:top; width:236px"&gt;&#xD;
			&lt;p&gt;&lt;span style="font-family:&#x65B0;&#x7D30;&#x660E;&#x9AD4;,serif"&gt;&#x5C07;&lt;/span&gt;7&lt;span style="font-family:&#x65B0;&#x7D30;&#x660E;&#x9AD4;,serif"&gt;&#x653E;&#x5165;&#x5806;&#x758A;&lt;/span&gt;&lt;/p&gt;&#xD;
			&lt;/td&gt;&#xD;
		&lt;/tr&gt;&#xD;
		&lt;tr&gt;&#xD;
			&lt;td style="vertical-align:top; width:94px"&gt;&#xD;
			&lt;p&gt;[26, 7, 5]&lt;/p&gt;&#xD;
			&lt;/td&gt;&#xD;
			&lt;td style="vertical-align:top; width:236px"&gt;&#xD;
			&lt;p&gt;&lt;span style="font-family:&#x65B0;&#x7D30;&#x660E;&#x9AD4;,serif"&gt;&#x5C07;&lt;/span&gt;5&lt;span style="font-family:&#x65B0;&#x7D30;&#x660E;&#x9AD4;,serif"&gt;&#x653E;&#x5165;&#x5806;&#x758A;&lt;/span&gt;&lt;/p&gt;&#xD;
			&lt;/td&gt;&#xD;
		&lt;/tr&gt;&#xD;
		&lt;tr&gt;&#xD;
			&lt;td style="vertical-align:top; width:94px"&gt;&#xD;
			&lt;p&gt;[26]&lt;/p&gt;&#xD;
			&lt;/td&gt;&#xD;
			&lt;td style="vertical-align:top; width:236px"&gt;&#xD;
			&lt;p&gt;&lt;span style="font-family:&#x65B0;&#x7D30;&#x660E;&#x9AD4;,serif"&gt;&#x53D6;&lt;/span&gt;7, 5&lt;span style="font-family:&#x65B0;&#x7D30;&#x660E;&#x9AD4;,serif"&gt;&#x9032;&#x884C;&lt;/span&gt;-&lt;span style="font-family:&#x65B0;&#x7D30;&#x660E;&#x9AD4;,serif"&gt;&#x904B;&#x7B97;&#xFF0C;&lt;/span&gt;7-5=2&lt;/p&gt;&#xD;
			&lt;/td&gt;&#xD;
		&lt;/tr&gt;&#xD;
		&lt;tr&gt;&#xD;
			&lt;td style="vertical-align:top; width:94px"&gt;&#xD;
			&lt;p&gt;[26, 2]&lt;/p&gt;&#xD;
			&lt;/td&gt;&#xD;
			&lt;td style="vertical-align:top; width:236px"&gt;&#xD;
			&lt;p&gt;&lt;span style="font-family:&#x65B0;&#x7D30;&#x660E;&#x9AD4;,serif"&gt;&#x5C07;&lt;/span&gt;2&lt;span style="font-family:&#x65B0;&#x7D30;&#x660E;&#x9AD4;,serif"&gt;&#x653E;&#x5165;&#x5806;&#x758A;&lt;/span&gt;&lt;/p&gt;&#xD;
			&lt;/td&gt;&#xD;
		&lt;/tr&gt;&#xD;
		&lt;tr&gt;&#xD;
			&lt;td style="vertical-align:top; width:94px"&gt;&#xD;
			&lt;p&gt;[]&lt;/p&gt;&#xD;
			&lt;/td&gt;&#xD;
			&lt;td style="vertical-align:top; width:236px"&gt;&#xD;
			&lt;p&gt;&lt;span style="font-family:&#x65B0;&#x7D30;&#x660E;&#x9AD4;,serif"&gt;&#x53D6;&lt;/span&gt;26, 2&lt;span style="font-family:&#x65B0;&#x7D30;&#x660E;&#x9AD4;,serif"&gt;&#x9032;&#x884C;&lt;/span&gt;*&lt;span style="font-family:&#x65B0;&#x7D30;&#x660E;&#x9AD4;,serif"&gt;&#x904B;&#x7B97;&#xFF0C;&lt;/span&gt;26*2=54&lt;/p&gt;&#xD;
			&lt;/td&gt;&#xD;
		&lt;/tr&gt;&#xD;
		&lt;tr&gt;&#xD;
			&lt;td style="vertical-align:top; width:94px"&gt;&#xD;
			&lt;p&gt;[54]&lt;/p&gt;&#xD;
			&lt;/td&gt;&#xD;
			&lt;td style="vertical-align:top; width:236px"&gt;&#xD;
			&lt;p&gt;&lt;span style="font-family:&#x65B0;&#x7D30;&#x660E;&#x9AD4;,serif"&gt;&#x5C07;&lt;/span&gt;54&lt;span style="font-family:&#x65B0;&#x7D30;&#x660E;&#x9AD4;,serif"&gt;&#x653E;&#x5165;&#x5806;&#x758A;&lt;/span&gt;&lt;/p&gt;&#xD;
			&lt;/td&gt;&#xD;
		&lt;/tr&gt;&#xD;
	&lt;/tbody&gt;&#xD;
&lt;/table&gt;&#xD;
&#xD;
&lt;p&gt;54&lt;span style="font-family:&#x65B0;&#x7D30;&#x660E;&#x9AD4;,serif"&gt;&#x70BA;&#x8A08;&#x7B97;&#x7D50;&#x679C;&lt;/span&gt;&lt;/p&gt; </content>
  <attach></attach>
  <rcount></rcount>
  <rank></rank>
  <hit>19</hit>
  <lang>1</lang>
</data>
