<?xml version="1.0"?>
<data version="3.0" time="2024-06-30 09:12:30" type="post" filename="b000000024.xml">
  <open_time>0000-00-00</open_time>
  <close_time>0000-00-00</close_time>
  <lang_name>Big5</lang_name>
  <board_id>1001296422</board_id>
  <node>000000024</node>
  <site>1000110001</site>
  <pt>2023-11-01 23:00:52</pt>
  <poster>10827121</poster>
  <realname>&#x856D;&#x529B;&#x8AA0;  </realname>
  <email>leo89100405@gmail.com</email>
  <homepage>  </homepage>
  <subject>126 </subject>
  <content>&lt;p&gt;126. + * 2 4 6 * - 7 5&#x662F;&#x524D;&#x5E8F;&#x5F0F;&#x55CE;&#xFF1F;&#x70BA;&#x4EC0;&#x9EBC;&#xFF1F;&lt;/p&gt;&#xD;
&#xD;
&lt;p&gt;&#x4ED6;&#x4E0D;&#x662F;&#x4E00;&#x500B;&#x5408;&#x6CD5;&#x7684;&#x524D;&#x5E8F;&#x5F0F;&lt;/p&gt;&#xD;
&#xD;
&lt;p&gt;+ &lt;span style="color:#ff0000"&gt;&lt;u&gt;* 2 4&lt;/u&gt;&lt;/span&gt; 6 * - 7 5&lt;/p&gt;&#xD;
&#xD;
&lt;p&gt;=&amp;gt;&amp;nbsp;&lt;span style="color:#ff0000"&gt;&lt;u&gt;+ 8 6&lt;/u&gt;&lt;/span&gt; * - 7 5&lt;/p&gt;&#xD;
&#xD;
&lt;p&gt;=&amp;gt; 14 * - 7 5&amp;nbsp; &#x5230;&#x9019;&#x88E1;&#x5C31;&#x6703;&#x767C;&#x751F;&#x932F;&#x8AA4;&#xFF0C;&#x82E5;&#x662F;&#x628A;&#x6574;&#x500B;&#x524D;&#x5E8F;&#x5F0F;&#x904B;&#x7B97;&#x5B8C;&lt;/p&gt;&#xD;
&#xD;
&lt;p&gt;=&amp;gt; 14 * &lt;span style="color:#ff0000"&gt;&lt;u&gt;- 7 5&lt;/u&gt;&lt;/span&gt;&lt;/p&gt;&#xD;
&#xD;
&lt;p&gt;=&amp;gt;&amp;nbsp;14 * 2 &#x6700;&#x5F8C;&#x6703;&#x8B8A;&#x6210;&#x9019;&#x6A23;&#x800C;&#x7121;&#x6CD5;&#x904B;&#x7B97;&lt;/p&gt; </content>
  <attach></attach>
  <rcount></rcount>
  <rank></rank>
  <hit>10</hit>
  <lang>1</lang>
</data>
