<?xml version="1.0"?>
<data version="3.0" time="2024-06-30 09:12:30" type="post" filename="b000000004000000004.xml">
  <open_time>0000-00-00</open_time>
  <close_time>0000-00-00</close_time>
  <lang_name>Big5</lang_name>
  <board_id>1001296422</board_id>
  <node>000000004000000004</node>
  <site>1000110001</site>
  <pt>2023-11-28 11:49:57</pt>
  <poster>11813</poster>
  <realname>&#x5433;&#x5B9C;&#x9D3B;  </realname>
  <email>yhwu@cycu.edu.tw</email>
  <homepage>https://www.researchgate.net/profile/Yi-Hung-Wu-2  </homepage>
  <subject>Re: 129  </subject>
  <content>&lt;p&gt;&lt;span style="color:#ff0000"&gt;&#x61C9;&#x6539;&#x7528;&#x526A;&#x8CBC;&#x6587;&#x5B57;&#xFF0C;&#x5176;&#x4ED6;&#x540C;&#x5B78;&#x624D;&#x53EF;&#x4EE5;&#x76F4;&#x63A5;&#x6E2C;&#x8A66;&#x3002;&lt;/span&gt;&lt;/p&gt; </content>
  <attach></attach>
  <rcount></rcount>
  <rank></rank>
  <hit>1</hit>
  <lang>1</lang>
</data>
