<?xml version="1.0"?>
<data version="3.0" time="2024-06-30 09:12:30" type="post" filename="b000000002.xml">
  <open_time>0000-00-00</open_time>
  <close_time>0000-00-00</close_time>
  <lang_name>Big5</lang_name>
  <board_id>1001296422</board_id>
  <node>000000002</node>
  <site>1000110001</site>
  <pt>2023-10-19 04:51:43</pt>
  <poster>11120127</poster>
  <realname>&#x9673;&#x5BA5;&#x4EFB;  </realname>
  <email>laohouy@gmail.com</email>
  <homepage>  </homepage>
  <subject>128 </subject>
  <content>&lt;p&gt;&#x5F8C;&#x5E8F;&#x5F0F;2 4 6 * + 7 5 - *&#x8981;&#x5982;&#x4F55;&#x900F;&#x904E;&#x5806;&#x758A;&#x6C42;&#x89E3;&#xFF1F;&#x8981;&#x5217;&#x51FA;&#x904E;&#x7A0B;&#x3002;&lt;/p&gt;&#xD;
&#xD;
&lt;p&gt;&#x4EE5;&#x4E0B;&#x70BA;&#x9032;&#x884C;&#x6B65;&#x9A5F; :&lt;/p&gt;&#xD;
&#xD;
&lt;ol&gt;&#xD;
	&lt;li&gt;&#xD;
	&lt;p&gt;&#x521D;&#x59CB;&#x5316;&#x4E00;&#x500B;&#x7A7A;&#x7684;&#x5806;&#x758A;Stack&#x3002;&lt;/p&gt;&#xD;
	&lt;/li&gt;&#xD;
	&lt;li&gt;&#xD;
	&lt;p&gt;&#x4F9D;&#x6B21;&#x6383;&#x5165;&#x5F8C;&#x5E8F;&#x8868;&#x793A;&#x6CD5;&#x7684;&#x6BCF;&#x500B;&#x5143;&#x7D20;&#xFF08;&#x6578;&#x5B57;&#x6216;&#x904B;&#x7B97;&#x7B26;&#xFF09;&#xFF1A;&lt;/p&gt;&#xD;
&#xD;
	&lt;ul&gt;&#xD;
		&lt;li&gt;&#x5982;&#x679C;&#x662F;&#x6578;&#x5B57;&#xFF0C;&#x5C07;&#x5176;&#x653E;&#x5165;&#x5806;&#x758A;&#x3002;&lt;/li&gt;&#xD;
		&lt;li&gt;&#x5982;&#x679C;&#x662F;&#x904B;&#x7B97;&#x7B26;&#xFF0C;&#x5247;&#x5F9E;&#x5806;&#x758A;&#x4E2D;&#x5F48;&#x51FA;&#x5169;&#x500B;&#x9802;&#x90E8;&#x5143;&#x7D20;operand1 &#x548C; operand2 &#x9032;&#x884C;&#x904B;&#x7B97;&#xFF0C;&#x7136;&#x5F8C;&#x5C07;&#x7D50;&#x679C;&#x653E;&#x56DE;&#x5806;&#x758A;&#x3002;&lt;/li&gt;&#xD;
	&lt;/ul&gt;&#xD;
	&lt;/li&gt;&#xD;
&lt;/ol&gt;&#xD;
&#xD;
&lt;p&gt;&#x4EE5;&#x4E0B;&#x662F;&#x5177;&#x9AD4;&#x7684;&#x8A08;&#x7B97;&#x904E;&#x7A0B;&#xFF1A;&lt;/p&gt;&#xD;
&#xD;
&lt;ul&gt;&#xD;
	&lt;li&gt;&#x6383;&#x5165; 2&#xFF0C;&#x5C07;&#x5176;&#x653E;&#x5165;&#x5806;&#x758A;; Stack&#x76EE;&#x524D;&#x72C0;&#x614B;: 2&lt;/li&gt;&#xD;
	&lt;li&gt;&#x6383;&#x5165; 4&#xFF0C;&#x5C07;&#x5176;&#x653E;&#x5165;&#x5806;&#x758A;; Stack&#x76EE;&#x524D;&#x72C0;&#x614B;: 2 4&lt;/li&gt;&#xD;
	&lt;li&gt;&#x6383;&#x5165; 6&#xFF0C;&#x5C07;&#x5176;&#x653E;&#x5165;&#x5806;&#x758A;; Stack&#x76EE;&#x524D;&#x72C0;&#x614B;: 2 4 6&lt;/li&gt;&#xD;
	&lt;li&gt;&#x6383;&#x5165; *&#xFF0C;&#x5F9E;&#x5806;&#x758A;&#x4E2D;&#x5F48;&#x51FA; 6 &#x548C; 4&#xFF0C;&#x8A08;&#x7B97; 4 * 6 = 24&#xFF0C;&#x7136;&#x5F8C;&#x5C07;&#x7D50;&#x679C; 24 &#x653E;&#x56DE;&#x5806;&#x758A;; Stack&#x76EE;&#x524D;&#x72C0;&#x614B;: 2 24&lt;/li&gt;&#xD;
	&lt;li&gt;&#x6383;&#x5165; +&#xFF0C;&#x5F9E;&#x5806;&#x758A;&#x4E2D;&#x5F48;&#x51FA; 24 &#x548C; 2&#xFF0C;&#x8A08;&#x7B97; 2 + 24 = 26&#xFF0C;&#x7136;&#x5F8C;&#x5C07;&#x7D50;&#x679C; 26 &#x653E;&#x56DE;&#x5806;&#x758A;; Stack&#x76EE;&#x524D;&#x72C0;&#x614B;: 26&lt;/li&gt;&#xD;
	&lt;li&gt;&#x6383;&#x5165; 7&#xFF0C;&#x5C07;&#x5176;&#x653E;&#x5165;&#x5806;&#x758A;; Stack&#x76EE;&#x524D;&#x72C0;&#x614B;: 26 7&lt;/li&gt;&#xD;
	&lt;li&gt;&#x6383;&#x5165; 5&#xFF0C;&#x5C07;&#x5176;&#x653E;&#x5165;&#x5806;&#x758A;; Stack&#x76EE;&#x524D;&#x72C0;&#x614B;: 26 7 5&lt;/li&gt;&#xD;
	&lt;li&gt;&#x6383;&#x5165; -&#xFF0C;&#x5F9E;&#x5806;&#x758A;&#x4E2D;&#x5F48;&#x51FA; 5 &#x548C; 7&#xFF0C;&#x8A08;&#x7B97; 7 - 5 = 2&#xFF0C;&#x7136;&#x5F8C;&#x5C07;&#x7D50;&#x679C; 2 &#x653E;&#x56DE;&#x5806;&#x758A;; Stack&#x76EE;&#x524D;&#x72C0;&#x614B;: 26 2&lt;/li&gt;&#xD;
	&lt;li&gt;&#x6383;&#x5165; *&#xFF0C;&#x5F9E;&#x5806;&#x758A;&#x4E2D;&#x5F48;&#x51FA; 2 &#x548C; 26&#xFF0C;&#x8A08;&#x7B97; 2 * 26 = 52&#xFF0C;&#x7136;&#x5F8C;&#x5C07;&#x7D50;&#x679C; 52 &#x653E;&#x56DE;&#x5806;&#x758A;; Stack&#x76EE;&#x524D;&#x72C0;&#x614B;: 52&lt;/li&gt;&#xD;
&lt;/ul&gt;&#xD;
&#xD;
&lt;p&gt;&#x6700;&#x5F8C;Stack&#x4E2D;&#x50C5;&#x5269;&#x4E0B;&#x4E00;&#x500B;&#x5143;&#x7D20; 52&#xFF0C;&#x9019;&#x5C31;&#x662F;&#x5F8C;&#x5E8F;&#x8868;&#x793A;&#x6CD5; 2 4 6 * + 7 5 - * &#x7684;&#x8A08;&#x7B97;&#x7D50;&#x679C;&#x3002;&lt;/p&gt; </content>
  <attach></attach>
  <rcount></rcount>
  <rank></rank>
  <hit>57</hit>
  <lang>1</lang>
</data>
