<?xml version="1.0"?>
<data version="3.0" time="2024-06-30 09:12:30" type="post" filename="b000000001000000001.xml">
  <open_time>0000-00-00</open_time>
  <close_time>0000-00-00</close_time>
  <lang_name>Big5</lang_name>
  <board_id>1001296422</board_id>
  <node>000000001000000001</node>
  <site>1000110001</site>
  <pt>2023-10-18 19:10:24</pt>
  <poster>11127116</poster>
  <realname>&#x66FE;&#x8A6E;&#x6DF3;  </realname>
  <email>kevin47338647@gmail.com</email>
  <homepage>  </homepage>
  <subject>Re: 126  </subject>
  <content>&lt;p&gt;&#x89E3;&#x91CB;&#x7684;&#x5F88;&#x68D2;&#xFF0C;&#x6211;&#x90FD;&#x6703;&#x5BEB;&#x4F5C;&#x696D;&#x4E8C;&#x4E86;&lt;/p&gt; </content>
  <attach></attach>
  <rcount></rcount>
  <rank></rank>
  <hit>1</hit>
  <lang>1</lang>
</data>
