<?xml version="1.0"?>
<data version="3.0" time="2024-06-30 09:12:30" type="post" filename="b000000023.xml">
  <open_time>0000-00-00</open_time>
  <close_time>0000-00-00</close_time>
  <lang_name>Big5</lang_name>
  <board_id>1001296422</board_id>
  <node>000000023</node>
  <site>1000110001</site>
  <pt>2023-11-01 21:34:31</pt>
  <poster>03109309</poster>
  <realname>&#x5442;&#x6C9B;&#x9716;  </realname>
  <email>0</email>
  <homepage>  </homepage>
  <subject>126 </subject>
  <content>&lt;p&gt;&lt;strong&gt;+ * 2 4 6 * - 7 5&#x662F;&#x524D;&#x5E8F;&#x5F0F;&#x55CE;&#xFF1F;&lt;/strong&gt;&lt;/p&gt;&#xD;
&#xD;
&lt;p&gt;&#x5176;&#x4E2D;+*246&#x70BA;&#x5B8C;&#x6574;&#x7684;&#x524D;&#x5E8F;&#x5F0F;&#xFF0C;&#x800C;&#x4E00;&#x500B;&#x524D;&#x5E8F;&#x5F0F;&#x5F8C;&#x9762;&#x518D;&#x63A5;&#x4E0A;&#x975E;&#x7A7A;&#x5B57;&#x4E32;&#x5C31;&#x4E00;&#x5B9A;&#x4E0D;&#x662F;&#x524D;&#x5E8F;&#x5F0F;&#x3002;&lt;/p&gt;&#xD;
&#xD;
&lt;p&gt;&#x96D6;&#x7136;-75&#x4E5F;&#x662F;&#x5408;&#x6CD5;&#x524D;&#x5E8F;&#x5F0F;&#x4F46;&#x4E2D;&#x9593;&#x7684;*&#x4E0D;&#x7B26;&#x5408;&#x524D;&#x5E8F;&#x5F0F;&#x3002;&lt;/p&gt;&#xD;
&#xD;
&lt;p&gt;&lt;img alt="" src="/user/0/3/03109309/images/%E7%8F%BE%E5%AF%A6%E6%90%B6%E7%AD%94.png" style="height:213px; width:1000px" /&gt;&lt;/p&gt; </content>
  <attach></attach>
  <rcount></rcount>
  <rank></rank>
  <hit>13</hit>
  <lang>1</lang>
</data>
