<?xml version="1.0"?>
<data version="3.0" time="2024-06-30 09:12:30" type="post" filename="b000000017.xml">
  <open_time>0000-00-00</open_time>
  <close_time>0000-00-00</close_time>
  <lang_name>Big5</lang_name>
  <board_id>1001296422</board_id>
  <node>000000017</node>
  <site>1000110001</site>
  <pt>2023-10-30 18:04:32</pt>
  <poster>11127133</poster>
  <realname>&#x9673;&#x4E59;&#x83C1;  </realname>
  <email>fiona99107@gmail.com</email>
  <homepage>  </homepage>
  <subject>126 </subject>
  <content>&lt;p&gt;126.+ * 2 4 6 * - 7 5&lt;span style="font-family:&#x65B0;&#x7D30;&#x660E;&#x9AD4;,serif"&gt;&#x662F;&#x524D;&#x5E8F;&#x5F0F;&#x55CE;&#xFF1F;&#x70BA;&#x4EC0;&#x9EBC;&#xFF1F;&lt;/span&gt;&lt;/p&gt;&#xD;
&#xD;
&lt;p&gt;&lt;span style="font-family:&#x65B0;&#x7D30;&#x660E;&#x9AD4;,serif"&gt;&#x4E0D;&#x662F;&#x3002;&#x89E3;&#x984C;&#x7684;&#x904E;&#x7A0B;&#x5982;&#x4E0B;:&lt;/span&gt;&lt;/p&gt;&#xD;
&#xD;
&lt;p&gt;1. +(2*4)6*(7-5)&lt;/p&gt;&#xD;
&#xD;
&lt;p&gt;2. +86*2&lt;/p&gt;&#xD;
&#xD;
&lt;p&gt;3. (8+6)*2&lt;/p&gt;&#xD;
&#xD;
&lt;p&gt;4. 14*2&lt;/p&gt;&#xD;
&#xD;
&lt;p&gt;&lt;span style="font-family:&#x65B0;&#x7D30;&#x660E;&#x9AD4;,serif"&gt;&#x5728;&#x6B65;&#x9A5F;&#x56DB;&#x6642;&#x767C;&#x73FE;&#x904B;&#x7B97;&#x5F0F;&#x8B8A;&#x6210;&#x4E2D;&#x5E8F;&#x4E86;&#xFF0C;&#x56E0;&#x6B64;&#x6B64;&#x7B97;&#x5F0F;&#x4E0D;&#x662F;&#x524D;&#x5E8F;&lt;/span&gt;&lt;/p&gt; </content>
  <attach></attach>
  <rcount></rcount>
  <rank></rank>
  <hit>19</hit>
  <lang>1</lang>
</data>
