<?xml version="1.0"?>
<data version="3.0" time="2024-06-30 09:12:30" type="post" filename="b000000018.xml">
  <open_time>0000-00-00</open_time>
  <close_time>0000-00-00</close_time>
  <lang_name>Big5</lang_name>
  <board_id>1001296422</board_id>
  <node>000000018</node>
  <site>1000110001</site>
  <pt>2023-10-31 11:51:01</pt>
  <poster>11120103</poster>
  <realname>&#x6E38;&#x8212;&#x6DB5;  </realname>
  <email>kellyyu024@gmail.com</email>
  <homepage>  </homepage>
  <subject>126 </subject>
  <content>&lt;p&gt;+ * 2 4 6 * - 7 5 &#x4E0D;&#x662F;&#x524D;&#x5E8F;&#x5F0F;&lt;/p&gt;&#xD;
&#xD;
&lt;p&gt;&#x56E0;&#x70BA;&#x5982;&#x679C;&#x628A;&amp;nbsp;+ * 2 4 6 * - 7 5&amp;nbsp;&#x62C6;&#x89E3;&#x70BA;&#x5169;&#x500B;&#x524D;&#x5E8F;&#x5F0F;&amp;nbsp;&#xFF08;&amp;nbsp;+ * 2 4 6 &#xFF09; * &amp;nbsp;&#xFF08; - &amp;nbsp;7 5 &#xFF09;&#xFF0C;&#x4E2D;&#x9593;&#x6703;&#x591A;&#x4E00;&#x500B;*&#x865F;&#xFF0C;&#x5982;&#x679C;&#x662F;&#x524D;&#x5E8F;&#x5F0F;&#x7684;&#x8A71;&#x61C9;&#x70BA; *+ * 2 4 6 - 7 5&lt;/p&gt; </content>
  <attach></attach>
  <rcount></rcount>
  <rank></rank>
  <hit>12</hit>
  <lang>1</lang>
</data>
