<?xml version="1.0"?>
<data version="3.0" time="2024-06-30 09:12:30" type="post" filename="b000000013.xml">
  <open_time>0000-00-00</open_time>
  <close_time>0000-00-00</close_time>
  <lang_name>Big5</lang_name>
  <board_id>1001296422</board_id>
  <node>000000013</node>
  <site>1000110001</site>
  <pt>2023-10-26 23:22:38</pt>
  <poster>11127106</poster>
  <realname>&#x9673;&#x5B50;&#x6602;  </realname>
  <email>leonchen0810@gmail.com</email>
  <homepage>  </homepage>
  <subject>126 </subject>
  <content>&lt;p&gt;+ * 2 4 6 * - 7 5&#x662F;&#x524D;&#x5E8F;&#x5F0F;&#x55CE;&#xFF1F;&#x70BA;&#x4EC0;&#x9EBC;&#xFF1F;&lt;/p&gt;&#xD;
&#xD;
&lt;p&gt;&#x4E0D;&#x662F;&lt;/p&gt;&#xD;
&#xD;
&lt;p&gt;&#x56E0;&#x70BA;&#x5982;&#x679C;&#x4F9D;&#x7167;&#x524D;&#x5E8F;&#x7684;&#x7B97;&#x6CD5;&#x4F86;&#x770B;&#xFF0C;&#x5148;&#x6703;&#x8655;&#x7406; *2 4 &#x5F97;&#x51FA; 8 &#x4E4B;&#x5F8C; &#x6703;&#x8B8A;&#x6210; + 8 6 * - 7 5 &#x96D6;&#x7136; + 8 5 &#x548C;- 7 5&#x90FD;&#x662F;&#x524D;&#x5E8F;&#x5F0F; &#x4F46;&#x662F;&#x5F97;&#x51FA;&#x7D50;&#x679C;&#x5F8C;&#x5C31;&#x6703;&#x8B8A;&#x6210;&lt;/p&gt;&#xD;
&#xD;
&lt;p&gt;14 * 2 &#x9019;&#x500B;&#x5C31;&#x8B8A;&#x4E2D;&#x5E8F;&#x4E86;&lt;/p&gt;&#xD;
&#xD;
&lt;p&gt;&#x4E0D;&#x7B26;&#x5408;&#x524D;&#x5E8F;&#x7684; &amp;lt;&#x904B;&#x7B97;&#x5B50;&amp;gt;&amp;lt;&#x904B;&#x7B97;&#x5143;&amp;gt;&amp;lt;&#x904B;&#x7B97;&#x5143;&amp;gt;&lt;/p&gt; </content>
  <attach></attach>
  <rcount></rcount>
  <rank></rank>
  <hit>14</hit>
  <lang>1</lang>
</data>
