<?xml version="1.0"?>
<data version="3.0" time="2024-06-30 09:13:11" type="post" filename="b000000001.xml">
  <open_time>0000-00-00</open_time>
  <close_time>0000-00-00</close_time>
  <lang_name>Big5</lang_name>
  <board_id>1001296425</board_id>
  <node>000000001</node>
  <site>1000110001</site>
  <pt>2023-11-29 11:16:18</pt>
  <poster>11127116</poster>
  <realname>&#x66FE;&#x8A6E;&#x6DF3;  </realname>
  <email>kevin47338647@gmail.com</email>
  <homepage>  </homepage>
  <subject>214 </subject>
  <content>&lt;p&gt;214. &#x8209;&#x4F8B;&#x8AAA;&#x660E;&#x5408;&#x4F75;&#x6392;&#x5E8F;&#x7684;&#x905E;&#x8FF4;&#x6DF1;&#x5EA6;&#x548C;&#x8CC7;&#x6599;&#x7B46;&#x6578;&#x7684;&#x95DC;&#x4FC2;&#x3002;&lt;/p&gt;&#xD;
&#xD;
&lt;p&gt;&#x5047;&#x8A2D;&#x6709;&#x4E00;&#x500B;&#x5305;&#x542B;8&#x500B;&#x5143;&#x7D20;&#x7684;&#x672A;&#x6392;&#x5E8F;&#x6574;&#x6578;&#x6578;&#x7D44;&#xFF1A;5,3,8,6,2,7,1,4&lt;/p&gt;&#xD;
&#xD;
&lt;ol&gt;&#xD;
	&lt;li&gt;&#xD;
	&lt;p&gt;&lt;strong&gt;&#x521D;&#x59CB;&#x968E;&#x6BB5;&#xFF1A;&lt;/strong&gt;&lt;/p&gt;&#xD;
&#xD;
	&lt;ul&gt;&#xD;
		&lt;li&gt;&#x6211;&#x5011;&#x958B;&#x59CB;&#x6642;&#x6709;&#x4E00;&#x500B;&#x5305;&#x542B;8&#x500B;&#x5143;&#x7D20;&#x7684;&#x6578;&#x7D44;&#x3002;&lt;/li&gt;&#xD;
	&lt;/ul&gt;&#xD;
	&lt;/li&gt;&#xD;
	&lt;li&gt;&#xD;
	&lt;p&gt;&lt;strong&gt;&#x7B2C;&#x4E00;&#x6B21;&#x905E;&#x8FF4;&#xFF1A;&lt;/strong&gt;&lt;/p&gt;&#xD;
&#xD;
	&lt;ul&gt;&#xD;
		&lt;li&gt;&#x6578;&#x7D44;&#x88AB;&#x5206;&#x6210;&#x5169;&#x534A;&#xFF1A;5,3,8,6&amp;nbsp;&#x548C; 2,7,1,4&lt;/li&gt;&#xD;
		&lt;li&gt;&#x6BCF;&#x500B;&#x5B50;&#x6578;&#x7D44;&#x9032;&#x884C;&#x905E;&#x8FF4;&#x6392;&#x5E8F;&#x3002;&lt;/li&gt;&#xD;
	&lt;/ul&gt;&#xD;
	&lt;/li&gt;&#xD;
	&lt;li&gt;&#xD;
	&lt;p&gt;&lt;strong&gt;&#x7B2C;&#x4E8C;&#x6B21;&#x905E;&#x8FF4;&#xFF1A;&lt;/strong&gt;&lt;/p&gt;&#xD;
&#xD;
	&lt;ul&gt;&#xD;
		&lt;li&gt;&#x7B2C;&#x4E00;&#x500B;&#x5B50;&#x6578;&#x7D44;5,3,8,6&#x518D;&#x6B21;&#x88AB;&#x5206;&#x6210;&#x5169;&#x534A;&#xFF1A;5,3&amp;nbsp;&#x548C; 8,6&lt;/li&gt;&#xD;
		&lt;li&gt;&#x7B2C;&#x4E8C;&#x500B;&#x5B50;&#x6578;&#x7D44;2,7,1,4&#x88AB;&#x5206;&#x6210;&#x5169;&#x534A;&#xFF1A;2,7&amp;nbsp;&#x548C; 1,4&lt;/li&gt;&#xD;
		&lt;li&gt;&#x73FE;&#x5728;&#x6709;&#x56DB;&#x500B;&#x5B50;&#x6578;&#x7D44;&#xFF0C;&#x6BCF;&#x500B;&#x5B50;&#x6578;&#x7D44;&#x9032;&#x884C;&#x905E;&#x8FF4;&#x6392;&#x5E8F;&#x3002;&lt;/li&gt;&#xD;
	&lt;/ul&gt;&#xD;
	&lt;/li&gt;&#xD;
	&lt;li&gt;&#xD;
	&lt;p&gt;&lt;strong&gt;&#x7B2C;&#x4E09;&#x6B21;&#x905E;&#x8FF4;&#xFF1A;&#xFF1A;&lt;/strong&gt;&lt;/p&gt;&#xD;
&#xD;
	&lt;ul&gt;&#xD;
		&lt;li&gt;&#x63A5;&#x8005;&#x628A;&#x56DB;&#x500B;&#x7D44;&#x4F9D;&#x4E0A;&#x8FF0;&#x6B65;&#x9A5F;&#x5206;&#x70BA;&#x516B;&#x500B;&#x5B50;&#x7D44;&#x3002;&lt;/li&gt;&#xD;
		&lt;li&gt;&#x6700;&#x5F8C;&#x958B;&#x59CB;return&lt;/li&gt;&#xD;
	&lt;/ul&gt;&#xD;
	&lt;/li&gt;&#xD;
&lt;/ol&gt;&#xD;
&#xD;
&lt;p&gt;&#x5728;&#x9019;&#x500B;&#x4F8B;&#x5B50;&#x4E2D;&#xFF0C;&#x6211;&#x5011;&#x9032;&#x884C;&#x4E86;3&#x6B21;&#x905E;&#x8FF4;&#xFF0C;&#x56E0;&#x70BA;&#x6211;&#x5011;&#x5C07;&#x6578;&#x7D44;&#x62C6;&#x5206;&#x6210;&#x4E86;3&#x5C64;&#x3002;&#x6BCF;&#x4E00;&#x6B21;&#x905E;&#x8FF4;&#x90FD;&#x5C07;&#x6578;&#x7D44;&#x62C6;&#x5206;&#x6210;&#x5169;&#x534A;&#xFF0C;&#x6240;&#x4EE5;&#x905E;&#x8FF4;&#x6DF1;&#x5EA6;&#x53D6;&#x6C7A;&#x65BC;&#x5C0D;&#x6578;&#x7684;&#x5E95;&#x6578;&#xFF0C;&#x4EE5;2&#x70BA;&#x5E95;&#x3002;&#x5C0D;&#x65BC;&#x5305;&#x542B;n&#x500B;&#x5143;&#x7D20;&#x7684;&#x6578;&#x7D44;&#xFF0C;&#x5408;&#x4F75;&#x6392;&#x5E8F;&#x7684;&#x905E;&#x8FF4;&#x6DF1;&#x5EA6;&#x70BA;log&lt;sub&gt;2&lt;/sub&gt;n&#x3002;&lt;/p&gt;&#xD;
&#xD;
&lt;p&gt;&#x56E0;&#x6B64;&#xFF0C;&#x9019;&#x88E1;&#x7684;&#x4F8B;&#x5B50;&#x4E2D;&#xFF0C;8&#x500B;&#x5143;&#x7D20;&#x7684;&#x6578;&#x7D44;&#xFF0C;&#x905E;&#x8FF4;&#x6DF1;&#x5EA6;&#x70BA;log&#x2061;&lt;sub&gt;2&lt;/sub&gt;8=3&#x3002;&lt;/p&gt; </content>
  <attach></attach>
  <rcount></rcount>
  <rank></rank>
  <hit>25</hit>
  <lang>1</lang>
</data>
