<?xml version="1.0"?>
<data version="3.0" time="2024-06-30 09:13:11" type="post" filename="b000000004.xml">
  <open_time>0000-00-00</open_time>
  <close_time>0000-00-00</close_time>
  <lang_name>Big5</lang_name>
  <board_id>1001296425</board_id>
  <node>000000004</node>
  <site>1000110001</site>
  <pt>2023-12-11 19:37:10</pt>
  <poster>11127107</poster>
  <realname>&#x9673;&#x67CF;&#x745C;  </realname>
  <email>evanchen0709@gmail.com</email>
  <homepage>  </homepage>
  <subject>211 </subject>
  <content>&lt;p&gt;&lt;strong&gt;&lt;span style="font-family:Times New Roman,serif"&gt;211. &lt;/span&gt;&lt;/strong&gt;&lt;strong&gt;&lt;span style="font-family:&#x6A19;&#x6977;&#x9AD4;"&gt;&#x8209;&#x4F8B;&#x6BD4;&#x8F03;&#x6C23;&#x6CE1;&#x6392;&#x5E8F;&#x548C;&#x9078;&#x64C7;&#x6392;&#x5E8F;&#x7684;&#x8CC7;&#x6599;&#x4EA4;&#x63DB;&lt;/span&gt;&lt;/strong&gt;&lt;strong&gt;&lt;span style="font-family:Times New Roman,serif"&gt;swap&lt;/span&gt;&lt;/strong&gt;&lt;strong&gt;&lt;span style="font-family:&#x6A19;&#x6977;&#x9AD4;"&gt;&#x6B21;&#x6578;&#xFF0C;&#x4F55;&#x8005;&#x8F03;&#x591A;&#xFF1F;&lt;/span&gt;&lt;/strong&gt;&lt;/p&gt;&#xD;
&#xD;
&lt;p&gt;&lt;span style="font-family:&#x6A19;&#x6977;&#x9AD4;"&gt;&#x7528;&#x4EE5;&#x4E0B;&#x8CC7;&#x6599;&#x70BA;&#x7BC4;&#x4F8B;&#xFF1A;&lt;/span&gt;&lt;strong&gt;&lt;u&gt;&lt;span style="font-family:Times New Roman,serif"&gt;4&lt;/span&gt;&lt;/u&gt;&lt;/strong&gt;&lt;strong&gt;&lt;u&gt;&lt;span style="font-family:&#x6A19;&#x6977;&#x9AD4;"&gt;&#x3001;&lt;/span&gt;&lt;/u&gt;&lt;/strong&gt;&lt;strong&gt;&lt;u&gt;&lt;span style="font-family:Times New Roman,serif"&gt;15&lt;/span&gt;&lt;/u&gt;&lt;/strong&gt;&lt;strong&gt;&lt;u&gt;&lt;span style="font-family:&#x6A19;&#x6977;&#x9AD4;"&gt;&#x3001;&lt;/span&gt;&lt;/u&gt;&lt;/strong&gt;&lt;strong&gt;&lt;u&gt;&lt;span style="font-family:Times New Roman,serif"&gt;8&lt;/span&gt;&lt;/u&gt;&lt;/strong&gt;&lt;strong&gt;&lt;u&gt;&lt;span style="font-family:&#x6A19;&#x6977;&#x9AD4;"&gt;&#x3001;&lt;/span&gt;&lt;/u&gt;&lt;/strong&gt;&lt;strong&gt;&lt;u&gt;&lt;span style="font-family:Times New Roman,serif"&gt;3&lt;/span&gt;&lt;/u&gt;&lt;/strong&gt;&lt;strong&gt;&lt;u&gt;&lt;span style="font-family:&#x6A19;&#x6977;&#x9AD4;"&gt;&#x3001;&lt;/span&gt;&lt;/u&gt;&lt;/strong&gt;&lt;strong&gt;&lt;u&gt;&lt;span style="font-family:Times New Roman,serif"&gt;28&lt;/span&gt;&lt;/u&gt;&lt;/strong&gt;&lt;strong&gt;&lt;u&gt;&lt;span style="font-family:&#x6A19;&#x6977;&#x9AD4;"&gt;&#x3001;&lt;/span&gt;&lt;/u&gt;&lt;/strong&gt;&lt;strong&gt;&lt;u&gt;&lt;span style="font-family:Times New Roman,serif"&gt;21&lt;/span&gt;&lt;/u&gt;&lt;/strong&gt;&lt;/p&gt;&#xD;
&#xD;
&lt;p&gt;&lt;span style="font-family:&#x6A19;&#x6977;&#x9AD4;"&gt;&#x4EE5;&lt;strong&gt;&#x6C23;&#x6CE1;&#x6392;&#x5E8F;&#x6CD5;&lt;/strong&gt;&#x6392;&#x5E8F;&#xFF1A;&lt;/span&gt;&lt;/p&gt;&#xD;
&#xD;
&lt;p&gt;&lt;span style="font-family:Times New Roman,serif"&gt;&amp;nbsp;&amp;nbsp;&amp;nbsp;&amp;nbsp;&amp;nbsp;&amp;nbsp;&amp;nbsp; Origin&lt;/span&gt;&lt;span style="font-family:&#x6A19;&#x6977;&#x9AD4;"&gt;&#xFF1A;&lt;/span&gt;&lt;span style="font-family:Times New Roman,serif"&gt;4&lt;/span&gt;&lt;span style="font-family:&#x6A19;&#x6977;&#x9AD4;"&gt;&#x3001;&lt;/span&gt;&lt;span style="font-family:Times New Roman,serif"&gt;15&lt;/span&gt;&lt;span style="font-family:&#x6A19;&#x6977;&#x9AD4;"&gt;&#x3001;&lt;/span&gt;&lt;span style="font-family:Times New Roman,serif"&gt;8&lt;/span&gt;&lt;span style="font-family:&#x6A19;&#x6977;&#x9AD4;"&gt;&#x3001;&lt;/span&gt;&lt;span style="font-family:Times New Roman,serif"&gt;3&lt;/span&gt;&lt;span style="font-family:&#x6A19;&#x6977;&#x9AD4;"&gt;&#x3001;&lt;/span&gt;&lt;span style="font-family:Times New Roman,serif"&gt;28&lt;/span&gt;&lt;span style="font-family:&#x6A19;&#x6977;&#x9AD4;"&gt;&#x3001;&lt;/span&gt;&lt;span style="font-family:Times New Roman,serif"&gt;21&lt;/span&gt;&lt;/p&gt;&#xD;
&#xD;
&lt;p&gt;&lt;span style="font-family:Times New Roman,serif"&gt;&amp;nbsp;&amp;nbsp;&amp;nbsp;&amp;nbsp;&amp;nbsp;&amp;nbsp;&amp;nbsp; Pass 1&lt;/span&gt;&lt;span style="font-family:&#x6A19;&#x6977;&#x9AD4;"&gt;&#xFF1A;&#xFF08;&#x7531;&#x7B2C;&#x4E00;&#x9805;&#x5224;&#x65B7;&#x5230;&#x7B2C;&#x516D;&#x9805;&#xFF09;&lt;/span&gt;&lt;/p&gt;&#xD;
&#xD;
&lt;p style="margin-left:24.0pt"&gt;&lt;span style="font-family:Times New Roman,serif"&gt;&amp;nbsp;&amp;nbsp;&amp;nbsp;&amp;nbsp;&amp;nbsp;&amp;nbsp;&amp;nbsp; 4&lt;/span&gt;&lt;span style="font-family:&#x6A19;&#x6977;&#x9AD4;"&gt;&#x3001;&lt;/span&gt;&lt;span style="font-family:Times New Roman,serif"&gt;8&lt;/span&gt;&lt;span style="font-family:&#x6A19;&#x6977;&#x9AD4;"&gt;&#x3001;&lt;/span&gt;&lt;span style="font-family:Times New Roman,serif"&gt;15&lt;/span&gt;&lt;span style="font-family:&#x6A19;&#x6977;&#x9AD4;"&gt;&#x3001;&lt;/span&gt;&lt;span style="font-family:Times New Roman,serif"&gt;3&lt;/span&gt;&lt;span style="font-family:&#x6A19;&#x6977;&#x9AD4;"&gt;&#x3001;&lt;/span&gt;&lt;span style="font-family:Times New Roman,serif"&gt;28&lt;/span&gt;&lt;span style="font-family:&#x6A19;&#x6977;&#x9AD4;"&gt;&#x3001;&lt;/span&gt;&lt;span style="font-family:Times New Roman,serif"&gt;21&lt;/span&gt;&lt;span style="font-family:&#x6A19;&#x6977;&#x9AD4;"&gt;&#xFF08;&lt;/span&gt;&lt;span style="font-family:Times New Roman,serif"&gt;15&lt;/span&gt;&lt;span style="font-family:&#x6A19;&#x6977;&#x9AD4;"&gt;&#x3001;&lt;/span&gt;&lt;span style="font-family:Times New Roman,serif"&gt;8 swap&lt;/span&gt;&lt;span style="font-family:&#x6A19;&#x6977;&#x9AD4;"&gt;&#xFF09;&lt;/span&gt;&lt;/p&gt;&#xD;
&#xD;
&lt;p style="margin-left:24.0pt"&gt;&lt;span style="font-family:Times New Roman,serif"&gt;&amp;nbsp;&amp;nbsp;&amp;nbsp;&amp;nbsp;&amp;nbsp;&amp;nbsp;&amp;nbsp; 4&lt;/span&gt;&lt;span style="font-family:&#x6A19;&#x6977;&#x9AD4;"&gt;&#x3001;&lt;/span&gt;&lt;span style="font-family:Times New Roman,serif"&gt;8&lt;/span&gt;&lt;span style="font-family:&#x6A19;&#x6977;&#x9AD4;"&gt;&#x3001;&lt;/span&gt;&lt;span style="font-family:Times New Roman,serif"&gt;3&lt;/span&gt;&lt;span style="font-family:&#x6A19;&#x6977;&#x9AD4;"&gt;&#x3001;&lt;/span&gt;&lt;span style="font-family:Times New Roman,serif"&gt;15&lt;/span&gt;&lt;span style="font-family:&#x6A19;&#x6977;&#x9AD4;"&gt;&#x3001;&lt;/span&gt;&lt;span style="font-family:Times New Roman,serif"&gt;28&lt;/span&gt;&lt;span style="font-family:&#x6A19;&#x6977;&#x9AD4;"&gt;&#x3001;&lt;/span&gt;&lt;span style="font-family:Times New Roman,serif"&gt;21&lt;/span&gt;&lt;span style="font-family:&#x6A19;&#x6977;&#x9AD4;"&gt;&#xFF08;&lt;/span&gt;&lt;span style="font-family:Times New Roman,serif"&gt;15&lt;/span&gt;&lt;span style="font-family:&#x6A19;&#x6977;&#x9AD4;"&gt;&#x3001;&lt;/span&gt;&lt;span style="font-family:Times New Roman,serif"&gt;3 swap&lt;/span&gt;&lt;span style="font-family:&#x6A19;&#x6977;&#x9AD4;"&gt;&#xFF09;&lt;/span&gt;&lt;/p&gt;&#xD;
&#xD;
&lt;p style="margin-left:24.0pt"&gt;&lt;span style="font-family:Times New Roman,serif"&gt;&amp;nbsp;&amp;nbsp;&amp;nbsp;&amp;nbsp;&amp;nbsp;&amp;nbsp;&amp;nbsp; 4&lt;/span&gt;&lt;span style="font-family:&#x6A19;&#x6977;&#x9AD4;"&gt;&#x3001;&lt;/span&gt;&lt;span style="font-family:Times New Roman,serif"&gt;8&lt;/span&gt;&lt;span style="font-family:&#x6A19;&#x6977;&#x9AD4;"&gt;&#x3001;&lt;/span&gt;&lt;span style="font-family:Times New Roman,serif"&gt;3&lt;/span&gt;&lt;span style="font-family:&#x6A19;&#x6977;&#x9AD4;"&gt;&#x3001;&lt;/span&gt;&lt;span style="font-family:Times New Roman,serif"&gt;15&lt;/span&gt;&lt;span style="font-family:&#x6A19;&#x6977;&#x9AD4;"&gt;&#x3001;&lt;/span&gt;&lt;span style="font-family:Times New Roman,serif"&gt;21&lt;/span&gt;&lt;span style="font-family:&#x6A19;&#x6977;&#x9AD4;"&gt;&#x3001;&lt;/span&gt;&lt;span style="font-family:Times New Roman,serif"&gt;28&lt;/span&gt;&lt;span style="font-family:&#x6A19;&#x6977;&#x9AD4;"&gt;&#xFF08;&lt;/span&gt;&lt;span style="font-family:Times New Roman,serif"&gt;21&lt;/span&gt;&lt;span style="font-family:&#x6A19;&#x6977;&#x9AD4;"&gt;&#x3001;&lt;/span&gt;&lt;span style="font-family:Times New Roman,serif"&gt;28 swap&lt;/span&gt;&lt;span style="font-family:&#x6A19;&#x6977;&#x9AD4;"&gt;&#xFF09;&lt;/span&gt;&lt;/p&gt;&#xD;
&#xD;
&lt;p&gt;&lt;span style="font-family:Times New Roman,serif"&gt;&amp;nbsp;&amp;nbsp;&amp;nbsp;&amp;nbsp;&amp;nbsp;&amp;nbsp;&amp;nbsp; Pass 2&lt;/span&gt;&lt;span style="font-family:&#x6A19;&#x6977;&#x9AD4;"&gt;&#xFF1A;&#xFF08;&#x7531;&#x7B2C;&#x4E00;&#x9805;&#x5224;&#x65B7;&#x5230;&#x7B2C;&#x4E94;&#x9805;&#xFF09;&lt;/span&gt;&lt;/p&gt;&#xD;
&#xD;
&lt;p style="margin-left:24.0pt"&gt;&lt;span style="font-family:Times New Roman,serif"&gt;&amp;nbsp;&amp;nbsp;&amp;nbsp;&amp;nbsp;&amp;nbsp;&amp;nbsp;&amp;nbsp; 4&lt;/span&gt;&lt;span style="font-family:&#x6A19;&#x6977;&#x9AD4;"&gt;&#x3001;&lt;/span&gt;&lt;span style="font-family:Times New Roman,serif"&gt;3&lt;/span&gt;&lt;span style="font-family:&#x6A19;&#x6977;&#x9AD4;"&gt;&#x3001;&lt;/span&gt;&lt;span style="font-family:Times New Roman,serif"&gt;8&lt;/span&gt;&lt;span style="font-family:&#x6A19;&#x6977;&#x9AD4;"&gt;&#x3001;&lt;/span&gt;&lt;span style="font-family:Times New Roman,serif"&gt;15&lt;/span&gt;&lt;span style="font-family:&#x6A19;&#x6977;&#x9AD4;"&gt;&#x3001;&lt;/span&gt;&lt;span style="font-family:Times New Roman,serif"&gt;21&lt;/span&gt;&lt;span style="font-family:&#x6A19;&#x6977;&#x9AD4;"&gt;&#x3001;&lt;/span&gt;&lt;span style="font-family:Times New Roman,serif"&gt;28&lt;/span&gt;&lt;span style="font-family:&#x6A19;&#x6977;&#x9AD4;"&gt;&#xFF08;&lt;/span&gt;&lt;span style="font-family:Times New Roman,serif"&gt;8&lt;/span&gt;&lt;span style="font-family:&#x6A19;&#x6977;&#x9AD4;"&gt;&#x3001;&lt;/span&gt;&lt;span style="font-family:Times New Roman,serif"&gt;3 swap&lt;/span&gt;&lt;span style="font-family:&#x6A19;&#x6977;&#x9AD4;"&gt;&#xFF09;&lt;/span&gt;&lt;/p&gt;&#xD;
&#xD;
&lt;p&gt;&lt;span style="font-family:Times New Roman,serif"&gt;&amp;nbsp;&amp;nbsp;&amp;nbsp;&amp;nbsp;&amp;nbsp;&amp;nbsp;&amp;nbsp; Pass 3&lt;/span&gt;&lt;span style="font-family:&#x6A19;&#x6977;&#x9AD4;"&gt;&#xFF1A;&#xFF08;&#x7531;&#x7B2C;&#x4E00;&#x9805;&#x5224;&#x65B7;&#x5230;&#x7B2C;&#x56DB;&#x9805;&#xFF09;&lt;/span&gt;&lt;/p&gt;&#xD;
&#xD;
&lt;p style="margin-left:24.0pt"&gt;&lt;span style="font-family:Times New Roman,serif"&gt;&amp;nbsp;&amp;nbsp;&amp;nbsp;&amp;nbsp;&amp;nbsp;&amp;nbsp;&amp;nbsp; 3&lt;/span&gt;&lt;span style="font-family:&#x6A19;&#x6977;&#x9AD4;"&gt;&#x3001;&lt;/span&gt;&lt;span style="font-family:Times New Roman,serif"&gt;4&lt;/span&gt;&lt;span style="font-family:&#x6A19;&#x6977;&#x9AD4;"&gt;&#x3001;&lt;/span&gt;&lt;span style="font-family:Times New Roman,serif"&gt;8&lt;/span&gt;&lt;span style="font-family:&#x6A19;&#x6977;&#x9AD4;"&gt;&#x3001;&lt;/span&gt;&lt;span style="font-family:Times New Roman,serif"&gt;15&lt;/span&gt;&lt;span style="font-family:&#x6A19;&#x6977;&#x9AD4;"&gt;&#x3001;&lt;/span&gt;&lt;span style="font-family:Times New Roman,serif"&gt;21&lt;/span&gt;&lt;span style="font-family:&#x6A19;&#x6977;&#x9AD4;"&gt;&#x3001;&lt;/span&gt;&lt;span style="font-family:Times New Roman,serif"&gt;28&lt;/span&gt;&lt;span style="font-family:&#x6A19;&#x6977;&#x9AD4;"&gt;&#xFF08;&lt;/span&gt;&lt;span style="font-family:Times New Roman,serif"&gt;3&lt;/span&gt;&lt;span style="font-family:&#x6A19;&#x6977;&#x9AD4;"&gt;&#x3001;&lt;/span&gt;&lt;span style="font-family:Times New Roman,serif"&gt;4 swap&lt;/span&gt;&lt;span style="font-family:&#x6A19;&#x6977;&#x9AD4;"&gt;&#xFF09;&lt;/span&gt;&lt;/p&gt;&#xD;
&#xD;
&lt;p&gt;&lt;span style="font-family:Times New Roman,serif"&gt;&amp;nbsp;&amp;nbsp;&amp;nbsp;&amp;nbsp;&amp;nbsp;&amp;nbsp;&amp;nbsp; Pass 4&lt;/span&gt;&lt;span style="font-family:&#x6A19;&#x6977;&#x9AD4;"&gt;&#xFF1A;&#xFF08;&#x7531;&#x7B2C;&#x4E00;&#x9805;&#x5224;&#x65B7;&#x5230;&#x7B2C;&#x4E09;&#x9805;&#xFF09;&lt;/span&gt;&lt;/p&gt;&#xD;
&#xD;
&lt;p style="margin-left:24.0pt"&gt;&lt;span style="font-family:Times New Roman,serif"&gt;&amp;nbsp;&amp;nbsp;&amp;nbsp;&amp;nbsp;&amp;nbsp;&amp;nbsp;&amp;nbsp; 3&lt;/span&gt;&lt;span style="font-family:&#x6A19;&#x6977;&#x9AD4;"&gt;&#x3001;&lt;/span&gt;&lt;span style="font-family:Times New Roman,serif"&gt;4&lt;/span&gt;&lt;span style="font-family:&#x6A19;&#x6977;&#x9AD4;"&gt;&#x3001;&lt;/span&gt;&lt;span style="font-family:Times New Roman,serif"&gt;8&lt;/span&gt;&lt;span style="font-family:&#x6A19;&#x6977;&#x9AD4;"&gt;&#x3001;&lt;/span&gt;&lt;span style="font-family:Times New Roman,serif"&gt;15&lt;/span&gt;&lt;span style="font-family:&#x6A19;&#x6977;&#x9AD4;"&gt;&#x3001;&lt;/span&gt;&lt;span style="font-family:Times New Roman,serif"&gt;21&lt;/span&gt;&lt;span style="font-family:&#x6A19;&#x6977;&#x9AD4;"&gt;&#x3001;&lt;/span&gt;&lt;span style="font-family:Times New Roman,serif"&gt;28&lt;/span&gt;&lt;span style="font-family:&#x6A19;&#x6977;&#x9AD4;"&gt;&#xFF08;&lt;/span&gt;&lt;span style="font-family:Times New Roman,serif"&gt;no swap&lt;/span&gt;&lt;span style="font-family:&#x6A19;&#x6977;&#x9AD4;"&gt;&#xFF09;&lt;/span&gt;&lt;/p&gt;&#xD;
&#xD;
&lt;p&gt;&lt;span style="font-family:Times New Roman,serif"&gt;&amp;nbsp;&amp;nbsp;&amp;nbsp;&amp;nbsp;&amp;nbsp;&amp;nbsp;&amp;nbsp; Pass 5&lt;/span&gt;&lt;span style="font-family:&#x6A19;&#x6977;&#x9AD4;"&gt;&#xFF1A;&#xFF08;&#x7531;&#x7B2C;&#x4E00;&#x9805;&#x5224;&#x65B7;&#x5230;&#x7B2C;&#x4E8C;&#x9805;&#xFF09;&lt;/span&gt;&lt;/p&gt;&#xD;
&#xD;
&lt;p style="margin-left:24.0pt"&gt;&lt;span style="font-family:Times New Roman,serif"&gt;&amp;nbsp;&amp;nbsp;&amp;nbsp;&amp;nbsp;&amp;nbsp;&amp;nbsp;&amp;nbsp; 3&lt;/span&gt;&lt;span style="font-family:&#x6A19;&#x6977;&#x9AD4;"&gt;&#x3001;&lt;/span&gt;&lt;span style="font-family:Times New Roman,serif"&gt;4&lt;/span&gt;&lt;span style="font-family:&#x6A19;&#x6977;&#x9AD4;"&gt;&#x3001;&lt;/span&gt;&lt;span style="font-family:Times New Roman,serif"&gt;8&lt;/span&gt;&lt;span style="font-family:&#x6A19;&#x6977;&#x9AD4;"&gt;&#x3001;&lt;/span&gt;&lt;span style="font-family:Times New Roman,serif"&gt;15&lt;/span&gt;&lt;span style="font-family:&#x6A19;&#x6977;&#x9AD4;"&gt;&#x3001;&lt;/span&gt;&lt;span style="font-family:Times New Roman,serif"&gt;21&lt;/span&gt;&lt;span style="font-family:&#x6A19;&#x6977;&#x9AD4;"&gt;&#x3001;&lt;/span&gt;&lt;span style="font-family:Times New Roman,serif"&gt;28&lt;/span&gt;&lt;span style="font-family:&#x6A19;&#x6977;&#x9AD4;"&gt;&#xFF08;&lt;/span&gt;&lt;span style="font-family:Times New Roman,serif"&gt;no swap&lt;/span&gt;&lt;span style="font-family:&#x6A19;&#x6977;&#x9AD4;"&gt;&#xFF09;&lt;/span&gt;&lt;/p&gt;&#xD;
&#xD;
&lt;p&gt;&lt;span style="font-family:Times New Roman,serif"&gt;&amp;nbsp;&amp;nbsp;&amp;nbsp;&amp;nbsp;&amp;nbsp;&amp;nbsp;&amp;nbsp; &lt;/span&gt;&lt;span style="font-family:&#x6A19;&#x6977;&#x9AD4;"&gt;&#x4E00;&#x5171;&lt;/span&gt;&lt;span style="font-family:Times New Roman,serif"&gt;5&lt;/span&gt;&lt;span style="font-family:&#x6A19;&#x6977;&#x9AD4;"&gt;&#x6B21;&lt;/span&gt;&lt;span style="font-family:Times New Roman,serif"&gt;swap&lt;/span&gt;&lt;span style="font-family:&#x6A19;&#x6977;&#x9AD4;"&gt;&#x3002;&lt;/span&gt;&lt;/p&gt;&#xD;
&#xD;
&lt;p&gt;&lt;span style="font-family:&#x6A19;&#x6977;&#x9AD4;"&gt;&#x4EE5;&lt;strong&gt;&#x9078;&#x64C7;&#x6392;&#x5E8F;&#x6CD5;&lt;/strong&gt;&#x6392;&#x5E8F;&#xFF1A;&#xFF08;&lt;strong&gt;&#xFF5C;&lt;/strong&gt;&#x70BA;&#x5340;&#x5206;&lt;/span&gt;&lt;span style="font-family:Times New Roman,serif"&gt;sorted&lt;/span&gt;&lt;span style="font-family:&#x6A19;&#x6977;&#x9AD4;"&gt;&#x8207;&lt;/span&gt;&lt;span style="font-family:Times New Roman,serif"&gt;unsorted&lt;/span&gt;&lt;span style="font-family:&#x6A19;&#x6977;&#x9AD4;"&gt;&#x7684;&#x754C;&#x7DDA;&#xFF09;&lt;/span&gt;&lt;/p&gt;&#xD;
&#xD;
&lt;p&gt;&lt;span style="font-family:Times New Roman,serif"&gt;&amp;nbsp;&amp;nbsp;&amp;nbsp;&amp;nbsp;&amp;nbsp;&amp;nbsp;&amp;nbsp; Origin&lt;/span&gt;&lt;span style="font-family:&#x6A19;&#x6977;&#x9AD4;"&gt;&#xFF1A;&lt;strong&gt;&#xFF5C;&lt;/strong&gt;&lt;/span&gt;&lt;span style="font-family:Times New Roman,serif"&gt;4&lt;/span&gt;&lt;span style="font-family:&#x6A19;&#x6977;&#x9AD4;"&gt;&#x3001;&lt;/span&gt;&lt;span style="font-family:Times New Roman,serif"&gt;15&lt;/span&gt;&lt;span style="font-family:&#x6A19;&#x6977;&#x9AD4;"&gt;&#x3001;&lt;/span&gt;&lt;span style="font-family:Times New Roman,serif"&gt;8&lt;/span&gt;&lt;span style="font-family:&#x6A19;&#x6977;&#x9AD4;"&gt;&#x3001;&lt;/span&gt;&lt;span style="font-family:Times New Roman,serif"&gt;3&lt;/span&gt;&lt;span style="font-family:&#x6A19;&#x6977;&#x9AD4;"&gt;&#x3001;&lt;/span&gt;&lt;span style="font-family:Times New Roman,serif"&gt;28&lt;/span&gt;&lt;span style="font-family:&#x6A19;&#x6977;&#x9AD4;"&gt;&#x3001;&lt;/span&gt;&lt;span style="font-family:Times New Roman,serif"&gt;21&lt;/span&gt;&lt;/p&gt;&#xD;
&#xD;
&lt;p&gt;&lt;span style="font-family:Times New Roman,serif"&gt;&amp;nbsp;&amp;nbsp;&amp;nbsp;&amp;nbsp;&amp;nbsp;&amp;nbsp;&amp;nbsp; Pass 1&lt;/span&gt;&lt;span style="font-family:&#x6A19;&#x6977;&#x9AD4;"&gt;&#xFF1A;&#xFF08;&#x9078;&#x64C7;&lt;/span&gt;&lt;span style="font-family:Times New Roman,serif"&gt;3&lt;/span&gt;&lt;span style="font-family:&#x6A19;&#x6977;&#x9AD4;"&gt;&#xFF0C;&lt;/span&gt;&lt;span style="font-family:Times New Roman,serif"&gt;3&lt;/span&gt;&lt;span style="font-family:&#x6A19;&#x6977;&#x9AD4;"&gt;&#x3001;&lt;/span&gt;&lt;span style="font-family:Times New Roman,serif"&gt;4 swap&lt;/span&gt;&lt;span style="font-family:&#x6A19;&#x6977;&#x9AD4;"&gt;&#xFF09;&lt;/span&gt;&lt;/p&gt;&#xD;
&#xD;
&lt;p&gt;&lt;span style="font-family:Times New Roman,serif"&gt;&amp;nbsp;&amp;nbsp;&amp;nbsp;&amp;nbsp;&amp;nbsp;&amp;nbsp;&amp;nbsp;&amp;nbsp;&amp;nbsp;&amp;nbsp;&amp;nbsp;&amp;nbsp;&amp;nbsp;&amp;nbsp;&amp;nbsp; 3&lt;/span&gt;&lt;strong&gt;&lt;span style="font-family:&#x6A19;&#x6977;&#x9AD4;"&gt;&#xFF5C;&lt;/span&gt;&lt;/strong&gt;&lt;span style="font-family:Times New Roman,serif"&gt;15&lt;/span&gt;&lt;span style="font-family:&#x6A19;&#x6977;&#x9AD4;"&gt;&#x3001;&lt;/span&gt;&lt;span style="font-family:Times New Roman,serif"&gt;8&lt;/span&gt;&lt;span style="font-family:&#x6A19;&#x6977;&#x9AD4;"&gt;&#x3001;&lt;/span&gt;&lt;span style="font-family:Times New Roman,serif"&gt;4&lt;/span&gt;&lt;span style="font-family:&#x6A19;&#x6977;&#x9AD4;"&gt;&#x3001;&lt;/span&gt;&lt;span style="font-family:Times New Roman,serif"&gt;28&lt;/span&gt;&lt;span style="font-family:&#x6A19;&#x6977;&#x9AD4;"&gt;&#x3001;&lt;/span&gt;&lt;span style="font-family:Times New Roman,serif"&gt;21&lt;/span&gt;&lt;/p&gt;&#xD;
&#xD;
&lt;p&gt;&lt;span style="font-family:Times New Roman,serif"&gt;&amp;nbsp;&amp;nbsp;&amp;nbsp;&amp;nbsp;&amp;nbsp;&amp;nbsp;&amp;nbsp; Pass 2&lt;/span&gt;&lt;span style="font-family:&#x6A19;&#x6977;&#x9AD4;"&gt;&#xFF1A;&#xFF08;&#x9078;&#x64C7;&lt;/span&gt;&lt;span style="font-family:Times New Roman,serif"&gt;4&lt;/span&gt;&lt;span style="font-family:&#x6A19;&#x6977;&#x9AD4;"&gt;&#xFF0C;&lt;/span&gt;&lt;span style="font-family:Times New Roman,serif"&gt;4&lt;/span&gt;&lt;span style="font-family:&#x6A19;&#x6977;&#x9AD4;"&gt;&#x3001;&lt;/span&gt;&lt;span style="font-family:Times New Roman,serif"&gt;15 swap&lt;/span&gt;&lt;span style="font-family:&#x6A19;&#x6977;&#x9AD4;"&gt;&#xFF09;&lt;/span&gt;&lt;/p&gt;&#xD;
&#xD;
&lt;p&gt;&lt;span style="font-family:Times New Roman,serif"&gt;&amp;nbsp;&amp;nbsp;&amp;nbsp;&amp;nbsp;&amp;nbsp;&amp;nbsp;&amp;nbsp;&amp;nbsp;&amp;nbsp;&amp;nbsp;&amp;nbsp;&amp;nbsp;&amp;nbsp;&amp;nbsp;&amp;nbsp; 3&lt;/span&gt;&lt;span style="font-family:&#x6A19;&#x6977;&#x9AD4;"&gt;&#x3001;&lt;/span&gt;&lt;span style="font-family:Times New Roman,serif"&gt;4&lt;/span&gt;&lt;strong&gt;&lt;span style="font-family:&#x6A19;&#x6977;&#x9AD4;"&gt;&#xFF5C;&lt;/span&gt;&lt;/strong&gt;&lt;span style="font-family:Times New Roman,serif"&gt;8&lt;/span&gt;&lt;span style="font-family:&#x6A19;&#x6977;&#x9AD4;"&gt;&#x3001;&lt;/span&gt;&lt;span style="font-family:Times New Roman,serif"&gt;15&lt;/span&gt;&lt;span style="font-family:&#x6A19;&#x6977;&#x9AD4;"&gt;&#x3001;&lt;/span&gt;&lt;span style="font-family:Times New Roman,serif"&gt;28&lt;/span&gt;&lt;span style="font-family:&#x6A19;&#x6977;&#x9AD4;"&gt;&#x3001;&lt;/span&gt;&lt;span style="font-family:Times New Roman,serif"&gt;21&lt;/span&gt;&lt;/p&gt;&#xD;
&#xD;
&lt;p&gt;&lt;span style="font-family:Times New Roman,serif"&gt;&amp;nbsp;&amp;nbsp;&amp;nbsp;&amp;nbsp;&amp;nbsp;&amp;nbsp;&amp;nbsp; Pass 3&lt;/span&gt;&lt;span style="font-family:&#x6A19;&#x6977;&#x9AD4;"&gt;&#xFF1A;&#xFF08;&#x9078;&#x64C7;&lt;/span&gt;&lt;span style="font-family:Times New Roman,serif"&gt;8&lt;/span&gt;&lt;span style="font-family:&#x6A19;&#x6977;&#x9AD4;"&gt;&#xFF0C;&lt;/span&gt;&lt;span style="font-family:Times New Roman,serif"&gt;no swap&lt;/span&gt;&lt;span style="font-family:&#x6A19;&#x6977;&#x9AD4;"&gt;&#xFF09;&lt;/span&gt;&lt;/p&gt;&#xD;
&#xD;
&lt;p&gt;&lt;span style="font-family:Times New Roman,serif"&gt;&amp;nbsp;&amp;nbsp;&amp;nbsp;&amp;nbsp;&amp;nbsp;&amp;nbsp;&amp;nbsp;&amp;nbsp;&amp;nbsp;&amp;nbsp;&amp;nbsp;&amp;nbsp;&amp;nbsp;&amp;nbsp;&amp;nbsp; 3&lt;/span&gt;&lt;span style="font-family:&#x6A19;&#x6977;&#x9AD4;"&gt;&#x3001;&lt;/span&gt;&lt;span style="font-family:Times New Roman,serif"&gt;4&lt;/span&gt;&lt;span style="font-family:&#x6A19;&#x6977;&#x9AD4;"&gt;&#x3001;&lt;/span&gt;&lt;span style="font-family:Times New Roman,serif"&gt;8&lt;/span&gt;&lt;strong&gt;&lt;span style="font-family:&#x6A19;&#x6977;&#x9AD4;"&gt;&#xFF5C;&lt;/span&gt;&lt;/strong&gt;&lt;span style="font-family:Times New Roman,serif"&gt;15&lt;/span&gt;&lt;span style="font-family:&#x6A19;&#x6977;&#x9AD4;"&gt;&#x3001;&lt;/span&gt;&lt;span style="font-family:Times New Roman,serif"&gt;28&lt;/span&gt;&lt;span style="font-family:&#x6A19;&#x6977;&#x9AD4;"&gt;&#x3001;&lt;/span&gt;&lt;span style="font-family:Times New Roman,serif"&gt;21&lt;/span&gt;&lt;/p&gt;&#xD;
&#xD;
&lt;p&gt;&lt;span style="font-family:Times New Roman,serif"&gt;&amp;nbsp;&amp;nbsp;&amp;nbsp;&amp;nbsp;&amp;nbsp;&amp;nbsp;&amp;nbsp; Pass 4&lt;/span&gt;&lt;span style="font-family:&#x6A19;&#x6977;&#x9AD4;"&gt;&#xFF1A;&#xFF08;&#x9078;&#x64C7;&lt;/span&gt;&lt;span style="font-family:Times New Roman,serif"&gt;15&lt;/span&gt;&lt;span style="font-family:&#x6A19;&#x6977;&#x9AD4;"&gt;&#xFF0C;&lt;/span&gt;&lt;span style="font-family:Times New Roman,serif"&gt;no swap&lt;/span&gt;&lt;span style="font-family:&#x6A19;&#x6977;&#x9AD4;"&gt;&#xFF09;&lt;/span&gt;&lt;/p&gt;&#xD;
&#xD;
&lt;p&gt;&lt;span style="font-family:Times New Roman,serif"&gt;&amp;nbsp;&amp;nbsp;&amp;nbsp;&amp;nbsp;&amp;nbsp;&amp;nbsp;&amp;nbsp;&amp;nbsp;&amp;nbsp;&amp;nbsp;&amp;nbsp;&amp;nbsp;&amp;nbsp;&amp;nbsp;&amp;nbsp; 3&lt;/span&gt;&lt;span style="font-family:&#x6A19;&#x6977;&#x9AD4;"&gt;&#x3001;&lt;/span&gt;&lt;span style="font-family:Times New Roman,serif"&gt;4&lt;/span&gt;&lt;span style="font-family:&#x6A19;&#x6977;&#x9AD4;"&gt;&#x3001;&lt;/span&gt;&lt;span style="font-family:Times New Roman,serif"&gt;8&lt;/span&gt;&lt;span style="font-family:&#x6A19;&#x6977;&#x9AD4;"&gt;&#x3001;&lt;/span&gt;&lt;span style="font-family:Times New Roman,serif"&gt;15&lt;/span&gt;&lt;strong&gt;&lt;span style="font-family:&#x6A19;&#x6977;&#x9AD4;"&gt;&#xFF5C;&lt;/span&gt;&lt;/strong&gt;&lt;span style="font-family:Times New Roman,serif"&gt;28&lt;/span&gt;&lt;span style="font-family:&#x6A19;&#x6977;&#x9AD4;"&gt;&#x3001;&lt;/span&gt;&lt;span style="font-family:Times New Roman,serif"&gt;21&lt;/span&gt;&lt;/p&gt;&#xD;
&#xD;
&lt;p&gt;&lt;span style="font-family:Times New Roman,serif"&gt;&amp;nbsp;&amp;nbsp;&amp;nbsp;&amp;nbsp;&amp;nbsp;&amp;nbsp;&amp;nbsp; Pass 5&lt;/span&gt;&lt;span style="font-family:&#x6A19;&#x6977;&#x9AD4;"&gt;&#xFF1A;&#xFF08;&#x9078;&#x64C7;&lt;/span&gt;&lt;span style="font-family:Times New Roman,serif"&gt;21&lt;/span&gt;&lt;span style="font-family:&#x6A19;&#x6977;&#x9AD4;"&gt;&#xFF0C;&lt;/span&gt;&lt;span style="font-family:Times New Roman,serif"&gt;28&lt;/span&gt;&lt;span style="font-family:&#x6A19;&#x6977;&#x9AD4;"&gt;&#x3001;&lt;/span&gt;&lt;span style="font-family:Times New Roman,serif"&gt;21 swap&lt;/span&gt;&lt;span style="font-family:&#x6A19;&#x6977;&#x9AD4;"&gt;&#xFF09;&lt;/span&gt;&lt;/p&gt;&#xD;
&#xD;
&lt;p&gt;&lt;span style="font-family:Times New Roman,serif"&gt;&amp;nbsp;&amp;nbsp;&amp;nbsp;&amp;nbsp;&amp;nbsp;&amp;nbsp;&amp;nbsp;&amp;nbsp;&amp;nbsp;&amp;nbsp;&amp;nbsp;&amp;nbsp;&amp;nbsp;&amp;nbsp;&amp;nbsp; 3&lt;/span&gt;&lt;span style="font-family:&#x6A19;&#x6977;&#x9AD4;"&gt;&#x3001;&lt;/span&gt;&lt;span style="font-family:Times New Roman,serif"&gt;4&lt;/span&gt;&lt;span style="font-family:&#x6A19;&#x6977;&#x9AD4;"&gt;&#x3001;&lt;/span&gt;&lt;span style="font-family:Times New Roman,serif"&gt;8&lt;/span&gt;&lt;span style="font-family:&#x6A19;&#x6977;&#x9AD4;"&gt;&#x3001;&lt;/span&gt;&lt;span style="font-family:Times New Roman,serif"&gt;15&lt;/span&gt;&lt;span style="font-family:&#x6A19;&#x6977;&#x9AD4;"&gt;&#x3001;&lt;/span&gt;&lt;span style="font-family:Times New Roman,serif"&gt;21&lt;/span&gt;&lt;strong&gt;&lt;span style="font-family:&#x6A19;&#x6977;&#x9AD4;"&gt;&#xFF5C;&lt;/span&gt;&lt;/strong&gt;&lt;span style="font-family:Times New Roman,serif"&gt;28&lt;/span&gt;&lt;/p&gt;&#xD;
&#xD;
&lt;p&gt;&lt;span style="font-family:Times New Roman,serif"&gt;&amp;nbsp;&amp;nbsp;&amp;nbsp;&amp;nbsp;&amp;nbsp;&amp;nbsp;&amp;nbsp; Pass 6&lt;/span&gt;&lt;span style="font-family:&#x6A19;&#x6977;&#x9AD4;"&gt;&#xFF1A;&#xFF08;&#x9078;&#x64C7;&lt;/span&gt;&lt;span style="font-family:Times New Roman,serif"&gt;28&lt;/span&gt;&lt;span style="font-family:&#x6A19;&#x6977;&#x9AD4;"&gt;&#xFF0C;&lt;/span&gt;&lt;span style="font-family:Times New Roman,serif"&gt;no swap&lt;/span&gt;&lt;span style="font-family:&#x6A19;&#x6977;&#x9AD4;"&gt;&#xFF09;&lt;/span&gt;&lt;/p&gt;&#xD;
&#xD;
&lt;p&gt;&lt;span style="font-family:Times New Roman,serif"&gt;&amp;nbsp;&amp;nbsp;&amp;nbsp;&amp;nbsp;&amp;nbsp;&amp;nbsp;&amp;nbsp;&amp;nbsp;&amp;nbsp;&amp;nbsp;&amp;nbsp;&amp;nbsp;&amp;nbsp;&amp;nbsp;&amp;nbsp; 3&lt;/span&gt;&lt;span style="font-family:&#x6A19;&#x6977;&#x9AD4;"&gt;&#x3001;&lt;/span&gt;&lt;span style="font-family:Times New Roman,serif"&gt;4&lt;/span&gt;&lt;span style="font-family:&#x6A19;&#x6977;&#x9AD4;"&gt;&#x3001;&lt;/span&gt;&lt;span style="font-family:Times New Roman,serif"&gt;8&lt;/span&gt;&lt;span style="font-family:&#x6A19;&#x6977;&#x9AD4;"&gt;&#x3001;&lt;/span&gt;&lt;span style="font-family:Times New Roman,serif"&gt;15&lt;/span&gt;&lt;span style="font-family:&#x6A19;&#x6977;&#x9AD4;"&gt;&#x3001;&lt;/span&gt;&lt;span style="font-family:Times New Roman,serif"&gt;21&lt;/span&gt;&lt;span style="font-family:&#x6A19;&#x6977;&#x9AD4;"&gt;&#x3001;&lt;/span&gt;&lt;span style="font-family:Times New Roman,serif"&gt;28&lt;/span&gt;&lt;strong&gt;&lt;span style="font-family:&#x6A19;&#x6977;&#x9AD4;"&gt;&#xFF5C;&lt;/span&gt;&lt;/strong&gt;&lt;/p&gt;&#xD;
&#xD;
&lt;p&gt;&amp;nbsp;&amp;nbsp;&amp;nbsp;&amp;nbsp;&amp;nbsp;&amp;nbsp;&amp;nbsp; &lt;span style="font-family:&#x6A19;&#x6977;&#x9AD4;"&gt;&#x4E00;&#x5171;&lt;/span&gt;&lt;span style="font-family:Times New Roman,serif"&gt;3&lt;/span&gt;&lt;span style="font-family:&#x6A19;&#x6977;&#x9AD4;"&gt;&#x6B21;&lt;/span&gt;&lt;span style="font-family:Times New Roman,serif"&gt;swap&lt;/span&gt;&lt;span style="font-family:&#x6A19;&#x6977;&#x9AD4;"&gt;&#x3002;&lt;/span&gt;&lt;/p&gt;&#xD;
&#xD;
&lt;p&gt;&lt;span style="font-family:&#x6A19;&#x6977;&#x9AD4;"&gt;&#x7531;&#x7BC4;&#x4F8B;&#xFF1A;&lt;/span&gt;&lt;strong&gt;&lt;u&gt;&lt;span style="font-family:Times New Roman,serif"&gt;4&lt;/span&gt;&lt;/u&gt;&lt;/strong&gt;&lt;strong&gt;&lt;u&gt;&lt;span style="font-family:&#x6A19;&#x6977;&#x9AD4;"&gt;&#x3001;&lt;/span&gt;&lt;/u&gt;&lt;/strong&gt;&lt;strong&gt;&lt;u&gt;&lt;span style="font-family:Times New Roman,serif"&gt;15&lt;/span&gt;&lt;/u&gt;&lt;/strong&gt;&lt;strong&gt;&lt;u&gt;&lt;span style="font-family:&#x6A19;&#x6977;&#x9AD4;"&gt;&#x3001;&lt;/span&gt;&lt;/u&gt;&lt;/strong&gt;&lt;strong&gt;&lt;u&gt;&lt;span style="font-family:Times New Roman,serif"&gt;8&lt;/span&gt;&lt;/u&gt;&lt;/strong&gt;&lt;strong&gt;&lt;u&gt;&lt;span style="font-family:&#x6A19;&#x6977;&#x9AD4;"&gt;&#x3001;&lt;/span&gt;&lt;/u&gt;&lt;/strong&gt;&lt;strong&gt;&lt;u&gt;&lt;span style="font-family:Times New Roman,serif"&gt;3&lt;/span&gt;&lt;/u&gt;&lt;/strong&gt;&lt;strong&gt;&lt;u&gt;&lt;span style="font-family:&#x6A19;&#x6977;&#x9AD4;"&gt;&#x3001;&lt;/span&gt;&lt;/u&gt;&lt;/strong&gt;&lt;strong&gt;&lt;u&gt;&lt;span style="font-family:Times New Roman,serif"&gt;28&lt;/span&gt;&lt;/u&gt;&lt;/strong&gt;&lt;strong&gt;&lt;u&gt;&lt;span style="font-family:&#x6A19;&#x6977;&#x9AD4;"&gt;&#x3001;&lt;/span&gt;&lt;/u&gt;&lt;/strong&gt;&lt;strong&gt;&lt;u&gt;&lt;span style="font-family:Times New Roman,serif"&gt;21&lt;/span&gt;&lt;/u&gt;&lt;/strong&gt;&lt;span style="font-family:&#x6A19;&#x6977;&#x9AD4;"&gt;&#x4F86;&#x63A8;&#x5C0E;&#x6C23;&#x6CE1;&#x6392;&#x5E8F;&#x548C;&#x9078;&#x64C7;&#x6392;&#x5E8F;&#xFF0C;&#x53EF;&#x4EE5;&#x770B;&#x5230;&#x6C23;&#x6CE1;&#x6392;&#x5E8F;&#x7684;&lt;/span&gt;&lt;span style="font-family:Times New Roman,serif"&gt;swap&lt;/span&gt;&lt;span style="font-family:&#x6A19;&#x6977;&#x9AD4;"&gt;&#x6B21;&#x6578;&lt;strong&gt;&#x591A;&#x65BC;&lt;/strong&gt;&#x9078;&#x64C7;&#x6392;&#x5E8F;&lt;/span&gt;&lt;/p&gt; </content>
  <attach></attach>
  <rcount></rcount>
  <rank></rank>
  <hit>10</hit>
  <lang>1</lang>
</data>
