<?xml version="1.0"?>
<data version="3.0" time="2024-06-30 09:15:30" type="post" filename="b000000014.xml">
  <open_time>0000-00-00</open_time>
  <close_time>0000-00-00</close_time>
  <lang_name>Big5</lang_name>
  <board_id>1001162647</board_id>
  <node>000000014</node>
  <site>1000110001</site>
  <pt>2022-09-29 01:26:00</pt>
  <poster>11020105</poster>
  <realname>&#x7C21;&#x5065;&#x6D32;  </realname>
  <email>jay0982854390@gmail.com</email>
  <homepage>  </homepage>
  <subject>110. &#x4F5C;&#x696D;&#x4E8C;&#x975C;&#x614B;&#x9663;&#x5217;&#x548C;&#x52D5;&#x614B;&#x9663;&#x5217;&#x6709;&#x4F55;&#x5DEE;&#x7570;&#xFF1F;&#x6307;&#x51FA;&#x5176;&#x512A;&#x7F3A;&#x9EDE;&#x3002;* </subject>
  <content>&lt;p&gt;&#x975C;&#x614B;&#x9663;&#x5217;:&#x5728;&#x7DE8;&#x8B6F;&#x968E;&#x6BB5;&#x6642;&#xFF0C;&#x5927;&#x5C0F;&#x5C31;&#x5DF2;&#x7D93;&#x6C7A;&#x5B9A;&#x597D;&#xFF0C;&#x56E0;&#x6B64;&#x7D93;&#x5E38;&#x9020;&#x6210;&#x8F38;&#x5165;&#x7684;&#x8CC7;&#x6599;&#x6578;&#x5927;&#x65BC;&#x6216;&#x5C0F;&#x65BC;&#x6B64;&#x9663;&#x5217;&#x7684;&#x5927;&#x5C0F;&#xFF0C;&#x800C;&#x9020;&#x6210;&#x8A18;&#x61B6;&#x9AD4;&#x4E0A;&#x7684;&#x6D6A;&#x8CBB;&#xFF0C;&#x4F46;&#x6BD4;&#x8D77;&#x52D5;&#x614B;&#x9663;&#x5217;&#xFF0C;&#x5728;&#x57F7;&#x884C;&#x7D50;&#x675F;&#x5F8C;&#x6703;&#x81EA;&#x52D5;&#x91CB;&#x653E;&#x8A18;&#x61B6;&#x9AD4;, &#x6548;&#x7387;&#x8F03;&#x9AD8;&#x3002;&lt;/p&gt;&#xD;
&#xD;
&lt;p&gt;&#x52D5;&#x614B;&#x9663;&#x5217;:&#x5728;&#x57F7;&#x884C;&#x968E;&#x6BB5;&#x6839;&#x64DA;&#x9700;&#x8981;&#x4F86;&#x64F4;&#x5145;&#x9663;&#x5217;&#x5927;&#x5C0F;&#x4EE5;&#x514D;&#x4F54;&#x7528;&#x591A;&#x65BC;&#x8A18;&#x61B6;&#x9AD4;&#xFF0C;&#x4F46;&#x4F7F;&#x7528;&#x5B8C;&#x5F8C;&#x4ECD;&#x9700;&#x7531;&#x81EA;&#x5DF1;&#x5C07;&#x5176;delete&#x91CB;&#x653E;&#xFF0C;&#x4E0D;&#x7136;&#x53EF;&#x80FD;&#x5C0E;&#x81F4;&#x8A18;&#x61B6;&#x9AD4;&#x6D29;&#x6F0F;&#x3002;&lt;/p&gt; </content>
  <attach></attach>
  <rcount></rcount>
  <rank></rank>
  <hit>33</hit>
  <lang>1</lang>
</data>
