<?xml version="1.0"?>
<data version="3.0" time="2024-06-30 09:15:30" type="post" filename="b000000004000000003.xml">
  <open_time>0000-00-00</open_time>
  <close_time>0000-00-00</close_time>
  <lang_name>Big5</lang_name>
  <board_id>1001162647</board_id>
  <node>000000004000000003</node>
  <site>1000110001</site>
  <pt>2022-09-26 22:33:49</pt>
  <poster>11027113</poster>
  <realname>&#x5442;&#x5B63;&#x8ED2;  </realname>
  <email>samlu0509@gmail.com</email>
  <homepage>  </homepage>
  <subject>Re: 107. &#x4F5C;&#x696D;&#x4E8C;&#x63A1;&#x7528;&#x4EC0;&#x9EBC;&#x8CC7;&#x6599;&#x7D50;&#x69CB;&#x5132;&#x5B58;&#x8B80;&#x5165;&#x8CC7;&#x6599;&#xFF0C;&#x9808;&#x8AAA;&#x660E;&#x539F;&#x56E0;&#x3002;*  </subject>
  <content>&lt;p&gt;new b !&lt;/p&gt; </content>
  <attach></attach>
  <rcount></rcount>
  <rank></rank>
  <hit>1</hit>
  <lang>1</lang>
</data>
