<?xml version="1.0"?>
<data version="3.0" time="2024-06-30 09:15:30" type="post" filename="b000000010.xml">
  <open_time>0000-00-00</open_time>
  <close_time>0000-00-00</close_time>
  <lang_name>Big5</lang_name>
  <board_id>1001162647</board_id>
  <node>000000010</node>
  <site>1000110001</site>
  <pt>2022-09-26 22:47:23</pt>
  <poster>11027121</poster>
  <realname>&#x66FE;&#x5D07;&#x8F14;  </realname>
  <email>elvis920419@gmail.com</email>
  <homepage>  </homepage>
  <subject>109. &#x5982;&#x4F55;&#x5E6B;&#x9663;&#x5217;&#x5143;&#x7D20;&#x8A2D;&#x5B9A;&#x975E;&#x96F6;&#x7684;&#x521D;&#x59CB;&#x503C;&#xFF1F;&#x9808;&#x5BEB;&#x51FA;C++&#x7A0B;&#x5F0F;&#x78BC;&#x3002; </subject>
  <content>&lt;p&gt;&#x5BA3;&#x544A;&#x9663;&#x5217;&#x4E4B;&#x5F8C;&#x82E5;&#x6C92;&#x6709;&#x8A2D;&#x5B9A;&#x503C;&#xFF0C;&#x5247;&#x6574;&#x6578;&#x9663;&#x5217;&#x4E2D;&#x7684;&#x5143;&#x7D20;&#x521D;&#x59CB;&#x70BA;0&#xFF0C;&#x6D6E;&#x9EDE;&#x6578;&#x9663;&#x5217;&#x70BA;0.0&#xFF0C;&#x5B57;&#x5143;&#x9663;&#x5217;&#x70BA;&#x7A7A;&#x5B57;&#x5143;&#xFF0C;&#x5E03;&#x6797;&#x9663;&#x5217;&#x70BA;&amp;nbsp;false&lt;/p&gt;&#xD;
&#xD;
&lt;p&gt;&#x53EF;&#x4EE5;&#x5728;&#x5BA3;&#x544A;&#x9663;&#x5217;&#x6642;&#x521D;&#x59CB;&#x6240;&#x6709;&#x7684;&#x9663;&#x5217;&#x503C;&#xFF0C;&#x4F8B;&#x5982;&#xFF1A;&lt;/p&gt;&#xD;
&#xD;
&lt;p&gt;&amp;nbsp;&amp;nbsp;int num[5] = {0, 1, 2, 3, 4};&lt;/p&gt;&#xD;
&#xD;
&lt;p&gt;&amp;nbsp;&amp;nbsp;char letter[5] = {&amp;#39;A&amp;#39;, &amp;#39;B&amp;#39;, &amp;#39;C&amp;#39;, &amp;#39;D&amp;#39;, &amp;#39;E&amp;#39;};&lt;/p&gt; </content>
  <attach></attach>
  <rcount></rcount>
  <rank></rank>
  <hit>28</hit>
  <lang>1</lang>
</data>
