<?xml version="1.0"?>
<data version="3.0" time="2024-06-30 09:15:30" type="post" filename="b000000023.xml">
  <open_time>0000-00-00</open_time>
  <close_time>0000-00-00</close_time>
  <lang_name>Big5</lang_name>
  <board_id>1001162647</board_id>
  <node>000000023</node>
  <site>1000110001</site>
  <pt>2022-10-02 11:03:38</pt>
  <poster>11027164</poster>
  <realname>&#x8D99;&#x6021;&#x5112;  </realname>
  <email>zxc20011026@gmail.com</email>
  <homepage>  </homepage>
  <subject>110. &#x4F5C;&#x696D;&#x4E8C;&#x975C;&#x614B;&#x9663;&#x5217;&#x548C;&#x52D5;&#x614B;&#x9663;&#x5217;&#x6709;&#x4F55;&#x5DEE;&#x7570;&#xFF1F;&#x6307;&#x51FA;&#x5176;&#x512A;&#x7F3A;&#x9EDE;&#x3002;* </subject>
  <content>&lt;p&gt;&#x975C;&#x614B;&#x9663;&#x5217;:&#x5132;&#x5B58;&#x5728;&#x68E7;&#x4E0A;&#xFF0C;&#x6703;&#x81EA;&#x52D5;&#x91CB;&#x653E;&#xFF0C;&#x6548;&#x7387;&#x9AD8;&#x3002;&#x4F46;&#x662F;&#x5B9A;&#x7FA9;&#x6642;&#x5C31;&#x56FA;&#x5B9A;&#x5927;&#x5C0F;&#xFF0C;&#x81EA;&#x7531;&#x5EA6;&#x4F4E;&#x3002;&lt;/p&gt;&#xD;
&#xD;
&lt;p&gt;&#x52D5;&#x614B;&#x9663;&#x5217;:&#x5132;&#x5B58;&#x5728;&#x5806;&#x4E0A;&#xFF0C;&#x4E0D;&#x6703;&#x81EA;&#x52D5;&#x91CB;&#x653E;&#xFF0C;&#x9700;&#x8981;&#x4F7F;&#x7528;&#x8005;&#x81EA;&#x884C;delete&#xFF0C;&#x6548;&#x7387;&#x8F03;&#x4F4E;&#x3002;&#x4F46;&#x5927;&#x5C0F;&#x53EF;&#x7528;new&#x81EA;&#x7531;&#x5B9A;&#x7FA9;&#xFF0C;&#x81EA;&#x7531;&#x5EA6;&#x9AD8;&#x3002;&lt;/p&gt; </content>
  <attach></attach>
  <rcount></rcount>
  <rank></rank>
  <hit>35</hit>
  <lang>1</lang>
</data>
