<?xml version="1.0"?>
<data version="3.0" time="2024-06-30 09:15:30" type="post" filename="b000000019000000001.xml">
  <open_time>0000-00-00</open_time>
  <close_time>0000-00-00</close_time>
  <lang_name>Big5</lang_name>
  <board_id>1001162647</board_id>
  <node>000000019000000001</node>
  <site>1000110001</site>
  <pt>2022-10-01 15:55:27</pt>
  <poster>11027149</poster>
  <realname>&#x6E38;&#x5A55;&#x6B46;  </realname>
  <email>xin090918@gmail.com</email>
  <homepage>  </homepage>
  <subject>Re: 108. &#x82E5;&#x905E;&#x8FF4;&#x5230;&#x67D0;&#x5C64;&#x5C31;&#x7570;&#x5E38;&#x7D42;&#x6B62;&#xFF0C;&#x8981;&#x5982;&#x4F55;&#x5F37;&#x5236;&#x5B83;&#x7E7C;&#x7E8C;&#x57F7;&#x884C;&#x5230;&#x4E0B;&#x4E00;&#x5C64;&#xFF1F;  </subject>
  <content>&lt;p&gt;&#x5B78;&#x5230;&#x4E86;&#x5982;&#x4F55;&#x589E;&#x52A0;&#x5806;&#x758A;&#x7A7A;&#x9593;&#x7684;&#x65B9;&#x6CD5;&#x4E86;&#xFF01;&#x4E0B;&#x6B21;&#x9047;&#x5230;&#x9019;&#x7A2E;&#x60C5;&#x6CC1;&#x53EF;&#x4EE5;&#x8A66;&#x770B;&#x770B;&lt;/p&gt; </content>
  <attach></attach>
  <rcount></rcount>
  <rank></rank>
  <hit>1</hit>
  <lang>1</lang>
</data>
