<?xml version="1.0"?>
<data version="3.0" time="2024-06-30 09:15:30" type="post" filename="b000000007000000001.xml">
  <open_time>0000-00-00</open_time>
  <close_time>0000-00-00</close_time>
  <lang_name>Big5</lang_name>
  <board_id>1001162647</board_id>
  <node>000000007000000001</node>
  <site>1000110001</site>
  <pt>2022-09-25 17:57:40</pt>
  <poster>11813</poster>
  <realname>&#x5433;&#x5B9C;&#x9D3B;  </realname>
  <email>yhwu@cycu.edu.tw</email>
  <homepage>https://www.researchgate.net/profile/Yi-Hung-Wu-2  </homepage>
  <subject>Re: 109. &#x5982;&#x4F55;&#x5E6B;&#x9663;&#x5217;&#x5143;&#x7D20;&#x8A2D;&#x5B9A;&#x975E;&#x96F6;&#x7684;&#x521D;&#x59CB;&#x503C;&#xFF1F;&#x9808;&#x5BEB;&#x51FA;C++&#x7A0B;&#x5F0F;&#x78BC;&#x3002;  </subject>
  <content>&lt;p&gt;&lt;span style="color:#b22222"&gt;&#x5927;&#x6982;&#x6709;&#x9EDE;&#x8AA4;&#x89E3;&#x984C;&#x610F;&#xFF0C;&#x9663;&#x5217;&amp;quot;&#x901A;&#x5E38;&amp;quot;&#x662F;&#x7528;&#x4F86;&#x5B58;&#x653E;&lt;strong&gt;&#x8D85;&#x904E;&#x4E00;&#x500B;&#x4EE5;&#x4E0A;&#x7684;&lt;/strong&gt;&#x5143;&#x7D20;&#xFF0C;&#x6240;&#x4EE5;&#xFF0C;&#x984C;&#x76EE;&#x662F;&#x554F;&#x5982;&#x4F55;&#x5E6B;&lt;strong&gt;&#x8D85;&#x904E;&#x4E00;&#x500B;&#x4EE5;&#x4E0A;&#x7684;&lt;/strong&gt;&#x9663;&#x5217;&#x5143;&#x7D20;&#x8A2D;&#x5B9A;&#x975E;&#x96F6;&#x7684;&#x521D;&#x59CB;&#x503C;&#x3002;&lt;/span&gt;&lt;/p&gt; </content>
  <attach></attach>
  <rcount></rcount>
  <rank></rank>
  <hit>1</hit>
  <lang>1</lang>
</data>
