<?xml version="1.0"?>
<data version="3.0" time="2024-06-30 09:15:30" type="post" filename="b000000016.xml">
  <open_time>0000-00-00</open_time>
  <close_time>0000-00-00</close_time>
  <lang_name>Big5</lang_name>
  <board_id>1001162647</board_id>
  <node>000000016</node>
  <site>1000110001</site>
  <pt>2022-09-29 12:45:20</pt>
  <poster>11020136</poster>
  <realname>&#x912D;&#x7D5C;&#x99A8;  </realname>
  <email>a0979562647@gmail.com</email>
  <homepage> </homepage>
  <subject>110. &#x4F5C;&#x696D;&#x4E8C;&#x975C;&#x614B;&#x9663;&#x5217;&#x548C;&#x52D5;&#x614B;&#x9663;&#x5217;&#x6709;&#x4F55;&#x5DEE;&#x7570;&#xFF1F;&#x6307;&#x51FA;&#x5176;&#x512A;&#x7F3A;&#x9EDE;&#x3002;* </subject>
  <content>&lt;p&gt;&#x975C;&#x614B;&#x9663;&#x5217;&#x5728;&#x7DE8;&#x8B6F;&#x671F;&#x9593;&#x5C31;&#x78BA;&#x5B9A;&#x5927;&#x5C0F;&#x4E26;&#x5206;&#x914D;&#xFF0C;&#x4E0D;&#x53EF;&#x518D;&#x6539;&#x8B8A;&#xFF0C;&#x65B9;&#x4FBF;&#x6027;&#x8F03;&#x4F4E;&#xFF0C;&#x7136;&#x800C;&#x5176;&#x8A18;&#x61B6;&#x9AD4;&#x5728;&#x4F7F;&#x7528;&#x7D50;&#x675F;&#x5F8C;&#x6703;&#x81EA;&#x52D5;&#x91CB;&#x653E;&#xFF0C;&#x6548;&#x7387;&#x8F03;&#x9AD8;&lt;br /&gt;&#xD;
&#x52D5;&#x614B;&#x9663;&#x5217;:&#x5982;vector &#x662F;&#x5728;&#x57F7;&#x884C;&#x6642;&#x6839;&#x64DA;&#x9700;&#x8981;&#x7528;&#x5230;&#x7684;&#x7A7A;&#x9593;&#x5927;&#x5C0F;&#x4F86;&#x8ABF;&#x6574;&#xFF0C;&#x65B9;&#x4FBF;&#x6027;&#x9AD8;&#xFF0C;&#x4E14;&#x6709;&#x5F88;&#x591A;&#x9644;&#x52A0;&#x529F;&#x80FD;&#x80FD;&#x53EF;&#x76F4;&#x63A5;&#x5957;&#x7528;&#xFF0C;&#x4F46;&#x5EFA;&#x7ACB;&#x8F03;&#x9EBB;&#x7169;&#xFF0C;&#x4E14;&#x4F7F;&#x7528;&#x7D50;&#x675F;&#x5F8C;&#x8A18;&#x61B6;&#x9AD4;&#x4E0D;&#x6703;&#x81EA;&#x52D5;&#x91CB;&#x653E;&#xFF0C;&#x6548;&#x7387;&#x8F03;&#x6162;&lt;/p&gt;</content>
  <attach></attach>
  <rcount></rcount>
  <rank></rank>
  <hit>39</hit>
  <lang>1</lang>
</data>
