<?xml version="1.0"?>
<data version="3.0" time="2024-06-30 09:15:30" type="post" filename="b000000007.xml">
  <open_time>0000-00-00</open_time>
  <close_time>0000-00-00</close_time>
  <lang_name>Big5</lang_name>
  <board_id>1001162647</board_id>
  <node>000000007</node>
  <site>1000110001</site>
  <pt>2022-09-25 16:42:58</pt>
  <poster>11027109</poster>
  <realname>&#x5433;&#x6600;&#x851A;  </realname>
  <email>wing222430@gmail.com</email>
  <homepage> </homepage>
  <subject>109. &#x5982;&#x4F55;&#x5E6B;&#x9663;&#x5217;&#x5143;&#x7D20;&#x8A2D;&#x5B9A;&#x975E;&#x96F6;&#x7684;&#x521D;&#x59CB;&#x503C;&#xFF1F;&#x9808;&#x5BEB;&#x51FA;C++&#x7A0B;&#x5F0F;&#x78BC;&#x3002; </subject>
  <content>&lt;p&gt;# include &amp;lt;vector&amp;gt;&lt;/p&gt;&#xD;
&#xD;
&lt;p&gt;using namespace std ;&lt;/p&gt;&#xD;
&#xD;
&lt;p&gt;int main() {&lt;/p&gt;&#xD;
&#xD;
&lt;p&gt;&amp;nbsp; vector&amp;lt;int&amp;gt; my_list ;&lt;/p&gt;&#xD;
&#xD;
&lt;p&gt;&amp;nbsp; for ( int i = 1; i &amp;lt;= 10 ; i++ ) my_list.push_back(i) ;&lt;/p&gt;&#xD;
&#xD;
&lt;p&gt;&amp;nbsp; // 10&#x53EF;&#x63DB;&#x6210;&#x5176;&#x4ED6;&#x6578;&lt;/p&gt;&#xD;
&#xD;
&lt;p&gt;} // main()&lt;/p&gt;</content>
  <attach></attach>
  <rcount></rcount>
  <rank></rank>
  <hit>44</hit>
  <lang>1</lang>
</data>
