<?xml version="1.0"?>
<data version="3.0" time="2024-06-30 09:15:30" type="post" filename="b000000009000000001.xml">
  <open_time>0000-00-00</open_time>
  <close_time>0000-00-00</close_time>
  <lang_name>Big5</lang_name>
  <board_id>1001162647</board_id>
  <node>000000009000000001</node>
  <site>1000110001</site>
  <pt>2022-09-30 18:03:13</pt>
  <poster>11077029</poster>
  <realname>&#x9673;&#x4FCA;&#x5B87;  </realname>
  <email>jameschunyu@gmail.com</email>
  <homepage>  </homepage>
  <subject>Re: 107. &#x4F5C;&#x696D;&#x4E8C;&#x63A1;&#x7528;&#x4EC0;&#x9EBC;&#x8CC7;&#x6599;&#x7D50;&#x69CB;&#x5132;&#x5B58;&#x8B80;&#x5165;&#x8CC7;&#x6599;&#xFF0C;&#x9808;&#x8AAA;&#x660E;&#x539F;&#x56E0;&#x3002;*  </subject>
  <content>&lt;p&gt;&#x5F8C;&#x9762;&#x4F3C;&#x4E4E;&#x6C92;&#x6709;&#x770B;&#x5230;&#x539F;&#x56E0;&#xFF0C;&#x800C;&#x662F;&#x89E3;&#x91CB;&#x4F47;&#x5217;&lt;/p&gt; </content>
  <attach></attach>
  <rcount></rcount>
  <rank></rank>
  <hit>2</hit>
  <lang>1</lang>
</data>
