<?xml version="1.0"?>
<data version="3.0" time="2024-06-30 09:15:30" type="post" filename="b000000027.xml">
  <open_time>0000-00-00</open_time>
  <close_time>0000-00-00</close_time>
  <lang_name>Big5</lang_name>
  <board_id>1001162647</board_id>
  <node>000000027</node>
  <site>1000110001</site>
  <pt>2022-10-03 23:33:25</pt>
  <poster>11027127</poster>
  <realname>&#x6797;&#x696D;&#x660C;  </realname>
  <email>tntcookiee@gmail.com</email>
  <homepage>  </homepage>
  <subject>110. &#x4F5C;&#x696D;&#x4E8C;&#x975C;&#x614B;&#x9663;&#x5217;&#x548C;&#x52D5;&#x614B;&#x9663;&#x5217;&#x6709;&#x4F55;&#x5DEE;&#x7570;&#xFF1F;&#x6307;&#x51FA;&#x5176;&#x512A;&#x7F3A;&#x9EDE;&#x3002;* </subject>
  <content>&lt;p&gt;&#x975C;&#x614B;&#x9663;&#x5217;&#xFF1A;&#x5728;&#x4E00;&#x958B;&#x59CB;&#x5C31;&#x6C7A;&#x5B9A;&#x4E86;&#x5B83;&#x7684;&#x7A7A;&#x9593; &#xFF1B;&#x76F8;&#x8F03;&#x52D5;&#x614B;&#x9663;&#x5217;&#x6C92;&#x6709;&#x8A18;&#x61B6;&#x9AD4;&#x8017;&#x76E1;&#x7684;&#x56F0;&#x64FE;&#xFF0C;&#x4E14;&#x6613;&#x64CD;&#x4F5C;&#x6613;&#x66F4;&#x65B0;&#x3002;&lt;br /&gt;&#xD;
&#x52D5;&#x614B;&#x9663;&#x5217;&#xFF1A;&#x53EF;&#x4EE5;&#x96A8;&#x4F7F;&#x7528;&#x8005;&#x9700;&#x8981;&#x8ABF;&#x6574;&#x5927;&#x5C0F;&#xFF1B;&#x4F46;&#x82E5;&#x662F;&#x6C92;&#x6709;&#x91CB;&#x653E;&#x8A18;&#x61B6;&#x9AD4;&#xFF0C;&#x5C31;&#x5BB9;&#x6613;&#x6D6A;&#x8CBB;&#x8A18;&#x61B6;&#x9AD4;&#x4F7F;&#x5F97;&#x8A18;&#x61B6;&#x9AD4;&#x8017;&#x76E1;&#x3002;&lt;/p&gt; </content>
  <attach></attach>
  <rcount></rcount>
  <rank></rank>
  <hit>29</hit>
  <lang>1</lang>
</data>
