<?xml version="1.0"?>
<data version="3.0" time="2024-06-30 09:15:30" type="post" filename="b000000010000000002.xml">
  <open_time>0000-00-00</open_time>
  <close_time>0000-00-00</close_time>
  <lang_name>Big5</lang_name>
  <board_id>1001162647</board_id>
  <node>000000010000000002</node>
  <site>1000110001</site>
  <pt>2022-09-26 23:06:26</pt>
  <poster>11027129</poster>
  <realname>&#x5289;&#x5B97;&#x5D34;  </realname>
  <email>wilson41587@gmail.com</email>
  <homepage>  </homepage>
  <subject>Re: 109. &#x5982;&#x4F55;&#x5E6B;&#x9663;&#x5217;&#x5143;&#x7D20;&#x8A2D;&#x5B9A;&#x975E;&#x96F6;&#x7684;&#x521D;&#x59CB;&#x503C;&#xFF1F;&#x9808;&#x5BEB;&#x51FA;C++&#x7A0B;&#x5F0F;&#x78BC;&#x3002;  </subject>
  <content>&lt;p&gt;&#x9BAE;&lt;/p&gt;&#xD;
&#xD;
&lt;p&gt;&lt;img alt="&#x1F990;" src="https://static.xx.fbcdn.net/images/emoji.php/v9/t3b/1.5/32/1f990.png" style="height:32px; width:32px" /&gt;&lt;/p&gt;&#xD;
&#xD;
&lt;p&gt;&#x633A;&lt;/p&gt; </content>
  <attach></attach>
  <rcount></rcount>
  <rank></rank>
  <hit>1</hit>
  <lang>1</lang>
</data>
