<?xml version="1.0"?>
<data version="3.0" time="2024-06-30 09:15:30" type="post" filename="b000000021000000001.xml">
  <open_time>0000-00-00</open_time>
  <close_time>0000-00-00</close_time>
  <lang_name>Big5</lang_name>
  <board_id>1001162647</board_id>
  <node>000000021000000001</node>
  <site>1000110001</site>
  <pt>2022-10-02 01:25:19</pt>
  <poster>11027144</poster>
  <realname>&#x9673;&#x4F73;&#x97F3;  </realname>
  <email>crechessiissii@gmail.com</email>
  <homepage>  </homepage>
  <subject>Re: 106. &#x905E;&#x8FF4;&#x547C;&#x53EB;&#x70BA;&#x4F55;&#x6703;&#x9020;&#x6210;&#x8A18;&#x61B6;&#x9AD4;&#x5340;&#x6BB5;&#x932F;&#x8AA4;&#xFF1F;  </subject>
  <content>&lt;p&gt;&#x6DFA;&#x986F;&#x6613;&#x61C2;&#xFF01;&#x8B9A;&#xFF01;&#xFF01;&lt;/p&gt; </content>
  <attach></attach>
  <rcount></rcount>
  <rank></rank>
  <hit>1</hit>
  <lang>1</lang>
</data>
