<?xml version="1.0"?>
<data version="3.0" time="2024-06-30 09:15:30" type="post" filename="b000000002000000001.xml">
  <open_time>0000-00-00</open_time>
  <close_time>0000-00-00</close_time>
  <lang_name>Big5</lang_name>
  <board_id>1001162647</board_id>
  <node>000000002000000001</node>
  <site>1000110001</site>
  <pt>2022-09-25 00:57:18</pt>
  <poster>11027112</poster>
  <realname>&#x9673;&#x9038;&#x99FF;  </realname>
  <email>zxc548193c@gmail.com</email>
  <homepage>  </homepage>
  <subject>Re: 109. &#x5982;&#x4F55;&#x5E6B;&#x9663;&#x5217;&#x5143;&#x7D20;&#x8A2D;&#x5B9A;&#x975E;&#x96F6;&#x7684;&#x521D;&#x59CB;&#x503C;&#xFF1F;&#x9808;&#x5BEB;&#x51FA;C++&#x7A0B;&#x5F0F;&#x78BC;&#x3002;  </subject>
  <content>&lt;p&gt;&#x975E;&#x5E38;&#x597D;&#x7406;&#x89E3;&#xFF01;&#x4E0D;&#x6127;&#x662F;&#x8A31;&#x66F8;&#x7DAD;&#xFF01;&#x8B1B;&#x7684;&#x5C31;&#x662F;&#x6B63;&#x89E3;&lt;/p&gt; </content>
  <attach></attach>
  <rcount></rcount>
  <rank></rank>
  <hit>1</hit>
  <lang>1</lang>
</data>
