<?xml version="1.0"?>
<data version="3.0" time="2024-06-30 09:15:30" type="post" filename="b000000002.xml">
  <open_time>0000-00-00</open_time>
  <close_time>0000-00-00</close_time>
  <lang_name>Big5</lang_name>
  <board_id>1001162647</board_id>
  <node>000000002</node>
  <site>1000110001</site>
  <pt>2022-09-21 00:22:23</pt>
  <poster>11027139</poster>
  <realname>&#x8A31;&#x66F8;&#x7DAD;  </realname>
  <email>xushuwei1122@gmail.com</email>
  <homepage>  </homepage>
  <subject>109. &#x5982;&#x4F55;&#x5E6B;&#x9663;&#x5217;&#x5143;&#x7D20;&#x8A2D;&#x5B9A;&#x975E;&#x96F6;&#x7684;&#x521D;&#x59CB;&#x503C;&#xFF1F;&#x9808;&#x5BEB;&#x51FA;C++&#x7A0B;&#x5F0F;&#x78BC;&#x3002; </subject>
  <content>&lt;p&gt;&#x9663;&#x5217;&#x503C;&#x662F;&#x4E00;&#x7CFB;&#x5217;&#x8CC7;&#x6599;&#x578B;&#x5225;&#x76F8;&#x540C;&#x4E14;&#x4EE5;&#x9017;&#x865F;&#x5206;&#x9694;&#x7684;&#x4E32;&#x5217;&#x503C;&#x3002;&#x7B2C;&#x4E00;&#x500B;&#x503C;&#x5C07;&#x6703;&#x88AB;&#x653E;&#x7F6E;&#x65BC;&#x9663;&#x5217;&#x7684;&#x7B2C;&#x4E00;&#x500B;&#x4F4D;&#x5740;&#xFF0C;&#x7B2C;&#x4E8C;&#x500B;&#x653E;&#x7F6E;&#x65BC;&#x9663;&#x5217;&#x7684;&#x7B2C;&#x4E8C;&#x500B;&#x4F4D;&#x5740;&#xFF0C;&#x4F9D;&#x6B64;&#x985E;&#x63A8;&#x3002;&#x5982;&#x679C;&#x6709;10&#x500B;&#x5143;&#x7D20;&#x7684;&#x9663;&#x5217;&#x521D;&#x59CB;&#x503C;&#x53EF;&#x4EE5;&#x53C3;&#x7167;&#x5982;&#x4E0B;&#x5BEB;&#x6CD5;&#xFF1A;&lt;/p&gt;&#xD;
&#xD;
&lt;p&gt;int x[10] = {1, 2, 3, 4, 5, 6, 7, 8, 9, 10};&lt;/p&gt; </content>
  <attach></attach>
  <rcount></rcount>
  <rank></rank>
  <hit>78</hit>
  <lang>1</lang>
</data>
