<?xml version="1.0"?>
<data version="3.0" time="2024-06-30 09:15:30" type="post" filename="b000000025.xml">
  <open_time>0000-00-00</open_time>
  <close_time>0000-00-00</close_time>
  <lang_name>Big5</lang_name>
  <board_id>1001162647</board_id>
  <node>000000025</node>
  <site>1000110001</site>
  <pt>2022-10-03 00:40:26</pt>
  <poster>10923137</poster>
  <realname>&#x984F;&#x7965;&#x76CA;  </realname>
  <email>n20111224@yahoo.com.tw</email>
  <homepage>  </homepage>
  <subject>106. &#x905E;&#x8FF4;&#x547C;&#x53EB;&#x70BA;&#x4F55;&#x6703;&#x9020;&#x6210;&#x8A18;&#x61B6;&#x9AD4;&#x5340;&#x6BB5;&#x932F;&#x8AA4;&#xFF1F; </subject>
  <content>&lt;p&gt;&#x6211;&#x60F3;&#x61C9;&#x8A72;&#x662F;&#x56E0;&#x70BA;&#x905E;&#x8FF4;&#x7684;base case&#x6C92;&#x5BEB;&#x597D;&#x4EE5;&#x81F3;&#x65BC;&#x9032;&#x5165;&#x6C38;&#x7121;&#x6B62;&#x76E1;&#x7684;&#x905E;&#x8FF4;&#x800C;&#x9020;&#x6210;&#x5806;&#x758A;(stack)&#x6EA2;&#x4F4D;&#x3002;&lt;/p&gt; </content>
  <attach></attach>
  <rcount></rcount>
  <rank></rank>
  <hit>14</hit>
  <lang>1</lang>
</data>
