<?xml version="1.0"?>
<data version="3.0" time="2024-06-30 09:15:30" type="post" filename="b000000004000000001.xml">
  <open_time>0000-00-00</open_time>
  <close_time>0000-00-00</close_time>
  <lang_name>Big5</lang_name>
  <board_id>1001162647</board_id>
  <node>000000004000000001</node>
  <site>1000110001</site>
  <pt>2022-09-23 12:29:05</pt>
  <poster>11813</poster>
  <realname>&#x5433;&#x5B9C;&#x9D3B;  </realname>
  <email>yhwu@cycu.edu.tw</email>
  <homepage>https://www.researchgate.net/profile/Yi-Hung-Wu-2  </homepage>
  <subject>Re: 107. &#x4F5C;&#x696D;&#x4E8C;&#x63A1;&#x7528;&#x4EC0;&#x9EBC;&#x8CC7;&#x6599;&#x7D50;&#x69CB;&#x5132;&#x5B58;&#x8B80;&#x5165;&#x8CC7;&#x6599;&#xFF0C;&#x9808;&#x8AAA;&#x660E;&#x539F;&#x56E0;&#x3002;*  </subject>
  <content>&lt;p&gt;&lt;span style="color:#ff0000"&gt;linked list&#x4E0D;&#x9069;&#x5408;&#x7A31;&#x70BA;&#x9663;&#x5217;&#xFF0C;&#x9663;&#x5217;&#x901A;&#x5E38;&#x662F;&#x6307;&#x9023;&#x7E8C;&#x7684;&#x4E00;&#x584A;&#x8A18;&#x61B6;&#x9AD4;&#x7A7A;&#x9593;&#xFF0C;&#x56E0;&#x6B64;&#x53EF;&#x4EE5;&#x76F4;&#x63A5;&#x5B58;&#x53D6;&#x55AE;&#x4E00;&#x5143;&#x7D20;&#xFF0C;&#xFF0C;&#x800C;&#x93C8;&#x7D50;&#x4E32;&#x5217;&#x6B63;&#x597D;&#x5728;&#x5C0D;&#x7ACB;&#x9762;&#x3002;&lt;/span&gt;&lt;/p&gt; </content>
  <attach></attach>
  <rcount></rcount>
  <rank></rank>
  <hit>1</hit>
  <lang>1</lang>
</data>
