<?xml version="1.0"?>
<data version="3.0" time="2024-06-30 09:15:30" type="post" filename="b000000020.xml">
  <open_time>0000-00-00</open_time>
  <close_time>0000-00-00</close_time>
  <lang_name>Big5</lang_name>
  <board_id>1001162647</board_id>
  <node>000000020</node>
  <site>1000110001</site>
  <pt>2022-10-01 17:47:24</pt>
  <poster>11027144</poster>
  <realname>&#x9673;&#x4F73;&#x97F3;  </realname>
  <email>crechessiissii@gmail.com</email>
  <homepage>  </homepage>
  <subject>106. &#x905E;&#x8FF4;&#x547C;&#x53EB;&#x70BA;&#x4F55;&#x6703;&#x9020;&#x6210;&#x8A18;&#x61B6;&#x9AD4;&#x5340;&#x6BB5;&#x932F;&#x8AA4;&#xFF1F; </subject>
  <content>&lt;p&gt;&#x5C0D;&#x6BCF;&#x500B;&#x7A0B;&#x5F0F;&#x4F86;&#x8AAA;&#xFF0C;stack&#x80FD;&#x4F7F;&#x7528;&#x7684;&#x7A7A;&#x9593;&#x662F;&#x6709;&#x9650;&#x7684;&#xFF0C;&#x9019;&#x6642;&#x5982;&#x679C;&#x7A0B;&#x5F0F;&#x4F7F;&#x7528;&#x8D85;&#x51FA;&#x6700;&#x5927;&#x503C;&#xFF0C;&#x5C31;&#x6703;&#x767C;&#x751F;Stack Overflow&#x3002;&lt;br /&gt;&#xD;
&#x7531;&#x65BC;&#x905E;&#x6B78;&#x547C;&#x53EB;&#x5728;&#x5230;&#x9054;&#x7D42;&#x6B62;&#x689D;&#x4EF6;&#x5F8C;&#x624D;&#x80FD;&#x4F9D;&#x6B21;&#x8FD4;&#x56DE;&#x91CB;&#x653E;&#xFF0C;&#x5982;&#x679C;&#x905E;&#x6B78;&#x5C64;&#x6578;&#x904E;&#x591A;&#xFF0C;&#x5C31;&#x53EF;&#x80FD;&#x5C0E;&#x81F4;&#x4F54;&#x7528;&#x8D85;&#x904E;&#x6700;&#x5927;&#x503C;&#xFF0C;&#x5F9E;&#x800C;&#x9020;&#x6210;&#x8A18;&#x61B6;&#x9AD4;&#x5340;&#x6BB5;&#x932F;&#x8AA4;&#x3002;&lt;/p&gt; </content>
  <attach></attach>
  <rcount></rcount>
  <rank></rank>
  <hit>45</hit>
  <lang>1</lang>
</data>
