<?xml version="1.0"?>
<data version="3.0" time="2024-06-30 09:15:30" type="post" filename="b000000003.xml">
  <open_time>0000-00-00</open_time>
  <close_time>0000-00-00</close_time>
  <lang_name>Big5</lang_name>
  <board_id>1001162647</board_id>
  <node>000000003</node>
  <site>1000110001</site>
  <pt>2022-09-21 11:51:38</pt>
  <poster>11027126</poster>
  <realname>&#x937E;&#x6631;&#x8CE2;  </realname>
  <email>lucas920421@gmail.com</email>
  <homepage>  </homepage>
  <subject>110. &#x4F5C;&#x696D;&#x4E8C;&#x975C;&#x614B;&#x9663;&#x5217;&#x548C;&#x52D5;&#x614B;&#x9663;&#x5217;&#x6709;&#x4F55;&#x5DEE;&#x7570;&#xFF1F;&#x6307;&#x51FA;&#x5176;&#x512A;&#x7F3A;&#x9EDE;&#x3002; </subject>
  <content>&lt;p&gt;&#x975C;&#x614B;&#x9663;&#x5217;(&#x5982;array)&#x6709;&#x8F03;&#x9AD8;&#x7684;&#x6642;&#x9593;&#x4F7F;&#x7528;&#x6548;&#x7387;&#xFF0C;&#x4F46;&#x5728;&#x7A7A;&#x9593;&#x4F7F;&#x7528;&#x4E0A;&#x4E0D;&#x9748;&#x6D3B;&#xFF0C;&#x82E5;&#x662F;&#x5143;&#x7D20;&#x6578;&#x91CF;&#x5927;&#x65BC;&#x539F;&#x7D66;&#x5B9A;&#x7684;&#x7A7A;&#x9593;&#xFF0C;&#x9700;&#x8981;&#x53E6;&#x5916;&#x5EFA;&#x7ACB;&#x4E00;&#x65B0;&#x9663;&#x5217;&#x5B58;&#x653E;&#xFF1B;&#x82E5;&#x662F;&#x5143;&#x7D20;&#x6578;&#x91CF;&#x5C0F;&#x65BC;&#x65BC;&#x539F;&#x7D66;&#x5B9A;&#x7684;&#x7A7A;&#x9593;&#xFF0C;&#x5247;&#x6703;&#x9020;&#x6210;&#x7A7A;&#x9593;&#x7684;&#x6D6A;&#x8CBB;&#x3002;&lt;/p&gt;&#xD;
&#xD;
&lt;p&gt;&#x52D5;&#x614B;&#x9663;&#x5217;(&#x5982;vector)&#x53EF;&#x4EE5;&#x6709;&#x5F88;&#x9AD8;&#x7684;&#x7A7A;&#x9593;&#x4F7F;&#x7528;&#x6548;&#x7387;&#xFF0C;&#x4F46;&#x6BCF;&#x57F7;&#x884C;&#x4E00;&#x6B21;&#x52D5;&#x614B;&#x8A18;&#x61B6;&#x9AD4;&#x5206;&#x914D;&#x7684;&#x6307;&#x4EE4;&#x53EF;&#x80FD;&#x9700;&#x8981;&#x57F7;&#x884C;&#x6578;&#x5341;&#x689D;&#x751A;&#x81F3;&#x6709;&#x6642;&#x6578;&#x767E;&#x689D;&#x6307;&#x4EE4;&#xFF0C;&#x6642;&#x9593;&#x76F8;&#x5C0D;&#x65BC;&#x975C;&#x614B;&#x9663;&#x5217;&#x8981;&#x6162;&#x5F97;&#x591A;&#xFF0C;&#x4E14;&#x5728;&#x5206;&#x914D;&#x6642;&#x4E5F;&#x6709;&#x53EF;&#x80FD;&#x51FA;&#x73FE;&#x554F;&#x984C;&#xFF0C;&#x5982;&#x53EF;&#x80FD;&#x5C0E;&#x81F4;&#x8A18;&#x61B6;&#x9AD4;&#x6CC4;&#x6F0F;&#x3001;&#x6578;&#x64DA;&#x4E0D;&#x4E00;&#x81F4;&#x3001;&#x8A18;&#x61B6;&#x9AD4;&#x8017;&#x76E1;&#x4EE5;&#x53CA;&#x975E;&#x78BA;&#x5B9A;&#x6027;&#x7684;&#x884C;&#x70BA;(&#x5982;C++&#x4E2D;&#x7684; delete)&#x3002;&lt;/p&gt; </content>
  <attach></attach>
  <rcount></rcount>
  <rank></rank>
  <hit>78</hit>
  <lang>1</lang>
</data>
