<?xml version="1.0"?>
<data version="3.0" time="2024-06-30 09:15:30" type="post" filename="b000000008.xml">
  <open_time>0000-00-00</open_time>
  <close_time>0000-00-00</close_time>
  <lang_name>Big5</lang_name>
  <board_id>1001162647</board_id>
  <node>000000008</node>
  <site>1000110001</site>
  <pt>2022-09-26 00:35:48</pt>
  <poster>11027113</poster>
  <realname>&#x5442;&#x5B63;&#x8ED2;  </realname>
  <email>samlu0509@gmail.com</email>
  <homepage>  </homepage>
  <subject>106. &#x905E;&#x8FF4;&#x547C;&#x53EB;&#x70BA;&#x4F55;&#x6703;&#x9020;&#x6210;&#x8A18;&#x61B6;&#x9AD4;&#x5340;&#x6BB5;&#x932F;&#x8AA4;&#xFF1F; </subject>
  <content>&lt;p&gt;&#x5982;&#x679C;&#x7D42;&#x6B62;&#x689D;&#x4EF6;&#x6C92;&#x6709;&#x5BEB;&#x597D;&#xFF0C;&#x53EF;&#x80FD;&#x6703;&#x9020;&#x6210;&#x7121;&#x9650;&#x905E;&#x8FF4;&#xFF0C;&#x9032;&#x800C;&#x9020;&#x6210;&#x8A18;&#x61B6;&#x9AD4;&#x5340;&#x6BB5;&#x932F;&#x8AA4;&#xFF0C;&#x56E0;&#x70BA;&#x6BCF;&#x6B21;&#x547C;&#x53EB;&#x905E;&#x8FF4;&#xFF0C;&#x90FD;&#x9700;&#x8981;&#x984D;&#x5916;&#x7684;&#x8A18;&#x61B6;&#x9AD4;&#x53BB;&#x7D00;&#x9304;&#x6BCF;&#x500B;&#x905E;&#x8FF4;&#x547C;&#x53EB;&#x7684;&#x72C0;&#x614B;&#xFF0C;&#x5982;&#x679C;&#x547C;&#x53EB;&#x904E;&#x591A;&#x7684;&#x905E;&#x8FF4;&#xFF0C;&#x8A18;&#x61B6;&#x9AD4;&#x5C31;&#x6703;&#x88AB;&#x585E;&#x7206;&#xFF0C;&#x6700;&#x5F8C;&#x5C0E;&#x81F4;&#x4F54;&#x7528;&#x5230;&#x5176;&#x4ED6;&#x7684;&#x8A18;&#x61B6;&#x9AD4;&#x3002;&#x9664;&#x6B64;&#x4E4B;&#x5916;&#xFF0C;&#x5728;&#x905E;&#x8FF4;&#x904E;&#x7A0B;&#x4E2D;&#xFF0C;&#x8A2A;&#x554F;&#x5230;&#x7A0B;&#x5F0F;&#x5730;&#x5740;&#x5916;&#x7684;&#x7A7A;&#x9593;&#x3001;&#x8D8A;&#x754C;&#x5B58;&#x53D6;&#x7B49;&#x7B49;&#xFF0C;&#x90FD;&#x6703;&#x9020;&#x6210;&#x8A18;&#x61B6;&#x9AD4;&#x5340;&#x6BB5;&#x932F;&#x8AA4;&#x3002;&lt;/p&gt; </content>
  <attach></attach>
  <rcount></rcount>
  <rank></rank>
  <hit>125</hit>
  <lang>1</lang>
</data>
