<?xml version="1.0"?>
<data version="3.0" time="2024-06-30 09:15:30" type="post" filename="b000000021.xml">
  <open_time>0000-00-00</open_time>
  <close_time>0000-00-00</close_time>
  <lang_name>Big5</lang_name>
  <board_id>1001162647</board_id>
  <node>000000021</node>
  <site>1000110001</site>
  <pt>2022-10-01 21:54:00</pt>
  <poster>11027156</poster>
  <realname>&#x6797;&#x82B7;&#x5B89;  </realname>
  <email>annann9277@gmail.com</email>
  <homepage>  </homepage>
  <subject>106. &#x905E;&#x8FF4;&#x547C;&#x53EB;&#x70BA;&#x4F55;&#x6703;&#x9020;&#x6210;&#x8A18;&#x61B6;&#x9AD4;&#x5340;&#x6BB5;&#x932F;&#x8AA4;&#xFF1F; </subject>
  <content>&lt;p&gt;&lt;sub&gt;&lt;span style="font-family:&#x65B0;&#x7D30;&#x660E;&#x9AD4;,serif"&gt;&#x905E;&#x8FF4;&#x6703;&#x9020;&#x6210;&#x8A18;&#x61B6;&#x9AD4;&#x5340;&#x6BB5;&#x932F;&#x8AA4;&#x7684;&#x539F;&#x56E0;&#x901A;&#x5E38;&#x662F;&#x56E0;&#x70BA;&#x5176;&#x5C64;&#x6578;&#x904E;&#x591A;&#x3001;&#x6C92;&#x6709;&#x8A2D;&#x597D;&#x7D42;&#x6B62;&#x689D;&#x4EF6;&#x6216;&#x63A5;&#x6536;&#x8CC7;&#x6599;&#x592A;&#x904E;&#x9F90;&#x5927;&#xFF0C;&#x6240;&#x5806;&#x758A;&#x7684;&#x6771;&#x897F;&#x8D85;&#x904E;&#x8A18;&#x61B6;&#x9AD4;&#x5927;&#x5C0F;&#xFF0C;&#x5C31;&#x9020;&#x6210;&lt;/span&gt;stack overflow&lt;/sub&gt;&lt;sub&gt;&lt;span style="font-family:&#x65B0;&#x7D30;&#x660E;&#x9AD4;,serif"&gt;&#x4E86;&#x3002;&lt;/span&gt;&lt;/sub&gt;&lt;/p&gt; </content>
  <attach></attach>
  <rcount></rcount>
  <rank></rank>
  <hit>36</hit>
  <lang>1</lang>
</data>
