<?xml version="1.0"?>
<data version="3.0" time="2024-06-30 09:12:11" type="post" filename="b000000003.xml">
  <open_time>0000-00-00</open_time>
  <close_time>0000-00-00</close_time>
  <lang_name>Big5</lang_name>
  <board_id>1001296421</board_id>
  <node>000000003</node>
  <site>1000110001</site>
  <pt>2023-10-15 15:35:16</pt>
  <poster>11127116</poster>
  <realname>&#x66FE;&#x8A6E;&#x6DF3;  </realname>
  <email>kevin47338647@gmail.com</email>
  <homepage>  </homepage>
  <subject>121 </subject>
  <content>&lt;p&gt;&#x8209;&#x4F8B;&#x8AAA;&#x660E;&#x4F7F;&#x7528;&#x74B0;&#x72C0;&#x93C8;&#x7D50;&#x4E32;&#x5217;Circularly linked list&#x7684;&#x60C5;&#x5883;&#x3002;&lt;/p&gt;&#xD;
&#xD;
&lt;p&gt;&lt;strong&gt;&#x97F3;&#x6A02;&#x64AD;&#x653E;&#x5668;&#x7684;&#x5FAA;&#x74B0;&#x64AD;&#x653E;&#x6A21;&#x5F0F;&lt;/strong&gt;: &#x7576;&#x4F60;&#x6709;&#x4E00;&#x500B;&#x64AD;&#x653E;&#x5217;&#x8868;&#xFF0C;&#x5E0C;&#x671B;&#x97F3;&#x6A02;&#x53EF;&#x4EE5;&#x5FAA;&#x74B0;&#x64AD;&#x653E;&#xFF0C;&#x7576;&#x64AD;&#x653E;&#x5230;&#x6700;&#x5F8C;&#x4E00;&#x9996;&#x6B4C;&#x66F2;&#x6642;&#xFF0C;&#x53EF;&#x4EE5;&#x81EA;&#x52D5;&#x56DE;&#x5230;&#x7B2C;&#x4E00;&#x9996;&#x6B4C;&#x66F2;&#x7E7C;&#x7E8C;&#x64AD;&#x653E;&#x3002;&#x9019;&#x6642;&#xFF0C;&#x74B0;&#x72C0;&#x93C8;&#x7D50;&#x4E32;&#x5217;&#x53EF;&#x4EE5;&#x5E6B;&#x52A9;&#x4F60;&#x8F15;&#x6613;&#x5730;&#x9054;&#x5230;&#x6B64;&#x76EE;&#x7684;&#x3002;&lt;/p&gt;&#xD;
&#xD;
&lt;p&gt;&lt;strong&gt;&#x8A08;&#x6642;&#x5668;&#x6216;&#x6642;&#x9418;&#x7684;&#x5BE6;&#x4F5C;&lt;/strong&gt;: &#x4E00;&#x500B;&#x6578;&#x5B57;&#x6642;&#x9418;&#x986F;&#x793A; 0 &#x5230; 59 &#x5206;&#x9418;&#x3002;&#x7576;&#x5206;&#x9418;&#x5F9E;59&#x589E;&#x52A0;&#x5230;60&#x6642;&#xFF0C;&#x5B83;&#x5C07;&#x8FD4;&#x56DE;&#x5230;0&#x3002;&#x5728;&#x9019;&#x7A2E;&#x60C5;&#x6CC1;&#x4E0B;&#xFF0C;&#x74B0;&#x72C0;&#x93C8;&#x7D50;&#x4E32;&#x5217;&#x53EF;&#x4EE5;&#x7528;&#x65BC;&#x8868;&#x793A;&#x6BCF;&#x4E00;&#x5206;&#x9418;&#xFF0C;&#x7576;&#x5230;&#x9054;59&#x5F8C;&#xFF0C;&#x4E0B;&#x4E00;&#x500B;&#x662F;0&#x3002;&lt;/p&gt;&#xD;
&#xD;
&lt;p&gt;&lt;strong&gt;&#x96FB;&#x8166;&#x904A;&#x6232;&#x4E2D;&#x7684;&#x5FAA;&#x74B0;&#x5730;&#x5716;&lt;/strong&gt;: &#x5728;&#x67D0;&#x4E9B;&#x904A;&#x6232;&#x4E2D;&#xFF0C;&#x7576;&#x73A9;&#x5BB6;&#x79FB;&#x52D5;&#x5230;&#x5730;&#x5716;&#x7684;&#x4E00;&#x908A;&#x6642;&#xFF0C;&#x4ED6;&#x5011;&#x5C07;&#x51FA;&#x73FE;&#x5728;&#x53E6;&#x4E00;&#x908A;&#x3002;&#x9019;&#x7A2E;&#x5FAA;&#x74B0;&#x7684;&#x5730;&#x5716;&#x7D50;&#x69CB;&#x53EF;&#x4EE5;&#x7528;&#x74B0;&#x72C0;&#x93C8;&#x7D50;&#x4E32;&#x5217;&#x4F86;&#x8868;&#x793A;&#x3002;&lt;/p&gt;&#xD;
&#xD;
&lt;p&gt;&#x9019;&#x4E9B;&#x60C5;&#x5883;&#x90FD;&#x53EF;&#x4EE5;&#x4F7F;&#x7528;&#x74B0;&#x72C0;&#x93C8;&#x7D50;&#x4E32;&#x5217;&#x4F86;&#x6A21;&#x64EC;&#x6216;&#x5BE6;&#x73FE;&#xFF0C;&#x56E0;&#x70BA;&#x5B83;&#x5011;&#x90FD;&#x9700;&#x8981;&#x5728;&#x5230;&#x9054;&#x672B;&#x5C3E;&#x6642;&#x8FD4;&#x56DE;&#x5230;&#x958B;&#x59CB;&#xFF0C;&#x5F62;&#x6210;&#x4E00;&#x500B;&#x5FAA;&#x74B0;&#x3002;&lt;/p&gt; </content>
  <attach></attach>
  <rcount></rcount>
  <rank></rank>
  <hit>36</hit>
  <lang>1</lang>
</data>
