<?xml version="1.0"?>
<data version="3.0" time="2024-06-30 09:17:28" type="post" filename="b000000005.xml">
  <open_time>0000-00-00</open_time>
  <close_time>0000-00-00</close_time>
  <lang_name>Big5</lang_name>
  <board_id>1001162657</board_id>
  <node>000000005</node>
  <site>1000110001</site>
  <pt>2022-12-27 17:25:20</pt>
  <poster>11027160</poster>
  <realname>&#x5289;&#x51A0;&#x6BC5;  </realname>
  <email>zxcy70532@gmail.com</email>
  <homepage>  </homepage>
  <subject>225. &#x5DF2;&#x6392;&#x5E8F;&#x8CC7;&#x6599;&#x5982;&#x4F55;&#x5EFA;&#x7ACB;&#x4E00;&#x68F5;&#x5E73;&#x8861;&#x7684;&#x4E8C;&#x5143;&#x641C;&#x5C0B;&#x6A39;&#xFF1F; </subject>
  <content>&lt;p&gt;&lt;img alt="" src="/user/1/1/11027160/images/unnamed1%281%29.png" style="height:2016px; width:1147px" /&gt;&lt;/p&gt;&#xD;
&#xD;
&lt;p&gt;&#x5047;&#x8A2D;&#x6709;&#x4E00;&#x6392;&#x5E8F;&#x8CC7;&#x6599;&#x5982;&#x5716;&#x4E00;&#x3002;&lt;/p&gt;&#xD;
&#xD;
&lt;p&gt;&#x7576;&#x6211;&#x5011;&#x53D6;32(&#xFF0C;&#x4E5F;&#x5C31;&#x662F;&#x6392;&#x5E8F;&#x8CC7;&#x6599;&#x7684;&#x4E2D;&#x5FC3;)&#x4F5C;&#x70BA;&#x7236;&#x7BC0;&#x9EDE;&#xFF08;&#x6839;&#x7BC0;&#x9EDE;&#xFF09;&#x6642;&#xFF0C;&#x80FD;&#x5206;&#x51FA;&#x5169;&#x5074;&#x3002;&lt;/p&gt;&#xD;
&#xD;
&lt;p&gt;&#x5982;&#x5716;&#x4E8C;&#x3002;&lt;/p&gt;&#xD;
&#xD;
&lt;p&gt;&lt;br /&gt;&#xD;
&#x4F46;&#x9019;&#x4E0D;&#x7B97;&#x4E00;&#x500B;&#x5B8C;&#x6574;&#x7684;&#x5E73;&#x8861;&#x6A39;&#xFF0C;&#x65BC;&#x662F;&#x61C9;&#x8A72;&#x8981;&#x5728;&#x5DE6;&#x5074;&#x8207;&#x53F3;&#x5074;&#x5404;&#x505A;&#x4E00;&#x904D;&#x9019;&#x6B65;&#x9A5F;&#xFF0C;&lt;br /&gt;&#xD;
&#x4E5F;&#x5C31;&#x662F;&#xFF1A;&#x53D6;&#x5DE6;&#x5074;&#x6392;&#x5E8F;&#x8CC7;&#x6599;&#x4E2D;&#x5FC3;&#x505A;&#x51FA;&#x5DE6;&#x5B50;&#x6A39;&#x63D2;&#x5165;&#x6839;&#x7BC0;&#x9EDE;&#x5DE6;&#x5B50;&#x7BC0;&#x9EDE;&#x3002;&lt;/p&gt;&#xD;
&#xD;
&lt;p&gt;&amp;nbsp; &amp;nbsp;&#x540C;&#x7406;&#xFF1A;&#x53D6;&#x53F3;&#x5074;&#x6392;&#x5E8F;&#x8CC7;&#x6599;&#x4E2D;&#x5FC3;&#x505A;&#x51FA;&#x53F3;&#x5B50;&#x6A39;&#x63D2;&#x5165;&#x6839;&#x7BC0;&#x9EDE;&#x53F3;&#x5B50;&#x7BC0;&#x9EDE;&#x3002;&lt;/p&gt;&#xD;
&#xD;
&lt;p&gt;&#x6700;&#x5F8C;&#x6703;&#x5F97;&#x5230;&#x5E73;&#x8861;&#x6A39;&#x5982;&#x5716;&#x4E09;&#x3002;&lt;br /&gt;&#xD;
&amp;nbsp;&lt;/p&gt;&#xD;
&#xD;
&lt;p&gt;&#x60F3;&#x6CD5;&#x4F86;&#x81EA;&#x9019;&#x500B;mergesort&#x5206;&#x5272;&#x8CC7;&#x6599;&#xFF1A;&#x7576;&#x6211;&#x5011;&#x5728;&#x5DF2;&#x6392;&#x5E8F;&#x8CC7;&#x6599;&#x4E2D;&#x6A19;&#x793A;&#x4E00;&#x500B;&#x4F4D;&#x5B50;&#xFF08;&#x6A19;&#x793A;&#x7236;&#x7BC0;&#x9EDE;&#xFF09;&#x53EF;&#x4EE5;&#x5206;&#x5272;&#x51FA;&#x5DE6;&#x5074;&#x8CC7;&#x6599;&#x8207;&#x53F3;&#x5074;&#x8CC7;&#x6599;&#xFF0C;&#x8207;&#x4E8C;&#x5143;&#x6A39;&#x5206;&#x5B50;&#x6A39;&#x7684;&#x6982;&#x5FF5;&#x5F88;&#x50CF;&#x3002;&lt;/p&gt;&#xD;
&#xD;
&lt;p&gt;&#x800C;&#x8CC7;&#x6599;&#x6578;&#x91CF;&#x591A;&#x6642;&#x53EF;&#x4EE5;&#x4F7F;&#x7528;&#x905E;&#x8FF4;&#x5206;&#x5272;&#x6392;&#x5E8F;&#x8CC7;&#x6599;&#x4F86;&#x91CD;&#x8907;&#x4E0A;&#x8FF0;&#x8AD6;&#x9EDE;&#x3002;&lt;/p&gt;&#xD;
&#xD;
&lt;p&gt;&#x53D6;&#x6CD5;&#x53EF;&#x4EE5;&#x50CF;&#x4E0B;&#x5716;&#x4E26;&#x905E;&#x8FF4;&#xFF1A;&lt;img alt="" src="/user/1/1/11027160/images/unnamed2.png" style="height:1676px; width:1257px" /&gt;&lt;/p&gt; </content>
  <attach></attach>
  <rcount></rcount>
  <rank></rank>
  <hit>10</hit>
  <lang>1</lang>
</data>
